customer_id,customer_segment,city,state,country
CUS000001,PREMIUM,Indore,Madhya Pradesh,India
CUS000002,PREMIUM,Lucknow,Uttar Pradesh,India
CUS000003,STANDARD,Kolkata,West Bengal,India
CUS000004,PREMIUM,Thiruvananthapuram,Kerala,India
CUS000005,STANDARD,Gurugram,Haryana,India
CUS000006,STANDARD,Bengaluru,Karnataka,India
CUS000007,PREMIUM,Bengaluru,Karnataka,India
CUS000008,STANDARD,Delhi,Delhi,India
CUS000009,PREMIUM,Gurugram,Haryana,India
CUS000010,PREMIUM,Bengaluru,Karnataka,India
CUS000011,PREMIUM,Mysuru,Karnataka,India
CUS000012,STANDARD,Chandigarh,Chandigarh,India
CUS000013,STANDARD,Coimbatore,Tamil Nadu,India
CUS000014,VIP,Lucknow,Uttar Pradesh,India
CUS000015,PREMIUM,Kochi,Kerala,India
CUS000016,PREMIUM,Jaipur,Rajasthan,India
CUS000017,PREMIUM,Noida,Uttar Pradesh,India
CUS000018,STANDARD,Nashik,Maharashtra,India
CUS000019,STANDARD,Mysuru,Karnataka,India
CUS000020,STANDARD,Madurai,Tamil Nadu,India
CUS000021,PREMIUM,Jaipur,Rajasthan,India
CUS000022,STANDARD,Chandigarh,Chandigarh,India
CUS000023,STANDARD,Visakhapatnam,Andhra Pradesh,India
CUS000024,VIP,Hyderabad,Telangana,India
CUS000025,STANDARD,Jaipur,Rajasthan,India
CUS000026,STANDARD,Mysuru,Karnataka,India
CUS000027,VIP,Jaipur,Rajasthan,India
CUS000028,PREMIUM,Noida,Uttar Pradesh,India
CUS000029,STANDARD,Chennai,Tamil Nadu,India
CUS000030,STANDARD,Madurai,Tamil Nadu,India
CUS000031,VIP,Mysuru,Karnataka,India
CUS000032,VIP,Bhopal,Madhya Pradesh,India
CUS000033,PREMIUM,Vijayawada,Andhra Pradesh,India
CUS000034,STANDARD,Chandigarh,Chandigarh,India
CUS000035,PREMIUM,Chennai,Tamil Nadu,India
CUS000036,PREMIUM,Bengaluru,Karnataka,India
CUS000037,STANDARD,Coimbatore,Tamil Nadu,India
CUS000038,STANDARD,Surat,Gujarat,India
CUS000039,PREMIUM,Surat,Gujarat,India
CUS000040,VIP,Gurugram,Haryana,India
CUS000041,PREMIUM,Bhubaneswar,Odisha,India
CUS000042,VIP,Mumbai,Maharashtra,India
CUS000043,VIP,Visakhapatnam,Andhra Pradesh,India
CUS000044,PREMIUM,Noida,Uttar Pradesh,India
CUS000045,STANDARD,Chandigarh,Chandigarh,India
CUS000046,STANDARD,Bhopal,Madhya Pradesh,India
CUS000047,PREMIUM,Chandigarh,Chandigarh,India
CUS000048,PREMIUM,Thiruvananthapuram,Kerala,India
CUS000049,VIP,Delhi,Delhi,India
CUS000050,STANDARD,Mysuru,Karnataka,India
CUS000051,VIP,Bengaluru,Karnataka,India
CUS000052,VIP,Delhi,Delhi,India
CUS000053,PREMIUM,Hyderabad,Telangana,India
CUS000054,PREMIUM,Nagpur,Maharashtra,India
CUS000055,PREMIUM,Jaipur,Rajasthan,India
CUS000056,PREMIUM,Surat,Gujarat,India
CUS000057,PREMIUM,Ahmedabad,Gujarat,India
CUS000058,PREMIUM,Bhopal,Madhya Pradesh,India
CUS000059,STANDARD,Ahmedabad,Gujarat,India
CUS000060,STANDARD,Chandigarh,Chandigarh,India
CUS000061,PREMIUM,Bhopal,Madhya Pradesh,India
CUS000062,VIP,Jaipur,Rajasthan,India
CUS000063,STANDARD,Nagpur,Maharashtra,India
CUS000064,STANDARD,Bhubaneswar,Odisha,India
CUS000065,VIP,Thiruvananthapuram,Kerala,India
CUS000066,STANDARD,Coimbatore,Tamil Nadu,India
CUS000067,PREMIUM,Kochi,Kerala,India
CUS000068,PREMIUM,Pune,Maharashtra,India
CUS000069,VIP,Kochi,Kerala,India
CUS000070,PREMIUM,Kochi,Kerala,India
CUS000071,STANDARD,Bhubaneswar,Odisha,India
CUS000072,PREMIUM,Chandigarh,Chandigarh,India
CUS000073,STANDARD,Nashik,Maharashtra,India
CUS000074,STANDARD,Nashik,Maharashtra,India
CUS000075,PREMIUM,Lucknow,Uttar Pradesh,India
CUS000076,PREMIUM,Indore,Madhya Pradesh,India
CUS000077,PREMIUM,Ahmedabad,Gujarat,India
CUS000078,PREMIUM,Bhopal,Madhya Pradesh,India
CUS000079,PREMIUM,Lucknow,Uttar Pradesh,India
CUS000080,PREMIUM,Coimbatore,Tamil Nadu,India
CUS000081,VIP,Visakhapatnam,Andhra Pradesh,India
CUS000082,VIP,Surat,Gujarat,India
CUS000083,STANDARD,Kolkata,West Bengal,India
CUS000084,STANDARD,Coimbatore,Tamil Nadu,India
CUS000085,STANDARD,Vijayawada,Andhra Pradesh,India
CUS000086,PREMIUM,Mysuru,Karnataka,India
CUS000087,STANDARD,Nagpur,Maharashtra,India
CUS000088,STANDARD,Indore,Madhya Pradesh,India
CUS000089,STANDARD,Coimbatore,Tamil Nadu,India
CUS000090,PREMIUM,Chennai,Tamil Nadu,India
CUS000091,STANDARD,Chandigarh,Chandigarh,India
CUS000092,PREMIUM,Kolkata,West Bengal,India
CUS000093,PREMIUM,Coimbatore,Tamil Nadu,India
CUS000094,PREMIUM,Nashik,Maharashtra,India
CUS000095,VIP,Indore,Madhya Pradesh,India
CUS000096,STANDARD,Visakhapatnam,Andhra Pradesh,India
CUS000097,STANDARD,Nagpur,Maharashtra,India
CUS000098,VIP,Pune,Maharashtra,India
CUS000099,STANDARD,Nashik,Maharashtra,India
CUS000100,VIP,Chennai,Tamil Nadu,India
CUS000101,VIP,Nashik,Maharashtra,India
CUS000102,STANDARD,Chandigarh,Chandigarh,India
CUS000103,STANDARD,Indore,Madhya Pradesh,India
CUS000104,STANDARD,Kolkata,West Bengal,India
CUS000105,STANDARD,Ahmedabad,Gujarat,India
CUS000106,PREMIUM,Chennai,Tamil Nadu,India
CUS000107,PREMIUM,Hyderabad,Telangana,India
CUS000108,PREMIUM,Lucknow,Uttar Pradesh,India
CUS000109,STANDARD,Kochi,Kerala,India
CUS000110,VIP,Gurugram,Haryana,India
CUS000111,PREMIUM,Thiruvananthapuram,Kerala,India
CUS000112,STANDARD,Madurai,Tamil Nadu,India
CUS000113,PREMIUM,Indore,Madhya Pradesh,India
CUS000114,PREMIUM,Noida,Uttar Pradesh,India
CUS000115,PREMIUM,Surat,Gujarat,India
CUS000116,STANDARD,Madurai,Tamil Nadu,India
CUS000117,STANDARD,Bhopal,Madhya Pradesh,India
CUS000118,STANDARD,Noida,Uttar Pradesh,India
CUS000119,VIP,Bhubaneswar,Odisha,India
CUS000120,STANDARD,Chandigarh,Chandigarh,India
CUS000121,STANDARD,Surat,Gujarat,India
CUS000122,PREMIUM,Chandigarh,Chandigarh,India
CUS000123,STANDARD,Gurugram,Haryana,India
CUS000124,STANDARD,Chennai,Tamil Nadu,India
CUS000125,STANDARD,Visakhapatnam,Andhra Pradesh,India
CUS000126,VIP,Bengaluru,Karnataka,India
CUS000127,PREMIUM,Vijayawada,Andhra Pradesh,India
CUS000128,STANDARD,Kochi,Kerala,India
CUS000129,PREMIUM,Jaipur,Rajasthan,India
CUS000130,PREMIUM,Jaipur,Rajasthan,India
CUS000131,STANDARD,Surat,Gujarat,India
CUS000132,STANDARD,Coimbatore,Tamil Nadu,India
CUS000133,PREMIUM,Visakhapatnam,Andhra Pradesh,India
CUS000134,VIP,Gurugram,Haryana,India
CUS000135,STANDARD,Bhopal,Madhya Pradesh,India
CUS000136,PREMIUM,Jaipur,Rajasthan,India
CUS000137,VIP,Nagpur,Maharashtra,India
CUS000138,STANDARD,Delhi,Delhi,India
CUS000139,STANDARD,Nashik,Maharashtra,India
CUS000140,STANDARD,Mysuru,Karnataka,India
CUS000141,STANDARD,Gurugram,Haryana,India
CUS000142,STANDARD,Bhopal,Madhya Pradesh,India
CUS000143,PREMIUM,Kolkata,West Bengal,India
CUS000144,PREMIUM,Hyderabad,Telangana,India
CUS000145,PREMIUM,Delhi,Delhi,India
CUS000146,PREMIUM,Madurai,Tamil Nadu,India
CUS000147,PREMIUM,Gurugram,Haryana,India
CUS000148,PREMIUM,Kochi,Kerala,India
CUS000149,VIP,Bhopal,Madhya Pradesh,India
CUS000150,PREMIUM,Gurugram,Haryana,India
CUS000151,PREMIUM,Gurugram,Haryana,India
CUS000152,STANDARD,Mysuru,Karnataka,India
CUS000153,STANDARD,Gurugram,Haryana,India
CUS000154,PREMIUM,Visakhapatnam,Andhra Pradesh,India
CUS000155,STANDARD,Pune,Maharashtra,India
CUS000156,PREMIUM,Mumbai,Maharashtra,India
CUS000157,STANDARD,Delhi,Delhi,India
CUS000158,PREMIUM,Madurai,Tamil Nadu,India
CUS000159,VIP,Kolkata,West Bengal,India
CUS000160,PREMIUM,Vijayawada,Andhra Pradesh,India
CUS000161,PREMIUM,Thiruvananthapuram,Kerala,India
CUS000162,VIP,Hyderabad,Telangana,India
CUS000163,PREMIUM,Visakhapatnam,Andhra Pradesh,India
CUS000164,STANDARD,Gurugram,Haryana,India
CUS000165,STANDARD,Surat,Gujarat,India
CUS000166,STANDARD,Chandigarh,Chandigarh,India
CUS000167,STANDARD,Mysuru,Karnataka,India
CUS000168,STANDARD,Bengaluru,Karnataka,India
CUS000169,STANDARD,Ahmedabad,Gujarat,India
CUS000170,PREMIUM,Gurugram,Haryana,India
CUS000171,VIP,Surat,Gujarat,India
CUS000172,PREMIUM,Bhubaneswar,Odisha,India
CUS000173,PREMIUM,Ahmedabad,Gujarat,India
CUS000174,PREMIUM,Nashik,Maharashtra,India
CUS000175,STANDARD,Nashik,Maharashtra,India
CUS000176,PREMIUM,Bhubaneswar,Odisha,India
CUS000177,PREMIUM,Coimbatore,Tamil Nadu,India
CUS000178,STANDARD,Bhubaneswar,Odisha,India
CUS000179,VIP,Bhubaneswar,Odisha,India
CUS000180,PREMIUM,Visakhapatnam,Andhra Pradesh,India
CUS000181,PREMIUM,Noida,Uttar Pradesh,India
CUS000182,VIP,Nashik,Maharashtra,India
CUS000183,STANDARD,Kochi,Kerala,India
CUS000184,STANDARD,Mysuru,Karnataka,India
CUS000185,STANDARD,Visakhapatnam,Andhra Pradesh,India
CUS000186,STANDARD,Coimbatore,Tamil Nadu,India
CUS000187,STANDARD,Visakhapatnam,Andhra Pradesh,India
CUS000188,STANDARD,Bhubaneswar,Odisha,India
CUS000189,VIP,Noida,Uttar Pradesh,India
CUS000190,VIP,Surat,Gujarat,India
CUS000191,VIP,Coimbatore,Tamil Nadu,India
CUS000192,VIP,Jaipur,Rajasthan,India
CUS000193,STANDARD,Hyderabad,Telangana,India
CUS000194,STANDARD,Jaipur,Rajasthan,India
CUS000195,STANDARD,Chandigarh,Chandigarh,India
CUS000196,STANDARD,Noida,Uttar Pradesh,India
CUS000197,STANDARD,Surat,Gujarat,India
CUS000198,STANDARD,Ahmedabad,Gujarat,India
CUS000199,PREMIUM,Jaipur,Rajasthan,India
CUS000200,STANDARD,Gurugram,Haryana,India
CUS000201,STANDARD,Bhopal,Madhya Pradesh,India
CUS000202,PREMIUM,Mysuru,Karnataka,India
CUS000203,PREMIUM,Bengaluru,Karnataka,India
CUS000204,STANDARD,Thiruvananthapuram,Kerala,India
CUS000205,PREMIUM,Delhi,Delhi,India
CUS000206,STANDARD,Pune,Maharashtra,India
CUS000207,STANDARD,Kochi,Kerala,India
CUS000208,STANDARD,Bhopal,Madhya Pradesh,India
CUS000209,STANDARD,Lucknow,Uttar Pradesh,India
CUS000210,STANDARD,Bhopal,Madhya Pradesh,India
CUS000211,VIP,Lucknow,Uttar Pradesh,India
CUS000212,PREMIUM,Madurai,Tamil Nadu,India
CUS000213,PREMIUM,Delhi,Delhi,India
CUS000214,STANDARD,Kochi,Kerala,India
CUS000215,PREMIUM,Kochi,Kerala,India
CUS000216,PREMIUM,Madurai,Tamil Nadu,India
CUS000217,VIP,Nagpur,Maharashtra,India
CUS000218,STANDARD,Chandigarh,Chandigarh,India
CUS000219,PREMIUM,Madurai,Tamil Nadu,India
CUS000220,STANDARD,Indore,Madhya Pradesh,India
CUS000221,STANDARD,Bhopal,Madhya Pradesh,India
CUS000222,PREMIUM,Visakhapatnam,Andhra Pradesh,India
CUS000223,PREMIUM,Chennai,Tamil Nadu,India
CUS000224,VIP,Mumbai,Maharashtra,India
CUS000225,VIP,Nagpur,Maharashtra,India
CUS000226,VIP,Visakhapatnam,Andhra Pradesh,India
CUS000227,VIP,Thiruvananthapuram,Kerala,India
CUS000228,STANDARD,Coimbatore,Tamil Nadu,India
CUS000229,PREMIUM,Chandigarh,Chandigarh,India
CUS000230,STANDARD,Madurai,Tamil Nadu,India
CUS000231,STANDARD,Hyderabad,Telangana,India
CUS000232,STANDARD,Vijayawada,Andhra Pradesh,India
CUS000233,STANDARD,Chennai,Tamil Nadu,India
CUS000234,PREMIUM,Chennai,Tamil Nadu,India
CUS000235,STANDARD,Surat,Gujarat,India
CUS000236,PREMIUM,Surat,Gujarat,India
CUS000237,STANDARD,Chandigarh,Chandigarh,India
CUS000238,STANDARD,Thiruvananthapuram,Kerala,India
CUS000239,STANDARD,Pune,Maharashtra,India
CUS000240,PREMIUM,Kochi,Kerala,India
CUS000241,STANDARD,Mumbai,Maharashtra,India
CUS000242,PREMIUM,Gurugram,Haryana,India
CUS000243,STANDARD,Visakhapatnam,Andhra Pradesh,India
CUS000244,STANDARD,Hyderabad,Telangana,India
CUS000245,STANDARD,Bhopal,Madhya Pradesh,India
CUS000246,STANDARD,Kochi,Kerala,India
CUS000247,STANDARD,Gurugram,Haryana,India
CUS000248,VIP,Nagpur,Maharashtra,India
CUS000249,STANDARD,Coimbatore,Tamil Nadu,India
CUS000250,STANDARD,Nagpur,Maharashtra,India
CUS000251,VIP,Thiruvananthapuram,Kerala,India
CUS000252,STANDARD,Gurugram,Haryana,India
CUS000253,VIP,Madurai,Tamil Nadu,India
CUS000254,VIP,Mysuru,Karnataka,India
CUS000255,STANDARD,Bhopal,Madhya Pradesh,India
CUS000256,VIP,Hyderabad,Telangana,India
CUS000257,VIP,Nagpur,Maharashtra,India
CUS000258,STANDARD,Nashik,Maharashtra,India
CUS000259,PREMIUM,Noida,Uttar Pradesh,India
CUS000260,STANDARD,Nagpur,Maharashtra,India
CUS000261,STANDARD,Surat,Gujarat,India
CUS000262,VIP,Kolkata,West Bengal,India
CUS000263,STANDARD,Visakhapatnam,Andhra Pradesh,India
CUS000264,VIP,Mumbai,Maharashtra,India
CUS000265,STANDARD,Chennai,Tamil Nadu,India
CUS000266,VIP,Hyderabad,Telangana,India
CUS000267,PREMIUM,Delhi,Delhi,India
CUS000268,STANDARD,Nagpur,Maharashtra,India
CUS000269,STANDARD,Madurai,Tamil Nadu,India
CUS000270,STANDARD,Indore,Madhya Pradesh,India
CUS000271,STANDARD,Nashik,Maharashtra,India
CUS000272,STANDARD,Coimbatore,Tamil Nadu,India
CUS000273,PREMIUM,Delhi,Delhi,India
CUS000274,STANDARD,Bhubaneswar,Odisha,India
CUS000275,VIP,Kochi,Kerala,India
CUS000276,STANDARD,Delhi,Delhi,India
CUS000277,PREMIUM,Kolkata,West Bengal,India
CUS000278,PREMIUM,Mumbai,Maharashtra,India
CUS000279,STANDARD,Kochi,Kerala,India
CUS000280,STANDARD,Visakhapatnam,Andhra Pradesh,India
CUS000281,STANDARD,Indore,Madhya Pradesh,India
CUS000282,VIP,Kochi,Kerala,India
CUS000283,PREMIUM,Delhi,Delhi,India
CUS000284,VIP,Jaipur,Rajasthan,India
CUS000285,STANDARD,Visakhapatnam,Andhra Pradesh,India
CUS000286,STANDARD,Nagpur,Maharashtra,India
CUS000287,STANDARD,Delhi,Delhi,India
CUS000288,VIP,Surat,Gujarat,India
CUS000289,STANDARD,Madurai,Tamil Nadu,India
CUS000290,STANDARD,Hyderabad,Telangana,India
CUS000291,STANDARD,Chandigarh,Chandigarh,India
CUS000292,STANDARD,Lucknow,Uttar Pradesh,India
CUS000293,STANDARD,Kochi,Kerala,India
CUS000294,PREMIUM,Lucknow,Uttar Pradesh,India
CUS000295,PREMIUM,Jaipur,Rajasthan,India
CUS000296,PREMIUM,Indore,Madhya Pradesh,India
CUS000297,VIP,Mysuru,Karnataka,India
CUS000298,VIP,Mumbai,Maharashtra,India
CUS000299,STANDARD,Mysuru,Karnataka,India
CUS000300,PREMIUM,Kolkata,West Bengal,India
CUS000301,STANDARD,Kolkata,West Bengal,India
CUS000302,PREMIUM,Indore,Madhya Pradesh,India
CUS000303,VIP,Mysuru,Karnataka,India
CUS000304,STANDARD,Pune,Maharashtra,India
CUS000305,PREMIUM,Vijayawada,Andhra Pradesh,India
CUS000306,STANDARD,Nashik,Maharashtra,India
CUS000307,VIP,Vijayawada,Andhra Pradesh,India
CUS000308,STANDARD,Jaipur,Rajasthan,India
CUS000309,STANDARD,Kolkata,West Bengal,India
CUS000310,STANDARD,Coimbatore,Tamil Nadu,India
CUS000311,PREMIUM,Delhi,Delhi,India
CUS000312,PREMIUM,Surat,Gujarat,India
CUS000313,PREMIUM,Coimbatore,Tamil Nadu,India
CUS000314,STANDARD,Thiruvananthapuram,Kerala,India
CUS000315,PREMIUM,Bhubaneswar,Odisha,India
CUS000316,STANDARD,Bhubaneswar,Odisha,India
CUS000317,PREMIUM,Mumbai,Maharashtra,India
CUS000318,STANDARD,Nagpur,Maharashtra,India
CUS000319,STANDARD,Bengaluru,Karnataka,India
CUS000320,STANDARD,Pune,Maharashtra,India
CUS000321,PREMIUM,Chandigarh,Chandigarh,India
CUS000322,STANDARD,Kolkata,West Bengal,India
CUS000323,VIP,Kochi,Kerala,India
CUS000324,PREMIUM,Kolkata,West Bengal,India
CUS000325,VIP,Hyderabad,Telangana,India
CUS000326,STANDARD,Madurai,Tamil Nadu,India
CUS000327,PREMIUM,Kochi,Kerala,India
CUS000328,PREMIUM,Ahmedabad,Gujarat,India
CUS000329,STANDARD,Delhi,Delhi,India
CUS000330,STANDARD,Nagpur,Maharashtra,India
CUS000331,PREMIUM,Nagpur,Maharashtra,India
CUS000332,STANDARD,Noida,Uttar Pradesh,India
CUS000333,STANDARD,Ahmedabad,Gujarat,India
CUS000334,PREMIUM,Madurai,Tamil Nadu,India
CUS000335,VIP,Kochi,Kerala,India
CUS000336,VIP,Thiruvananthapuram,Kerala,India
CUS000337,STANDARD,Nagpur,Maharashtra,India
CUS000338,PREMIUM,Bhopal,Madhya Pradesh,India
CUS000339,STANDARD,Indore,Madhya Pradesh,India
CUS000340,STANDARD,Pune,Maharashtra,India
CUS000341,PREMIUM,Nagpur,Maharashtra,India
CUS000342,PREMIUM,Nashik,Maharashtra,India
CUS000343,PREMIUM,Jaipur,Rajasthan,India
CUS000344,STANDARD,Pune,Maharashtra,India
CUS000345,VIP,Thiruvananthapuram,Kerala,India
CUS000346,VIP,Thiruvananthapuram,Kerala,India
CUS000347,STANDARD,Gurugram,Haryana,India
CUS000348,VIP,Mumbai,Maharashtra,India
CUS000349,VIP,Delhi,Delhi,India
CUS000350,STANDARD,Mumbai,Maharashtra,India
CUS000351,STANDARD,Vijayawada,Andhra Pradesh,India
CUS000352,PREMIUM,Kolkata,West Bengal,India
CUS000353,VIP,Chandigarh,Chandigarh,India
CUS000354,STANDARD,Bengaluru,Karnataka,India
CUS000355,STANDARD,Coimbatore,Tamil Nadu,India
CUS000356,STANDARD,Indore,Madhya Pradesh,India
CUS000357,STANDARD,Indore,Madhya Pradesh,India
CUS000358,STANDARD,Bhubaneswar,Odisha,India
CUS000359,PREMIUM,Chennai,Tamil Nadu,India
CUS000360,PREMIUM,Bengaluru,Karnataka,India
CUS000361,STANDARD,Nagpur,Maharashtra,India
CUS000362,PREMIUM,Bhopal,Madhya Pradesh,India
CUS000363,STANDARD,Kochi,Kerala,India
CUS000364,PREMIUM,Vijayawada,Andhra Pradesh,India
CUS000365,STANDARD,Kolkata,West Bengal,India
CUS000366,PREMIUM,Pune,Maharashtra,India
CUS000367,STANDARD,Surat,Gujarat,India
CUS000368,STANDARD,Coimbatore,Tamil Nadu,India
CUS000369,STANDARD,Bengaluru,Karnataka,India
CUS000370,VIP,Surat,Gujarat,India
CUS000371,STANDARD,Indore,Madhya Pradesh,India
CUS000372,VIP,Lucknow,Uttar Pradesh,India
CUS000373,STANDARD,Kolkata,West Bengal,India
CUS000374,STANDARD,Pune,Maharashtra,India
CUS000375,STANDARD,Lucknow,Uttar Pradesh,India
CUS000376,STANDARD,Vijayawada,Andhra Pradesh,India
CUS000377,STANDARD,Madurai,Tamil Nadu,India
CUS000378,STANDARD,Gurugram,Haryana,India
CUS000379,VIP,Ahmedabad,Gujarat,India
CUS000380,VIP,Indore,Madhya Pradesh,India
CUS000381,STANDARD,Hyderabad,Telangana,India
CUS000382,STANDARD,Chennai,Tamil Nadu,India
CUS000383,VIP,Hyderabad,Telangana,India
CUS000384,STANDARD,Chennai,Tamil Nadu,India
CUS000385,PREMIUM,Nagpur,Maharashtra,India
CUS000386,STANDARD,Coimbatore,Tamil Nadu,India
CUS000387,VIP,Kolkata,West Bengal,India
CUS000388,STANDARD,Pune,Maharashtra,India
CUS000389,PREMIUM,Lucknow,Uttar Pradesh,India
CUS000390,PREMIUM,Pune,Maharashtra,India
CUS000391,PREMIUM,Nagpur,Maharashtra,India
CUS000392,STANDARD,Mysuru,Karnataka,India
CUS000393,STANDARD,Chennai,Tamil Nadu,India
CUS000394,PREMIUM,Ahmedabad,Gujarat,India
CUS000395,STANDARD,Mumbai,Maharashtra,India
CUS000396,STANDARD,Noida,Uttar Pradesh,India
CUS000397,STANDARD,Surat,Gujarat,India
CUS000398,PREMIUM,Indore,Madhya Pradesh,India
CUS000399,PREMIUM,Lucknow,Uttar Pradesh,India
CUS000400,PREMIUM,Coimbatore,Tamil Nadu,India
CUS000401,STANDARD,Vijayawada,Andhra Pradesh,India
CUS000402,PREMIUM,Indore,Madhya Pradesh,India
CUS000403,STANDARD,Bhubaneswar,Odisha,India
CUS000404,STANDARD,Delhi,Delhi,India
CUS000405,STANDARD,Hyderabad,Telangana,India
CUS000406,PREMIUM,Lucknow,Uttar Pradesh,India
CUS000407,VIP,Coimbatore,Tamil Nadu,India
CUS000408,STANDARD,Bhopal,Madhya Pradesh,India
CUS000409,STANDARD,Chennai,Tamil Nadu,India
CUS000410,VIP,Bhubaneswar,Odisha,India
CUS000411,VIP,Madurai,Tamil Nadu,India
CUS000412,STANDARD,Indore,Madhya Pradesh,India
CUS000413,STANDARD,Nashik,Maharashtra,India
CUS000414,STANDARD,Kolkata,West Bengal,India
CUS000415,PREMIUM,Hyderabad,Telangana,India
CUS000416,STANDARD,Pune,Maharashtra,India
CUS000417,STANDARD,Bhopal,Madhya Pradesh,India
CUS000418,STANDARD,Nagpur,Maharashtra,India
CUS000419,PREMIUM,Lucknow,Uttar Pradesh,India
CUS000420,VIP,Hyderabad,Telangana,India
CUS000421,PREMIUM,Coimbatore,Tamil Nadu,India
CUS000422,STANDARD,Indore,Madhya Pradesh,India
CUS000423,STANDARD,Surat,Gujarat,India
CUS000424,STANDARD,Kolkata,West Bengal,India
CUS000425,PREMIUM,Kochi,Kerala,India
CUS000426,PREMIUM,Nagpur,Maharashtra,India
CUS000427,STANDARD,Surat,Gujarat,India
CUS000428,VIP,Hyderabad,Telangana,India
CUS000429,STANDARD,Delhi,Delhi,India
CUS000430,STANDARD,Mysuru,Karnataka,India
CUS000431,PREMIUM,Chennai,Tamil Nadu,India
CUS000432,VIP,Bhopal,Madhya Pradesh,India
CUS000433,STANDARD,Chennai,Tamil Nadu,India
CUS000434,STANDARD,Visakhapatnam,Andhra Pradesh,India
CUS000435,STANDARD,Lucknow,Uttar Pradesh,India
CUS000436,STANDARD,Noida,Uttar Pradesh,India
CUS000437,PREMIUM,Bhubaneswar,Odisha,India
CUS000438,STANDARD,Nashik,Maharashtra,India
CUS000439,STANDARD,Nashik,Maharashtra,India
CUS000440,PREMIUM,Visakhapatnam,Andhra Pradesh,India
CUS000441,PREMIUM,Chennai,Tamil Nadu,India
CUS000442,PREMIUM,Nashik,Maharashtra,India
CUS000443,STANDARD,Coimbatore,Tamil Nadu,India
CUS000444,STANDARD,Visakhapatnam,Andhra Pradesh,India
CUS000445,STANDARD,Visakhapatnam,Andhra Pradesh,India
CUS000446,STANDARD,Nashik,Maharashtra,India
CUS000447,VIP,Gurugram,Haryana,India
CUS000448,VIP,Mysuru,Karnataka,India
CUS000449,PREMIUM,Bhopal,Madhya Pradesh,India
CUS000450,STANDARD,Pune,Maharashtra,India
CUS000451,STANDARD,Chennai,Tamil Nadu,India
CUS000452,VIP,Nagpur,Maharashtra,India
CUS000453,STANDARD,Lucknow,Uttar Pradesh,India
CUS000454,PREMIUM,Madurai,Tamil Nadu,India
CUS000455,VIP,Pune,Maharashtra,India
CUS000456,STANDARD,Mysuru,Karnataka,India
CUS000457,STANDARD,Gurugram,Haryana,India
CUS000458,PREMIUM,Madurai,Tamil Nadu,India
CUS000459,VIP,Ahmedabad,Gujarat,India
CUS000460,STANDARD,Ahmedabad,Gujarat,India
CUS000461,PREMIUM,Nashik,Maharashtra,India
CUS000462,STANDARD,Nashik,Maharashtra,India
CUS000463,STANDARD,Nashik,Maharashtra,India
CUS000464,STANDARD,Pune,Maharashtra,India
CUS000465,STANDARD,Delhi,Delhi,India
CUS000466,STANDARD,Madurai,Tamil Nadu,India
CUS000467,VIP,Thiruvananthapuram,Kerala,India
CUS000468,STANDARD,Kochi,Kerala,India
CUS000469,PREMIUM,Surat,Gujarat,India
CUS000470,STANDARD,Bengaluru,Karnataka,India
CUS000471,STANDARD,Mumbai,Maharashtra,India
CUS000472,VIP,Noida,Uttar Pradesh,India
CUS000473,STANDARD,Visakhapatnam,Andhra Pradesh,India
CUS000474,STANDARD,Nagpur,Maharashtra,India
CUS000475,STANDARD,Nashik,Maharashtra,India
CUS000476,STANDARD,Visakhapatnam,Andhra Pradesh,India
CUS000477,PREMIUM,Gurugram,Haryana,India
CUS000478,VIP,Hyderabad,Telangana,India
CUS000479,PREMIUM,Madurai,Tamil Nadu,India
CUS000480,PREMIUM,Mumbai,Maharashtra,India
CUS000481,PREMIUM,Thiruvananthapuram,Kerala,India
CUS000482,STANDARD,Gurugram,Haryana,India
CUS000483,STANDARD,Noida,Uttar Pradesh,India
CUS000484,STANDARD,Bengaluru,Karnataka,India
CUS000485,STANDARD,Visakhapatnam,Andhra Pradesh,India
CUS000486,PREMIUM,Pune,Maharashtra,India
CUS000487,PREMIUM,Jaipur,Rajasthan,India
CUS000488,VIP,Lucknow,Uttar Pradesh,India
CUS000489,PREMIUM,Mysuru,Karnataka,India
CUS000490,PREMIUM,Hyderabad,Telangana,India
CUS000491,STANDARD,Vijayawada,Andhra Pradesh,India
CUS000492,STANDARD,Nagpur,Maharashtra,India
CUS000493,STANDARD,Madurai,Tamil Nadu,India
CUS000494,STANDARD,Hyderabad,Telangana,India
CUS000495,PREMIUM,Kochi,Kerala,India
CUS000496,VIP,Lucknow,Uttar Pradesh,India
CUS000497,PREMIUM,Chandigarh,Chandigarh,India
CUS000498,STANDARD,Chandigarh,Chandigarh,India
CUS000499,VIP,Madurai,Tamil Nadu,India
CUS000500,PREMIUM,Coimbatore,Tamil Nadu,India
CUS000501,PREMIUM,Ahmedabad,Gujarat,India
CUS000502,PREMIUM,Coimbatore,Tamil Nadu,India
CUS000503,STANDARD,Kolkata,West Bengal,India
CUS000504,STANDARD,Madurai,Tamil Nadu,India
CUS000505,STANDARD,Gurugram,Haryana,India
CUS000506,PREMIUM,Chennai,Tamil Nadu,India
CUS000507,STANDARD,Lucknow,Uttar Pradesh,India
CUS000508,STANDARD,Chandigarh,Chandigarh,India
CUS000509,PREMIUM,Pune,Maharashtra,India
CUS000510,STANDARD,Kolkata,West Bengal,India
CUS000511,PREMIUM,Bhubaneswar,Odisha,India
CUS000512,STANDARD,Lucknow,Uttar Pradesh,India
CUS000513,STANDARD,Nashik,Maharashtra,India
CUS000514,STANDARD,Thiruvananthapuram,Kerala,India
CUS000515,PREMIUM,Bengaluru,Karnataka,India
CUS000516,VIP,Chandigarh,Chandigarh,India
CUS000517,STANDARD,Pune,Maharashtra,India
CUS000518,PREMIUM,Surat,Gujarat,India
CUS000519,STANDARD,Coimbatore,Tamil Nadu,India
CUS000520,STANDARD,Gurugram,Haryana,India
CUS000521,STANDARD,Surat,Gujarat,India
CUS000522,VIP,Chandigarh,Chandigarh,India
CUS000523,STANDARD,Bhopal,Madhya Pradesh,India
CUS000524,STANDARD,Surat,Gujarat,India
CUS000525,VIP,Bhopal,Madhya Pradesh,India
CUS000526,PREMIUM,Coimbatore,Tamil Nadu,India
CUS000527,STANDARD,Surat,Gujarat,India
CUS000528,STANDARD,Surat,Gujarat,India
CUS000529,PREMIUM,Chandigarh,Chandigarh,India
CUS000530,STANDARD,Ahmedabad,Gujarat,India
CUS000531,PREMIUM,Gurugram,Haryana,India
CUS000532,STANDARD,Pune,Maharashtra,India
CUS000533,STANDARD,Pune,Maharashtra,India
CUS000534,STANDARD,Jaipur,Rajasthan,India
CUS000535,PREMIUM,Mumbai,Maharashtra,India
CUS000536,STANDARD,Vijayawada,Andhra Pradesh,India
CUS000537,PREMIUM,Chennai,Tamil Nadu,India
CUS000538,STANDARD,Noida,Uttar Pradesh,India
CUS000539,VIP,Chennai,Tamil Nadu,India
CUS000540,STANDARD,Gurugram,Haryana,India
CUS000541,STANDARD,Pune,Maharashtra,India
CUS000542,PREMIUM,Delhi,Delhi,India
CUS000543,STANDARD,Bhopal,Madhya Pradesh,India
CUS000544,STANDARD,Bhubaneswar,Odisha,India
CUS000545,STANDARD,Kolkata,West Bengal,India
CUS000546,STANDARD,Nagpur,Maharashtra,India
CUS000547,VIP,Bhopal,Madhya Pradesh,India
CUS000548,PREMIUM,Madurai,Tamil Nadu,India
CUS000549,STANDARD,Nashik,Maharashtra,India
CUS000550,STANDARD,Mysuru,Karnataka,India
CUS000551,STANDARD,Delhi,Delhi,India
CUS000552,PREMIUM,Indore,Madhya Pradesh,India
CUS000553,VIP,Chandigarh,Chandigarh,India
CUS000554,VIP,Vijayawada,Andhra Pradesh,India
CUS000555,STANDARD,Chennai,Tamil Nadu,India
CUS000556,PREMIUM,Bhopal,Madhya Pradesh,India
CUS000557,PREMIUM,Bhopal,Madhya Pradesh,India
CUS000558,STANDARD,Chandigarh,Chandigarh,India
CUS000559,VIP,Lucknow,Uttar Pradesh,India
CUS000560,STANDARD,Surat,Gujarat,India
CUS000561,STANDARD,Madurai,Tamil Nadu,India
CUS000562,VIP,Indore,Madhya Pradesh,India
CUS000563,STANDARD,Mysuru,Karnataka,India
CUS000564,VIP,Gurugram,Haryana,India
CUS000565,VIP,Mumbai,Maharashtra,India
CUS000566,PREMIUM,Surat,Gujarat,India
CUS000567,PREMIUM,Bhubaneswar,Odisha,India
CUS000568,STANDARD,Pune,Maharashtra,India
CUS000569,STANDARD,Jaipur,Rajasthan,India
CUS000570,PREMIUM,Chandigarh,Chandigarh,India
CUS000571,VIP,Lucknow,Uttar Pradesh,India
CUS000572,STANDARD,Surat,Gujarat,India
CUS000573,STANDARD,Vijayawada,Andhra Pradesh,India
CUS000574,VIP,Chennai,Tamil Nadu,India
CUS000575,STANDARD,Nagpur,Maharashtra,India
CUS000576,STANDARD,Coimbatore,Tamil Nadu,India
CUS000577,VIP,Gurugram,Haryana,India
CUS000578,VIP,Nagpur,Maharashtra,India
CUS000579,VIP,Thiruvananthapuram,Kerala,India
CUS000580,STANDARD,Indore,Madhya Pradesh,India
CUS000581,STANDARD,Visakhapatnam,Andhra Pradesh,India
CUS000582,STANDARD,Bengaluru,Karnataka,India
CUS000583,VIP,Lucknow,Uttar Pradesh,India
CUS000584,STANDARD,Nagpur,Maharashtra,India
CUS000585,STANDARD,Bengaluru,Karnataka,India
CUS000586,STANDARD,Indore,Madhya Pradesh,India
CUS000587,PREMIUM,Pune,Maharashtra,India
CUS000588,VIP,Visakhapatnam,Andhra Pradesh,India
CUS000589,STANDARD,Hyderabad,Telangana,India
CUS000590,PREMIUM,Hyderabad,Telangana,India
CUS000591,STANDARD,Madurai,Tamil Nadu,India
CUS000592,PREMIUM,Ahmedabad,Gujarat,India
CUS000593,PREMIUM,Nashik,Maharashtra,India
CUS000594,PREMIUM,Chandigarh,Chandigarh,India
CUS000595,VIP,Kochi,Kerala,India
CUS000596,STANDARD,Lucknow,Uttar Pradesh,India
CUS000597,STANDARD,Visakhapatnam,Andhra Pradesh,India
CUS000598,STANDARD,Chandigarh,Chandigarh,India
CUS000599,STANDARD,Mysuru,Karnataka,India
CUS000600,STANDARD,Chennai,Tamil Nadu,India
CUS000601,STANDARD,Nashik,Maharashtra,India
CUS000602,STANDARD,Chennai,Tamil Nadu,India
CUS000603,STANDARD,Madurai,Tamil Nadu,India
CUS000604,STANDARD,Indore,Madhya Pradesh,India
CUS000605,STANDARD,Ahmedabad,Gujarat,India
CUS000606,PREMIUM,Chennai,Tamil Nadu,India
CUS000607,PREMIUM,Jaipur,Rajasthan,India
CUS000608,STANDARD,Bhopal,Madhya Pradesh,India
CUS000609,VIP,Hyderabad,Telangana,India
CUS000610,PREMIUM,Gurugram,Haryana,India
CUS000611,STANDARD,Hyderabad,Telangana,India
CUS000612,STANDARD,Pune,Maharashtra,India
CUS000613,STANDARD,Chennai,Tamil Nadu,India
CUS000614,PREMIUM,Noida,Uttar Pradesh,India
CUS000615,PREMIUM,Bhopal,Madhya Pradesh,India
CUS000616,VIP,Indore,Madhya Pradesh,India
CUS000617,STANDARD,Ahmedabad,Gujarat,India
CUS000618,STANDARD,Thiruvananthapuram,Kerala,India
CUS000619,STANDARD,Mysuru,Karnataka,India
CUS000620,STANDARD,Nashik,Maharashtra,India
CUS000621,PREMIUM,Madurai,Tamil Nadu,India
CUS000622,PREMIUM,Ahmedabad,Gujarat,India
CUS000623,STANDARD,Delhi,Delhi,India
CUS000624,STANDARD,Coimbatore,Tamil Nadu,India
CUS000625,STANDARD,Hyderabad,Telangana,India
CUS000626,VIP,Mysuru,Karnataka,India
CUS000627,PREMIUM,Kochi,Kerala,India
CUS000628,STANDARD,Vijayawada,Andhra Pradesh,India
CUS000629,STANDARD,Nashik,Maharashtra,India
CUS000630,STANDARD,Noida,Uttar Pradesh,India
CUS000631,STANDARD,Kochi,Kerala,India
CUS000632,PREMIUM,Nagpur,Maharashtra,India
CUS000633,STANDARD,Nashik,Maharashtra,India
CUS000634,PREMIUM,Chandigarh,Chandigarh,India
CUS000635,PREMIUM,Vijayawada,Andhra Pradesh,India
CUS000636,STANDARD,Thiruvananthapuram,Kerala,India
CUS000637,VIP,Nagpur,Maharashtra,India
CUS000638,PREMIUM,Ahmedabad,Gujarat,India
CUS000639,STANDARD,Gurugram,Haryana,India
CUS000640,STANDARD,Madurai,Tamil Nadu,India
CUS000641,PREMIUM,Gurugram,Haryana,India
CUS000642,STANDARD,Pune,Maharashtra,India
CUS000643,PREMIUM,Visakhapatnam,Andhra Pradesh,India
CUS000644,STANDARD,Bengaluru,Karnataka,India
CUS000645,PREMIUM,Bengaluru,Karnataka,India
CUS000646,STANDARD,Pune,Maharashtra,India
CUS000647,VIP,Bhubaneswar,Odisha,India
CUS000648,STANDARD,Thiruvananthapuram,Kerala,India
CUS000649,VIP,Nagpur,Maharashtra,India
CUS000650,PREMIUM,Coimbatore,Tamil Nadu,India
CUS000651,PREMIUM,Hyderabad,Telangana,India
CUS000652,PREMIUM,Lucknow,Uttar Pradesh,India
CUS000653,PREMIUM,Pune,Maharashtra,India
CUS000654,PREMIUM,Kolkata,West Bengal,India
CUS000655,VIP,Ahmedabad,Gujarat,India
CUS000656,PREMIUM,Vijayawada,Andhra Pradesh,India
CUS000657,PREMIUM,Lucknow,Uttar Pradesh,India
CUS000658,STANDARD,Mysuru,Karnataka,India
CUS000659,VIP,Madurai,Tamil Nadu,India
CUS000660,PREMIUM,Pune,Maharashtra,India
CUS000661,PREMIUM,Surat,Gujarat,India
CUS000662,PREMIUM,Chandigarh,Chandigarh,India
CUS000663,PREMIUM,Thiruvananthapuram,Kerala,India
CUS000664,STANDARD,Delhi,Delhi,India
CUS000665,PREMIUM,Bhubaneswar,Odisha,India
CUS000666,STANDARD,Gurugram,Haryana,India
CUS000667,STANDARD,Noida,Uttar Pradesh,India
CUS000668,STANDARD,Delhi,Delhi,India
CUS000669,STANDARD,Hyderabad,Telangana,India
CUS000670,PREMIUM,Thiruvananthapuram,Kerala,India
CUS000671,VIP,Noida,Uttar Pradesh,India
CUS000672,PREMIUM,Delhi,Delhi,India
CUS000673,STANDARD,Bengaluru,Karnataka,India
CUS000674,STANDARD,Indore,Madhya Pradesh,India
CUS000675,PREMIUM,Nagpur,Maharashtra,India
CUS000676,PREMIUM,Ahmedabad,Gujarat,India
CUS000677,STANDARD,Ahmedabad,Gujarat,India
CUS000678,PREMIUM,Bengaluru,Karnataka,India
CUS000679,STANDARD,Visakhapatnam,Andhra Pradesh,India
CUS000680,VIP,Chandigarh,Chandigarh,India
CUS000681,PREMIUM,Jaipur,Rajasthan,India
CUS000682,PREMIUM,Kolkata,West Bengal,India
CUS000683,PREMIUM,Nashik,Maharashtra,India
CUS000684,STANDARD,Delhi,Delhi,India
CUS000685,PREMIUM,Surat,Gujarat,India
CUS000686,STANDARD,Surat,Gujarat,India
CUS000687,PREMIUM,Nashik,Maharashtra,India
CUS000688,STANDARD,Bhubaneswar,Odisha,India
CUS000689,STANDARD,Chandigarh,Chandigarh,India
CUS000690,STANDARD,Ahmedabad,Gujarat,India
CUS000691,STANDARD,Hyderabad,Telangana,India
CUS000692,VIP,Madurai,Tamil Nadu,India
CUS000693,PREMIUM,Vijayawada,Andhra Pradesh,India
CUS000694,PREMIUM,Jaipur,Rajasthan,India
CUS000695,STANDARD,Pune,Maharashtra,India
CUS000696,PREMIUM,Bengaluru,Karnataka,India
CUS000697,PREMIUM,Delhi,Delhi,India
CUS000698,VIP,Jaipur,Rajasthan,India
CUS000699,PREMIUM,Bhopal,Madhya Pradesh,India
CUS000700,PREMIUM,Pune,Maharashtra,India
CUS000701,VIP,Chennai,Tamil Nadu,India
CUS000702,STANDARD,Lucknow,Uttar Pradesh,India
CUS000703,PREMIUM,Indore,Madhya Pradesh,India
CUS000704,STANDARD,Bengaluru,Karnataka,India
CUS000705,STANDARD,Mumbai,Maharashtra,India
CUS000706,STANDARD,Chandigarh,Chandigarh,India
CUS000707,STANDARD,Mysuru,Karnataka,India
CUS000708,VIP,Vijayawada,Andhra Pradesh,India
CUS000709,STANDARD,Thiruvananthapuram,Kerala,India
CUS000710,STANDARD,Lucknow,Uttar Pradesh,India
CUS000711,VIP,Mysuru,Karnataka,India
CUS000712,STANDARD,Visakhapatnam,Andhra Pradesh,India
CUS000713,VIP,Bengaluru,Karnataka,India
CUS000714,PREMIUM,Hyderabad,Telangana,India
CUS000715,STANDARD,Kochi,Kerala,India
CUS000716,PREMIUM,Noida,Uttar Pradesh,India
CUS000717,PREMIUM,Noida,Uttar Pradesh,India
CUS000718,PREMIUM,Indore,Madhya Pradesh,India
CUS000719,PREMIUM,Bhubaneswar,Odisha,India
CUS000720,STANDARD,Coimbatore,Tamil Nadu,India
CUS000721,STANDARD,Kolkata,West Bengal,India
CUS000722,STANDARD,Nagpur,Maharashtra,India
CUS000723,PREMIUM,Bhopal,Madhya Pradesh,India
CUS000724,STANDARD,Madurai,Tamil Nadu,India
CUS000725,PREMIUM,Bhubaneswar,Odisha,India
CUS000726,STANDARD,Surat,Gujarat,India
CUS000727,STANDARD,Gurugram,Haryana,India
CUS000728,STANDARD,Noida,Uttar Pradesh,India
CUS000729,STANDARD,Lucknow,Uttar Pradesh,India
CUS000730,STANDARD,Visakhapatnam,Andhra Pradesh,India
CUS000731,VIP,Coimbatore,Tamil Nadu,India
CUS000732,STANDARD,Noida,Uttar Pradesh,India
CUS000733,PREMIUM,Coimbatore,Tamil Nadu,India
CUS000734,PREMIUM,Kolkata,West Bengal,India
CUS000735,STANDARD,Kochi,Kerala,India
CUS000736,STANDARD,Thiruvananthapuram,Kerala,India
CUS000737,STANDARD,Lucknow,Uttar Pradesh,India
CUS000738,PREMIUM,Vijayawada,Andhra Pradesh,India
CUS000739,STANDARD,Visakhapatnam,Andhra Pradesh,India
CUS000740,PREMIUM,Vijayawada,Andhra Pradesh,India
CUS000741,STANDARD,Ahmedabad,Gujarat,India
CUS000742,STANDARD,Coimbatore,Tamil Nadu,India
CUS000743,VIP,Bengaluru,Karnataka,India
CUS000744,STANDARD,Bhopal,Madhya Pradesh,India
CUS000745,STANDARD,Mysuru,Karnataka,India
CUS000746,STANDARD,Madurai,Tamil Nadu,India
CUS000747,PREMIUM,Gurugram,Haryana,India
CUS000748,STANDARD,Bhubaneswar,Odisha,India
CUS000749,VIP,Lucknow,Uttar Pradesh,India
CUS000750,VIP,Lucknow,Uttar Pradesh,India
CUS000751,STANDARD,Noida,Uttar Pradesh,India
CUS000752,PREMIUM,Kochi,Kerala,India
CUS000753,STANDARD,Kolkata,West Bengal,India
CUS000754,VIP,Bhubaneswar,Odisha,India
CUS000755,PREMIUM,Mumbai,Maharashtra,India
CUS000756,VIP,Delhi,Delhi,India
CUS000757,PREMIUM,Gurugram,Haryana,India
CUS000758,STANDARD,Chandigarh,Chandigarh,India
CUS000759,STANDARD,Lucknow,Uttar Pradesh,India
CUS000760,STANDARD,Jaipur,Rajasthan,India
CUS000761,VIP,Bhopal,Madhya Pradesh,India
CUS000762,STANDARD,Kochi,Kerala,India
CUS000763,PREMIUM,Hyderabad,Telangana,India
CUS000764,PREMIUM,Coimbatore,Tamil Nadu,India
CUS000765,STANDARD,Bengaluru,Karnataka,India
CUS000766,STANDARD,Visakhapatnam,Andhra Pradesh,India
CUS000767,PREMIUM,Thiruvananthapuram,Kerala,India
CUS000768,PREMIUM,Jaipur,Rajasthan,India
CUS000769,STANDARD,Surat,Gujarat,India
CUS000770,PREMIUM,Mumbai,Maharashtra,India
CUS000771,STANDARD,Thiruvananthapuram,Kerala,India
CUS000772,VIP,Ahmedabad,Gujarat,India
CUS000773,PREMIUM,Jaipur,Rajasthan,India
CUS000774,STANDARD,Mysuru,Karnataka,India
CUS000775,STANDARD,Thiruvananthapuram,Kerala,India
CUS000776,STANDARD,Vijayawada,Andhra Pradesh,India
CUS000777,STANDARD,Chennai,Tamil Nadu,India
CUS000778,STANDARD,Kochi,Kerala,India
CUS000779,STANDARD,Bengaluru,Karnataka,India
CUS000780,VIP,Kochi,Kerala,India
CUS000781,STANDARD,Kochi,Kerala,India
CUS000782,STANDARD,Noida,Uttar Pradesh,India
CUS000783,STANDARD,Kolkata,West Bengal,India
CUS000784,PREMIUM,Pune,Maharashtra,India
CUS000785,VIP,Madurai,Tamil Nadu,India
CUS000786,VIP,Chennai,Tamil Nadu,India
CUS000787,VIP,Delhi,Delhi,India
CUS000788,VIP,Mumbai,Maharashtra,India
CUS000789,STANDARD,Vijayawada,Andhra Pradesh,India
CUS000790,PREMIUM,Bengaluru,Karnataka,India
CUS000791,PREMIUM,Madurai,Tamil Nadu,India
CUS000792,STANDARD,Indore,Madhya Pradesh,India
CUS000793,VIP,Surat,Gujarat,India
CUS000794,STANDARD,Surat,Gujarat,India
CUS000795,VIP,Chennai,Tamil Nadu,India
CUS000796,STANDARD,Bhopal,Madhya Pradesh,India
CUS000797,PREMIUM,Thiruvananthapuram,Kerala,India
CUS000798,PREMIUM,Kochi,Kerala,India
CUS000799,STANDARD,Thiruvananthapuram,Kerala,India
CUS000800,STANDARD,Kolkata,West Bengal,India
CUS000801,VIP,Gurugram,Haryana,India
CUS000802,STANDARD,Ahmedabad,Gujarat,India
CUS000803,STANDARD,Mysuru,Karnataka,India
CUS000804,STANDARD,Vijayawada,Andhra Pradesh,India
CUS000805,STANDARD,Indore,Madhya Pradesh,India
CUS000806,PREMIUM,Indore,Madhya Pradesh,India
CUS000807,STANDARD,Bhubaneswar,Odisha,India
CUS000808,STANDARD,Thiruvananthapuram,Kerala,India
CUS000809,STANDARD,Kochi,Kerala,India
CUS000810,STANDARD,Lucknow,Uttar Pradesh,India
CUS000811,VIP,Lucknow,Uttar Pradesh,India
CUS000812,PREMIUM,Mysuru,Karnataka,India
CUS000813,STANDARD,Chandigarh,Chandigarh,India
CUS000814,STANDARD,Coimbatore,Tamil Nadu,India
CUS000815,STANDARD,Surat,Gujarat,India
CUS000816,STANDARD,Visakhapatnam,Andhra Pradesh,India
CUS000817,STANDARD,Vijayawada,Andhra Pradesh,India
CUS000818,PREMIUM,Kochi,Kerala,India
CUS000819,PREMIUM,Surat,Gujarat,India
CUS000820,PREMIUM,Nagpur,Maharashtra,India
CUS000821,PREMIUM,Noida,Uttar Pradesh,India
CUS000822,VIP,Nashik,Maharashtra,India
CUS000823,PREMIUM,Madurai,Tamil Nadu,India
CUS000824,PREMIUM,Mysuru,Karnataka,India
CUS000825,STANDARD,Pune,Maharashtra,India
CUS000826,STANDARD,Delhi,Delhi,India
CUS000827,PREMIUM,Chennai,Tamil Nadu,India
CUS000828,PREMIUM,Surat,Gujarat,India
CUS000829,STANDARD,Delhi,Delhi,India
CUS000830,STANDARD,Bhopal,Madhya Pradesh,India
CUS000831,STANDARD,Bhubaneswar,Odisha,India
CUS000832,STANDARD,Vijayawada,Andhra Pradesh,India
CUS000833,STANDARD,Kochi,Kerala,India
CUS000834,VIP,Chennai,Tamil Nadu,India
CUS000835,STANDARD,Pune,Maharashtra,India
CUS000836,STANDARD,Visakhapatnam,Andhra Pradesh,India
CUS000837,STANDARD,Noida,Uttar Pradesh,India
CUS000838,STANDARD,Surat,Gujarat,India
CUS000839,STANDARD,Vijayawada,Andhra Pradesh,India
CUS000840,PREMIUM,Delhi,Delhi,India
CUS000841,VIP,Hyderabad,Telangana,India
CUS000842,PREMIUM,Hyderabad,Telangana,India
CUS000843,PREMIUM,Hyderabad,Telangana,India
CUS000844,STANDARD,Madurai,Tamil Nadu,India
CUS000845,PREMIUM,Pune,Maharashtra,India
CUS000846,VIP,Noida,Uttar Pradesh,India
CUS000847,STANDARD,Coimbatore,Tamil Nadu,India
CUS000848,PREMIUM,Chennai,Tamil Nadu,India
CUS000849,STANDARD,Noida,Uttar Pradesh,India
CUS000850,STANDARD,Thiruvananthapuram,Kerala,India
CUS000851,VIP,Kochi,Kerala,India
CUS000852,STANDARD,Lucknow,Uttar Pradesh,India
CUS000853,STANDARD,Bhopal,Madhya Pradesh,India
CUS000854,STANDARD,Mysuru,Karnataka,India
CUS000855,PREMIUM,Nashik,Maharashtra,India
CUS000856,PREMIUM,Kolkata,West Bengal,India
CUS000857,STANDARD,Mysuru,Karnataka,India
CUS000858,STANDARD,Nagpur,Maharashtra,India
CUS000859,STANDARD,Mysuru,Karnataka,India
CUS000860,VIP,Visakhapatnam,Andhra Pradesh,India
CUS000861,PREMIUM,Kolkata,West Bengal,India
CUS000862,STANDARD,Kolkata,West Bengal,India
CUS000863,VIP,Hyderabad,Telangana,India
CUS000864,STANDARD,Delhi,Delhi,India
CUS000865,STANDARD,Vijayawada,Andhra Pradesh,India
CUS000866,STANDARD,Bhubaneswar,Odisha,India
CUS000867,PREMIUM,Gurugram,Haryana,India
CUS000868,STANDARD,Mumbai,Maharashtra,India
CUS000869,VIP,Lucknow,Uttar Pradesh,India
CUS000870,STANDARD,Delhi,Delhi,India
CUS000871,STANDARD,Indore,Madhya Pradesh,India
CUS000872,PREMIUM,Surat,Gujarat,India
CUS000873,STANDARD,Gurugram,Haryana,India
CUS000874,VIP,Coimbatore,Tamil Nadu,India
CUS000875,STANDARD,Kochi,Kerala,India
CUS000876,VIP,Madurai,Tamil Nadu,India
CUS000877,PREMIUM,Bengaluru,Karnataka,India
CUS000878,STANDARD,Jaipur,Rajasthan,India
CUS000879,STANDARD,Jaipur,Rajasthan,India
CUS000880,STANDARD,Thiruvananthapuram,Kerala,India
CUS000881,STANDARD,Kochi,Kerala,India
CUS000882,VIP,Pune,Maharashtra,India
CUS000883,PREMIUM,Nashik,Maharashtra,India
CUS000884,PREMIUM,Visakhapatnam,Andhra Pradesh,India
CUS000885,PREMIUM,Nashik,Maharashtra,India
CUS000886,PREMIUM,Bengaluru,Karnataka,India
CUS000887,STANDARD,Bhopal,Madhya Pradesh,India
CUS000888,VIP,Noida,Uttar Pradesh,India
CUS000889,VIP,Thiruvananthapuram,Kerala,India
CUS000890,STANDARD,Mumbai,Maharashtra,India
CUS000891,VIP,Hyderabad,Telangana,India
CUS000892,VIP,Nashik,Maharashtra,India
CUS000893,STANDARD,Kolkata,West Bengal,India
CUS000894,PREMIUM,Jaipur,Rajasthan,India
CUS000895,STANDARD,Bhopal,Madhya Pradesh,India
CUS000896,STANDARD,Hyderabad,Telangana,India
CUS000897,VIP,Kolkata,West Bengal,India
CUS000898,STANDARD,Jaipur,Rajasthan,India
CUS000899,STANDARD,Mysuru,Karnataka,India
CUS000900,STANDARD,Chandigarh,Chandigarh,India
CUS000901,STANDARD,Vijayawada,Andhra Pradesh,India
CUS000902,STANDARD,Jaipur,Rajasthan,India
CUS000903,STANDARD,Bhubaneswar,Odisha,India
CUS000904,STANDARD,Kolkata,West Bengal,India
CUS000905,VIP,Coimbatore,Tamil Nadu,India
CUS000906,STANDARD,Hyderabad,Telangana,India
CUS000907,STANDARD,Gurugram,Haryana,India
CUS000908,PREMIUM,Ahmedabad,Gujarat,India
CUS000909,VIP,Noida,Uttar Pradesh,India
CUS000910,STANDARD,Vijayawada,Andhra Pradesh,India
CUS000911,STANDARD,Lucknow,Uttar Pradesh,India
CUS000912,VIP,Mumbai,Maharashtra,India
CUS000913,STANDARD,Nagpur,Maharashtra,India
CUS000914,VIP,Surat,Gujarat,India
CUS000915,STANDARD,Vijayawada,Andhra Pradesh,India
CUS000916,PREMIUM,Nagpur,Maharashtra,India
CUS000917,VIP,Nagpur,Maharashtra,India
CUS000918,STANDARD,Indore,Madhya Pradesh,India
CUS000919,VIP,Bengaluru,Karnataka,India
CUS000920,PREMIUM,Lucknow,Uttar Pradesh,India
CUS000921,STANDARD,Mysuru,Karnataka,India
CUS000922,STANDARD,Visakhapatnam,Andhra Pradesh,India
CUS000923,STANDARD,Nashik,Maharashtra,India
CUS000924,STANDARD,Pune,Maharashtra,India
CUS000925,VIP,Coimbatore,Tamil Nadu,India
CUS000926,PREMIUM,Chennai,Tamil Nadu,India
CUS000927,STANDARD,Indore,Madhya Pradesh,India
CUS000928,STANDARD,Nashik,Maharashtra,India
CUS000929,STANDARD,Mumbai,Maharashtra,India
CUS000930,VIP,Thiruvananthapuram,Kerala,India
CUS000931,STANDARD,Gurugram,Haryana,India
CUS000932,PREMIUM,Coimbatore,Tamil Nadu,India
CUS000933,STANDARD,Jaipur,Rajasthan,India
CUS000934,STANDARD,Indore,Madhya Pradesh,India
CUS000935,STANDARD,Coimbatore,Tamil Nadu,India
CUS000936,STANDARD,Gurugram,Haryana,India
CUS000937,PREMIUM,Madurai,Tamil Nadu,India
CUS000938,STANDARD,Visakhapatnam,Andhra Pradesh,India
CUS000939,VIP,Madurai,Tamil Nadu,India
CUS000940,PREMIUM,Vijayawada,Andhra Pradesh,India
CUS000941,STANDARD,Kochi,Kerala,India
CUS000942,STANDARD,Nashik,Maharashtra,India
CUS000943,VIP,Bhopal,Madhya Pradesh,India
CUS000944,STANDARD,Pune,Maharashtra,India
CUS000945,PREMIUM,Nashik,Maharashtra,India
CUS000946,PREMIUM,Surat,Gujarat,India
CUS000947,PREMIUM,Chandigarh,Chandigarh,India
CUS000948,PREMIUM,Thiruvananthapuram,Kerala,India
CUS000949,PREMIUM,Gurugram,Haryana,India
CUS000950,STANDARD,Madurai,Tamil Nadu,India
CUS000951,STANDARD,Jaipur,Rajasthan,India
CUS000952,VIP,Thiruvananthapuram,Kerala,India
CUS000953,PREMIUM,Delhi,Delhi,India
CUS000954,STANDARD,Vijayawada,Andhra Pradesh,India
CUS000955,PREMIUM,Hyderabad,Telangana,India
CUS000956,STANDARD,Pune,Maharashtra,India
CUS000957,VIP,Bengaluru,Karnataka,India
CUS000958,STANDARD,Chennai,Tamil Nadu,India
CUS000959,VIP,Bhopal,Madhya Pradesh,India
CUS000960,VIP,Kolkata,West Bengal,India
CUS000961,VIP,Surat,Gujarat,India
CUS000962,STANDARD,Surat,Gujarat,India
CUS000963,STANDARD,Thiruvananthapuram,Kerala,India
CUS000964,PREMIUM,Kolkata,West Bengal,India
CUS000965,VIP,Bhopal,Madhya Pradesh,India
CUS000966,STANDARD,Jaipur,Rajasthan,India
CUS000967,VIP,Hyderabad,Telangana,India
CUS000968,STANDARD,Indore,Madhya Pradesh,India
CUS000969,STANDARD,Vijayawada,Andhra Pradesh,India
CUS000970,VIP,Thiruvananthapuram,Kerala,India
CUS000971,PREMIUM,Kochi,Kerala,India
CUS000972,PREMIUM,Delhi,Delhi,India
CUS000973,STANDARD,Jaipur,Rajasthan,India
CUS000974,VIP,Mumbai,Maharashtra,India
CUS000975,PREMIUM,Gurugram,Haryana,India
CUS000976,PREMIUM,Vijayawada,Andhra Pradesh,India
CUS000977,STANDARD,Gurugram,Haryana,India
CUS000978,PREMIUM,Bhubaneswar,Odisha,India
CUS000979,STANDARD,Chennai,Tamil Nadu,India
CUS000980,STANDARD,Chennai,Tamil Nadu,India
CUS000981,PREMIUM,Pune,Maharashtra,India
CUS000982,PREMIUM,Lucknow,Uttar Pradesh,India
CUS000983,PREMIUM,Kochi,Kerala,India
CUS000984,STANDARD,Madurai,Tamil Nadu,India
CUS000985,PREMIUM,Nagpur,Maharashtra,India
CUS000986,PREMIUM,Visakhapatnam,Andhra Pradesh,India
CUS000987,STANDARD,Visakhapatnam,Andhra Pradesh,India
CUS000988,PREMIUM,Vijayawada,Andhra Pradesh,India
CUS000989,STANDARD,Chennai,Tamil Nadu,India
CUS000990,VIP,Vijayawada,Andhra Pradesh,India
CUS000991,STANDARD,Kochi,Kerala,India
CUS000992,PREMIUM,Nashik,Maharashtra,India
CUS000993,STANDARD,Hyderabad,Telangana,India
CUS000994,PREMIUM,Ahmedabad,Gujarat,India
CUS000995,STANDARD,Mumbai,Maharashtra,India
CUS000996,PREMIUM,Chandigarh,Chandigarh,India
CUS000997,VIP,Jaipur,Rajasthan,India
CUS000998,PREMIUM,Mysuru,Karnataka,India
CUS000999,STANDARD,Ahmedabad,Gujarat,India
CUS001000,VIP,Kochi,Kerala,India
CUS001001,STANDARD,Visakhapatnam,Andhra Pradesh,India
CUS001002,STANDARD,Coimbatore,Tamil Nadu,India
CUS001003,PREMIUM,Lucknow,Uttar Pradesh,India
CUS001004,PREMIUM,Chennai,Tamil Nadu,India
CUS001005,PREMIUM,Bhubaneswar,Odisha,India
CUS001006,PREMIUM,Jaipur,Rajasthan,India
CUS001007,VIP,Bhopal,Madhya Pradesh,India
CUS001008,VIP,Coimbatore,Tamil Nadu,India
CUS001009,STANDARD,Visakhapatnam,Andhra Pradesh,India
CUS001010,VIP,Nashik,Maharashtra,India
CUS001011,STANDARD,Lucknow,Uttar Pradesh,India
CUS001012,STANDARD,Chennai,Tamil Nadu,India
CUS001013,STANDARD,Kochi,Kerala,India
CUS001014,PREMIUM,Ahmedabad,Gujarat,India
CUS001015,VIP,Coimbatore,Tamil Nadu,India
CUS001016,STANDARD,Nashik,Maharashtra,India
CUS001017,PREMIUM,Gurugram,Haryana,India
CUS001018,VIP,Delhi,Delhi,India
CUS001019,VIP,Indore,Madhya Pradesh,India
CUS001020,STANDARD,Hyderabad,Telangana,India
CUS001021,PREMIUM,Bengaluru,Karnataka,India
CUS001022,STANDARD,Noida,Uttar Pradesh,India
CUS001023,PREMIUM,Nashik,Maharashtra,India
CUS001024,PREMIUM,Noida,Uttar Pradesh,India
CUS001025,STANDARD,Chandigarh,Chandigarh,India
CUS001026,STANDARD,Bhopal,Madhya Pradesh,India
CUS001027,PREMIUM,Nashik,Maharashtra,India
CUS001028,VIP,Pune,Maharashtra,India
CUS001029,PREMIUM,Thiruvananthapuram,Kerala,India
CUS001030,PREMIUM,Nashik,Maharashtra,India
CUS001031,VIP,Visakhapatnam,Andhra Pradesh,India
CUS001032,PREMIUM,Surat,Gujarat,India
CUS001033,PREMIUM,Delhi,Delhi,India
CUS001034,PREMIUM,Mumbai,Maharashtra,India
CUS001035,STANDARD,Indore,Madhya Pradesh,India
CUS001036,PREMIUM,Ahmedabad,Gujarat,India
CUS001037,PREMIUM,Surat,Gujarat,India
CUS001038,STANDARD,Kolkata,West Bengal,India
CUS001039,PREMIUM,Bhopal,Madhya Pradesh,India
CUS001040,VIP,Gurugram,Haryana,India
CUS001041,STANDARD,Delhi,Delhi,India
CUS001042,VIP,Madurai,Tamil Nadu,India
CUS001043,PREMIUM,Jaipur,Rajasthan,India
CUS001044,PREMIUM,Chennai,Tamil Nadu,India
CUS001045,PREMIUM,Madurai,Tamil Nadu,India
CUS001046,VIP,Jaipur,Rajasthan,India
CUS001047,STANDARD,Bhubaneswar,Odisha,India
CUS001048,PREMIUM,Bengaluru,Karnataka,India
CUS001049,STANDARD,Chennai,Tamil Nadu,India
CUS001050,STANDARD,Visakhapatnam,Andhra Pradesh,India
CUS001051,PREMIUM,Delhi,Delhi,India
CUS001052,VIP,Jaipur,Rajasthan,India
CUS001053,PREMIUM,Indore,Madhya Pradesh,India
CUS001054,VIP,Mysuru,Karnataka,India
CUS001055,STANDARD,Ahmedabad,Gujarat,India
CUS001056,VIP,Bhopal,Madhya Pradesh,India
CUS001057,VIP,Ahmedabad,Gujarat,India
CUS001058,STANDARD,Noida,Uttar Pradesh,India
CUS001059,PREMIUM,Noida,Uttar Pradesh,India
CUS001060,STANDARD,Bhopal,Madhya Pradesh,India
CUS001061,STANDARD,Thiruvananthapuram,Kerala,India
CUS001062,STANDARD,Thiruvananthapuram,Kerala,India
CUS001063,VIP,Bhopal,Madhya Pradesh,India
CUS001064,PREMIUM,Gurugram,Haryana,India
CUS001065,VIP,Ahmedabad,Gujarat,India
CUS001066,STANDARD,Kochi,Kerala,India
CUS001067,STANDARD,Bhopal,Madhya Pradesh,India
CUS001068,STANDARD,Bhubaneswar,Odisha,India
CUS001069,PREMIUM,Ahmedabad,Gujarat,India
CUS001070,PREMIUM,Surat,Gujarat,India
CUS001071,VIP,Thiruvananthapuram,Kerala,India
CUS001072,VIP,Hyderabad,Telangana,India
CUS001073,PREMIUM,Indore,Madhya Pradesh,India
CUS001074,PREMIUM,Mysuru,Karnataka,India
CUS001075,STANDARD,Chandigarh,Chandigarh,India
CUS001076,STANDARD,Kolkata,West Bengal,India
CUS001077,PREMIUM,Mumbai,Maharashtra,India
CUS001078,STANDARD,Delhi,Delhi,India
CUS001079,STANDARD,Thiruvananthapuram,Kerala,India
CUS001080,STANDARD,Noida,Uttar Pradesh,India
CUS001081,STANDARD,Bhubaneswar,Odisha,India
CUS001082,VIP,Mysuru,Karnataka,India
CUS001083,STANDARD,Bengaluru,Karnataka,India
CUS001084,VIP,Pune,Maharashtra,India
CUS001085,STANDARD,Chandigarh,Chandigarh,India
CUS001086,PREMIUM,Noida,Uttar Pradesh,India
CUS001087,STANDARD,Pune,Maharashtra,India
CUS001088,STANDARD,Visakhapatnam,Andhra Pradesh,India
CUS001089,VIP,Jaipur,Rajasthan,India
CUS001090,PREMIUM,Indore,Madhya Pradesh,India
CUS001091,VIP,Lucknow,Uttar Pradesh,India
CUS001092,PREMIUM,Kochi,Kerala,India
CUS001093,STANDARD,Madurai,Tamil Nadu,India
CUS001094,VIP,Kolkata,West Bengal,India
CUS001095,VIP,Mysuru,Karnataka,India
CUS001096,STANDARD,Thiruvananthapuram,Kerala,India
CUS001097,PREMIUM,Madurai,Tamil Nadu,India
CUS001098,VIP,Hyderabad,Telangana,India
CUS001099,PREMIUM,Chennai,Tamil Nadu,India
CUS001100,STANDARD,Pune,Maharashtra,India
CUS001101,STANDARD,Indore,Madhya Pradesh,India
CUS001102,PREMIUM,Noida,Uttar Pradesh,India
CUS001103,PREMIUM,Bhubaneswar,Odisha,India
CUS001104,VIP,Lucknow,Uttar Pradesh,India
CUS001105,VIP,Bhopal,Madhya Pradesh,India
CUS001106,STANDARD,Kochi,Kerala,India
CUS001107,PREMIUM,Bhubaneswar,Odisha,India
CUS001108,VIP,Ahmedabad,Gujarat,India
CUS001109,STANDARD,Jaipur,Rajasthan,India
CUS001110,VIP,Bhubaneswar,Odisha,India
CUS001111,STANDARD,Noida,Uttar Pradesh,India
CUS001112,STANDARD,Visakhapatnam,Andhra Pradesh,India
CUS001113,STANDARD,Thiruvananthapuram,Kerala,India
CUS001114,STANDARD,Gurugram,Haryana,India
CUS001115,PREMIUM,Indore,Madhya Pradesh,India
CUS001116,PREMIUM,Nashik,Maharashtra,India
CUS001117,PREMIUM,Pune,Maharashtra,India
CUS001118,PREMIUM,Bengaluru,Karnataka,India
CUS001119,STANDARD,Bengaluru,Karnataka,India
CUS001120,PREMIUM,Gurugram,Haryana,India
CUS001121,STANDARD,Bengaluru,Karnataka,India
CUS001122,PREMIUM,Chennai,Tamil Nadu,India
CUS001123,STANDARD,Bhopal,Madhya Pradesh,India
CUS001124,STANDARD,Pune,Maharashtra,India
CUS001125,PREMIUM,Chennai,Tamil Nadu,India
CUS001126,VIP,Pune,Maharashtra,India
CUS001127,VIP,Jaipur,Rajasthan,India
CUS001128,PREMIUM,Mysuru,Karnataka,India
CUS001129,PREMIUM,Chandigarh,Chandigarh,India
CUS001130,STANDARD,Ahmedabad,Gujarat,India
CUS001131,VIP,Nagpur,Maharashtra,India
CUS001132,PREMIUM,Chennai,Tamil Nadu,India
CUS001133,STANDARD,Lucknow,Uttar Pradesh,India
CUS001134,STANDARD,Kolkata,West Bengal,India
CUS001135,PREMIUM,Chandigarh,Chandigarh,India
CUS001136,PREMIUM,Gurugram,Haryana,India
CUS001137,PREMIUM,Ahmedabad,Gujarat,India
CUS001138,STANDARD,Madurai,Tamil Nadu,India
CUS001139,STANDARD,Coimbatore,Tamil Nadu,India
CUS001140,VIP,Noida,Uttar Pradesh,India
CUS001141,STANDARD,Chennai,Tamil Nadu,India
CUS001142,STANDARD,Coimbatore,Tamil Nadu,India
CUS001143,PREMIUM,Noida,Uttar Pradesh,India
CUS001144,PREMIUM,Kolkata,West Bengal,India
CUS001145,VIP,Ahmedabad,Gujarat,India
CUS001146,STANDARD,Mumbai,Maharashtra,India
CUS001147,STANDARD,Thiruvananthapuram,Kerala,India
CUS001148,STANDARD,Visakhapatnam,Andhra Pradesh,India
CUS001149,PREMIUM,Kochi,Kerala,India
CUS001150,STANDARD,Jaipur,Rajasthan,India
CUS001151,VIP,Pune,Maharashtra,India
CUS001152,PREMIUM,Chennai,Tamil Nadu,India
CUS001153,STANDARD,Chandigarh,Chandigarh,India
CUS001154,STANDARD,Madurai,Tamil Nadu,India
CUS001155,VIP,Ahmedabad,Gujarat,India
CUS001156,STANDARD,Mysuru,Karnataka,India
CUS001157,STANDARD,Kolkata,West Bengal,India
CUS001158,PREMIUM,Kolkata,West Bengal,India
CUS001159,PREMIUM,Visakhapatnam,Andhra Pradesh,India
CUS001160,STANDARD,Pune,Maharashtra,India
CUS001161,STANDARD,Kochi,Kerala,India
CUS001162,PREMIUM,Chennai,Tamil Nadu,India
CUS001163,STANDARD,Nagpur,Maharashtra,India
CUS001164,PREMIUM,Gurugram,Haryana,India
CUS001165,STANDARD,Ahmedabad,Gujarat,India
CUS001166,STANDARD,Kochi,Kerala,India
CUS001167,VIP,Noida,Uttar Pradesh,India
CUS001168,STANDARD,Kochi,Kerala,India
CUS001169,PREMIUM,Thiruvananthapuram,Kerala,India
CUS001170,STANDARD,Nashik,Maharashtra,India
CUS001171,VIP,Ahmedabad,Gujarat,India
CUS001172,PREMIUM,Indore,Madhya Pradesh,India
CUS001173,STANDARD,Kochi,Kerala,India
CUS001174,VIP,Indore,Madhya Pradesh,India
CUS001175,STANDARD,Delhi,Delhi,India
CUS001176,VIP,Visakhapatnam,Andhra Pradesh,India
CUS001177,STANDARD,Chennai,Tamil Nadu,India
CUS001178,STANDARD,Nagpur,Maharashtra,India
CUS001179,STANDARD,Pune,Maharashtra,India
CUS001180,STANDARD,Chandigarh,Chandigarh,India
CUS001181,STANDARD,Ahmedabad,Gujarat,India
CUS001182,STANDARD,Surat,Gujarat,India
CUS001183,PREMIUM,Bengaluru,Karnataka,India
CUS001184,PREMIUM,Madurai,Tamil Nadu,India
CUS001185,PREMIUM,Kochi,Kerala,India
CUS001186,STANDARD,Hyderabad,Telangana,India
CUS001187,PREMIUM,Mumbai,Maharashtra,India
CUS001188,STANDARD,Thiruvananthapuram,Kerala,India
CUS001189,STANDARD,Ahmedabad,Gujarat,India
CUS001190,VIP,Kochi,Kerala,India
CUS001191,STANDARD,Jaipur,Rajasthan,India
CUS001192,VIP,Bhubaneswar,Odisha,India
CUS001193,STANDARD,Surat,Gujarat,India
CUS001194,STANDARD,Bhopal,Madhya Pradesh,India
CUS001195,PREMIUM,Coimbatore,Tamil Nadu,India
CUS001196,STANDARD,Nashik,Maharashtra,India
CUS001197,VIP,Chandigarh,Chandigarh,India
CUS001198,PREMIUM,Mysuru,Karnataka,India
CUS001199,STANDARD,Nagpur,Maharashtra,India
CUS001200,PREMIUM,Bhubaneswar,Odisha,India
CUS001201,PREMIUM,Madurai,Tamil Nadu,India
CUS001202,STANDARD,Thiruvananthapuram,Kerala,India
CUS001203,STANDARD,Vijayawada,Andhra Pradesh,India
CUS001204,STANDARD,Ahmedabad,Gujarat,India
CUS001205,VIP,Delhi,Delhi,India
CUS001206,PREMIUM,Madurai,Tamil Nadu,India
CUS001207,VIP,Mysuru,Karnataka,India
CUS001208,STANDARD,Delhi,Delhi,India
CUS001209,VIP,Thiruvananthapuram,Kerala,India
CUS001210,STANDARD,Kochi,Kerala,India
CUS001211,PREMIUM,Mumbai,Maharashtra,India
CUS001212,STANDARD,Ahmedabad,Gujarat,India
CUS001213,STANDARD,Nashik,Maharashtra,India
CUS001214,PREMIUM,Mumbai,Maharashtra,India
CUS001215,PREMIUM,Jaipur,Rajasthan,India
CUS001216,PREMIUM,Ahmedabad,Gujarat,India
CUS001217,STANDARD,Nagpur,Maharashtra,India
CUS001218,VIP,Noida,Uttar Pradesh,India
CUS001219,VIP,Indore,Madhya Pradesh,India
CUS001220,STANDARD,Coimbatore,Tamil Nadu,India
CUS001221,VIP,Hyderabad,Telangana,India
CUS001222,STANDARD,Kolkata,West Bengal,India
CUS001223,STANDARD,Gurugram,Haryana,India
CUS001224,PREMIUM,Lucknow,Uttar Pradesh,India
CUS001225,STANDARD,Bengaluru,Karnataka,India
CUS001226,STANDARD,Nashik,Maharashtra,India
CUS001227,PREMIUM,Thiruvananthapuram,Kerala,India
CUS001228,PREMIUM,Pune,Maharashtra,India
CUS001229,VIP,Visakhapatnam,Andhra Pradesh,India
CUS001230,STANDARD,Ahmedabad,Gujarat,India
CUS001231,VIP,Mysuru,Karnataka,India
CUS001232,STANDARD,Nagpur,Maharashtra,India
CUS001233,STANDARD,Nashik,Maharashtra,India
CUS001234,PREMIUM,Indore,Madhya Pradesh,India
CUS001235,STANDARD,Vijayawada,Andhra Pradesh,India
CUS001236,STANDARD,Coimbatore,Tamil Nadu,India
CUS001237,VIP,Thiruvananthapuram,Kerala,India
CUS001238,STANDARD,Lucknow,Uttar Pradesh,India
CUS001239,PREMIUM,Mysuru,Karnataka,India
CUS001240,STANDARD,Nagpur,Maharashtra,India
CUS001241,PREMIUM,Chennai,Tamil Nadu,India
CUS001242,STANDARD,Visakhapatnam,Andhra Pradesh,India
CUS001243,VIP,Jaipur,Rajasthan,India
CUS001244,VIP,Mysuru,Karnataka,India
CUS001245,STANDARD,Surat,Gujarat,India
CUS001246,PREMIUM,Surat,Gujarat,India
CUS001247,STANDARD,Coimbatore,Tamil Nadu,India
CUS001248,STANDARD,Hyderabad,Telangana,India
CUS001249,STANDARD,Mumbai,Maharashtra,India
CUS001250,STANDARD,Lucknow,Uttar Pradesh,India
CUS001251,VIP,Bhopal,Madhya Pradesh,India
CUS001252,PREMIUM,Kochi,Kerala,India
CUS001253,STANDARD,Bengaluru,Karnataka,India
CUS001254,VIP,Delhi,Delhi,India
CUS001255,STANDARD,Indore,Madhya Pradesh,India
CUS001256,PREMIUM,Vijayawada,Andhra Pradesh,India
CUS001257,STANDARD,Visakhapatnam,Andhra Pradesh,India
CUS001258,STANDARD,Bhubaneswar,Odisha,India
CUS001259,PREMIUM,Vijayawada,Andhra Pradesh,India
CUS001260,STANDARD,Nashik,Maharashtra,India
CUS001261,PREMIUM,Kochi,Kerala,India
CUS001262,STANDARD,Nagpur,Maharashtra,India
CUS001263,PREMIUM,Delhi,Delhi,India
CUS001264,STANDARD,Noida,Uttar Pradesh,India
CUS001265,VIP,Indore,Madhya Pradesh,India
CUS001266,VIP,Nagpur,Maharashtra,India
CUS001267,STANDARD,Nagpur,Maharashtra,India
CUS001268,VIP,Kolkata,West Bengal,India
CUS001269,PREMIUM,Mumbai,Maharashtra,India
CUS001270,PREMIUM,Surat,Gujarat,India
CUS001271,PREMIUM,Bhubaneswar,Odisha,India
CUS001272,STANDARD,Noida,Uttar Pradesh,India
CUS001273,STANDARD,Ahmedabad,Gujarat,India
CUS001274,PREMIUM,Ahmedabad,Gujarat,India
CUS001275,VIP,Vijayawada,Andhra Pradesh,India
CUS001276,STANDARD,Bhubaneswar,Odisha,India
CUS001277,PREMIUM,Coimbatore,Tamil Nadu,India
CUS001278,PREMIUM,Lucknow,Uttar Pradesh,India
CUS001279,STANDARD,Indore,Madhya Pradesh,India
CUS001280,PREMIUM,Delhi,Delhi,India
CUS001281,PREMIUM,Kolkata,West Bengal,India
CUS001282,PREMIUM,Nagpur,Maharashtra,India
CUS001283,PREMIUM,Coimbatore,Tamil Nadu,India
CUS001284,VIP,Mumbai,Maharashtra,India
CUS001285,PREMIUM,Lucknow,Uttar Pradesh,India
CUS001286,STANDARD,Thiruvananthapuram,Kerala,India
CUS001287,PREMIUM,Bhubaneswar,Odisha,India
CUS001288,PREMIUM,Delhi,Delhi,India
CUS001289,STANDARD,Gurugram,Haryana,India
CUS001290,PREMIUM,Surat,Gujarat,India
CUS001291,STANDARD,Thiruvananthapuram,Kerala,India
CUS001292,VIP,Indore,Madhya Pradesh,India
CUS001293,STANDARD,Vijayawada,Andhra Pradesh,India
CUS001294,STANDARD,Pune,Maharashtra,India
CUS001295,PREMIUM,Bhubaneswar,Odisha,India
CUS001296,STANDARD,Lucknow,Uttar Pradesh,India
CUS001297,STANDARD,Bengaluru,Karnataka,India
CUS001298,STANDARD,Lucknow,Uttar Pradesh,India
CUS001299,STANDARD,Thiruvananthapuram,Kerala,India
CUS001300,STANDARD,Kolkata,West Bengal,India
CUS001301,PREMIUM,Madurai,Tamil Nadu,India
CUS001302,STANDARD,Visakhapatnam,Andhra Pradesh,India
CUS001303,VIP,Pune,Maharashtra,India
CUS001304,STANDARD,Chennai,Tamil Nadu,India
CUS001305,PREMIUM,Bhopal,Madhya Pradesh,India
CUS001306,STANDARD,Kochi,Kerala,India
CUS001307,STANDARD,Indore,Madhya Pradesh,India
CUS001308,PREMIUM,Surat,Gujarat,India
CUS001309,STANDARD,Surat,Gujarat,India
CUS001310,VIP,Madurai,Tamil Nadu,India
CUS001311,STANDARD,Madurai,Tamil Nadu,India
CUS001312,VIP,Surat,Gujarat,India
CUS001313,PREMIUM,Nagpur,Maharashtra,India
CUS001314,PREMIUM,Bengaluru,Karnataka,India
CUS001315,PREMIUM,Lucknow,Uttar Pradesh,India
CUS001316,STANDARD,Madurai,Tamil Nadu,India
CUS001317,PREMIUM,Coimbatore,Tamil Nadu,India
CUS001318,PREMIUM,Chandigarh,Chandigarh,India
CUS001319,STANDARD,Jaipur,Rajasthan,India
CUS001320,STANDARD,Kolkata,West Bengal,India
CUS001321,STANDARD,Visakhapatnam,Andhra Pradesh,India
CUS001322,STANDARD,Lucknow,Uttar Pradesh,India
CUS001323,VIP,Kolkata,West Bengal,India
CUS001324,STANDARD,Bengaluru,Karnataka,India
CUS001325,STANDARD,Delhi,Delhi,India
CUS001326,STANDARD,Gurugram,Haryana,India
CUS001327,VIP,Jaipur,Rajasthan,India
CUS001328,VIP,Nashik,Maharashtra,India
CUS001329,PREMIUM,Lucknow,Uttar Pradesh,India
CUS001330,STANDARD,Chandigarh,Chandigarh,India
CUS001331,STANDARD,Indore,Madhya Pradesh,India
CUS001332,VIP,Vijayawada,Andhra Pradesh,India
CUS001333,PREMIUM,Vijayawada,Andhra Pradesh,India
CUS001334,PREMIUM,Noida,Uttar Pradesh,India
CUS001335,VIP,Gurugram,Haryana,India
CUS001336,STANDARD,Hyderabad,Telangana,India
CUS001337,STANDARD,Lucknow,Uttar Pradesh,India
CUS001338,PREMIUM,Delhi,Delhi,India
CUS001339,STANDARD,Surat,Gujarat,India
CUS001340,VIP,Delhi,Delhi,India
CUS001341,STANDARD,Kolkata,West Bengal,India
CUS001342,STANDARD,Surat,Gujarat,India
CUS001343,STANDARD,Pune,Maharashtra,India
CUS001344,STANDARD,Bengaluru,Karnataka,India
CUS001345,PREMIUM,Kolkata,West Bengal,India
CUS001346,PREMIUM,Jaipur,Rajasthan,India
CUS001347,STANDARD,Kochi,Kerala,India
CUS001348,VIP,Indore,Madhya Pradesh,India
CUS001349,STANDARD,Thiruvananthapuram,Kerala,India
CUS001350,STANDARD,Nagpur,Maharashtra,India
CUS001351,PREMIUM,Visakhapatnam,Andhra Pradesh,India
CUS001352,PREMIUM,Vijayawada,Andhra Pradesh,India
CUS001353,STANDARD,Gurugram,Haryana,India
CUS001354,PREMIUM,Hyderabad,Telangana,India
CUS001355,PREMIUM,Delhi,Delhi,India
CUS001356,STANDARD,Bhubaneswar,Odisha,India
CUS001357,VIP,Jaipur,Rajasthan,India
CUS001358,STANDARD,Kolkata,West Bengal,India
CUS001359,VIP,Gurugram,Haryana,India
CUS001360,STANDARD,Thiruvananthapuram,Kerala,India
CUS001361,PREMIUM,Visakhapatnam,Andhra Pradesh,India
CUS001362,STANDARD,Surat,Gujarat,India
CUS001363,PREMIUM,Lucknow,Uttar Pradesh,India
CUS001364,STANDARD,Madurai,Tamil Nadu,India
CUS001365,STANDARD,Nashik,Maharashtra,India
CUS001366,PREMIUM,Noida,Uttar Pradesh,India
CUS001367,VIP,Kolkata,West Bengal,India
CUS001368,STANDARD,Hyderabad,Telangana,India
CUS001369,STANDARD,Jaipur,Rajasthan,India
CUS001370,PREMIUM,Gurugram,Haryana,India
CUS001371,PREMIUM,Jaipur,Rajasthan,India
CUS001372,PREMIUM,Pune,Maharashtra,India
CUS001373,STANDARD,Kolkata,West Bengal,India
CUS001374,PREMIUM,Nagpur,Maharashtra,India
CUS001375,STANDARD,Thiruvananthapuram,Kerala,India
CUS001376,PREMIUM,Jaipur,Rajasthan,India
CUS001377,VIP,Mumbai,Maharashtra,India
CUS001378,PREMIUM,Kochi,Kerala,India
CUS001379,PREMIUM,Kolkata,West Bengal,India
CUS001380,STANDARD,Coimbatore,Tamil Nadu,India
CUS001381,PREMIUM,Bhopal,Madhya Pradesh,India
CUS001382,STANDARD,Hyderabad,Telangana,India
CUS001383,PREMIUM,Chandigarh,Chandigarh,India
CUS001384,PREMIUM,Chandigarh,Chandigarh,India
CUS001385,PREMIUM,Coimbatore,Tamil Nadu,India
CUS001386,VIP,Chandigarh,Chandigarh,India
CUS001387,VIP,Bhubaneswar,Odisha,India
CUS001388,STANDARD,Surat,Gujarat,India
CUS001389,STANDARD,Hyderabad,Telangana,India
CUS001390,PREMIUM,Bengaluru,Karnataka,India
CUS001391,STANDARD,Bhubaneswar,Odisha,India
CUS001392,STANDARD,Nagpur,Maharashtra,India
CUS001393,PREMIUM,Jaipur,Rajasthan,India
CUS001394,STANDARD,Hyderabad,Telangana,India
CUS001395,STANDARD,Noida,Uttar Pradesh,India
CUS001396,VIP,Bhopal,Madhya Pradesh,India
CUS001397,STANDARD,Chandigarh,Chandigarh,India
CUS001398,PREMIUM,Surat,Gujarat,India
CUS001399,PREMIUM,Nashik,Maharashtra,India
CUS001400,PREMIUM,Mumbai,Maharashtra,India
CUS001401,STANDARD,Kochi,Kerala,India
CUS001402,STANDARD,Bhopal,Madhya Pradesh,India
CUS001403,STANDARD,Hyderabad,Telangana,India
CUS001404,STANDARD,Nashik,Maharashtra,India
CUS001405,VIP,Hyderabad,Telangana,India
CUS001406,STANDARD,Surat,Gujarat,India
CUS001407,PREMIUM,Bengaluru,Karnataka,India
CUS001408,PREMIUM,Hyderabad,Telangana,India
CUS001409,PREMIUM,Coimbatore,Tamil Nadu,India
CUS001410,VIP,Bengaluru,Karnataka,India
CUS001411,STANDARD,Madurai,Tamil Nadu,India
CUS001412,PREMIUM,Hyderabad,Telangana,India
CUS001413,PREMIUM,Chandigarh,Chandigarh,India
CUS001414,STANDARD,Vijayawada,Andhra Pradesh,India
CUS001415,PREMIUM,Coimbatore,Tamil Nadu,India
CUS001416,PREMIUM,Ahmedabad,Gujarat,India
CUS001417,STANDARD,Bengaluru,Karnataka,India
CUS001418,STANDARD,Surat,Gujarat,India
CUS001419,VIP,Bhubaneswar,Odisha,India
CUS001420,VIP,Madurai,Tamil Nadu,India
CUS001421,VIP,Delhi,Delhi,India
CUS001422,VIP,Nashik,Maharashtra,India
CUS001423,PREMIUM,Lucknow,Uttar Pradesh,India
CUS001424,VIP,Chandigarh,Chandigarh,India
CUS001425,STANDARD,Gurugram,Haryana,India
CUS001426,PREMIUM,Noida,Uttar Pradesh,India
CUS001427,STANDARD,Madurai,Tamil Nadu,India
CUS001428,PREMIUM,Chandigarh,Chandigarh,India
CUS001429,VIP,Jaipur,Rajasthan,India
CUS001430,VIP,Thiruvananthapuram,Kerala,India
CUS001431,STANDARD,Pune,Maharashtra,India
CUS001432,VIP,Madurai,Tamil Nadu,India
CUS001433,STANDARD,Mumbai,Maharashtra,India
CUS001434,PREMIUM,Delhi,Delhi,India
CUS001435,PREMIUM,Jaipur,Rajasthan,India
CUS001436,STANDARD,Nagpur,Maharashtra,India
CUS001437,STANDARD,Bengaluru,Karnataka,India
CUS001438,STANDARD,Coimbatore,Tamil Nadu,India
CUS001439,STANDARD,Jaipur,Rajasthan,India
CUS001440,PREMIUM,Indore,Madhya Pradesh,India
CUS001441,PREMIUM,Madurai,Tamil Nadu,India
CUS001442,PREMIUM,Kochi,Kerala,India
CUS001443,VIP,Mysuru,Karnataka,India
CUS001444,STANDARD,Jaipur,Rajasthan,India
CUS001445,STANDARD,Bhubaneswar,Odisha,India
CUS001446,PREMIUM,Kochi,Kerala,India
CUS001447,STANDARD,Visakhapatnam,Andhra Pradesh,India
CUS001448,VIP,Noida,Uttar Pradesh,India
CUS001449,PREMIUM,Chandigarh,Chandigarh,India
CUS001450,STANDARD,Mysuru,Karnataka,India
CUS001451,PREMIUM,Pune,Maharashtra,India
CUS001452,PREMIUM,Kolkata,West Bengal,India
CUS001453,STANDARD,Bhopal,Madhya Pradesh,India
CUS001454,STANDARD,Jaipur,Rajasthan,India
CUS001455,STANDARD,Thiruvananthapuram,Kerala,India
CUS001456,STANDARD,Coimbatore,Tamil Nadu,India
CUS001457,STANDARD,Kochi,Kerala,India
CUS001458,STANDARD,Gurugram,Haryana,India
CUS001459,PREMIUM,Bengaluru,Karnataka,India
CUS001460,VIP,Coimbatore,Tamil Nadu,India
CUS001461,PREMIUM,Madurai,Tamil Nadu,India
CUS001462,STANDARD,Surat,Gujarat,India
CUS001463,STANDARD,Kolkata,West Bengal,India
CUS001464,VIP,Indore,Madhya Pradesh,India
CUS001465,STANDARD,Nagpur,Maharashtra,India
CUS001466,STANDARD,Ahmedabad,Gujarat,India
CUS001467,PREMIUM,Indore,Madhya Pradesh,India
CUS001468,STANDARD,Surat,Gujarat,India
CUS001469,STANDARD,Coimbatore,Tamil Nadu,India
CUS001470,PREMIUM,Lucknow,Uttar Pradesh,India
CUS001471,PREMIUM,Noida,Uttar Pradesh,India
CUS001472,PREMIUM,Madurai,Tamil Nadu,India
CUS001473,STANDARD,Mumbai,Maharashtra,India
CUS001474,PREMIUM,Gurugram,Haryana,India
CUS001475,STANDARD,Kolkata,West Bengal,India
CUS001476,STANDARD,Ahmedabad,Gujarat,India
CUS001477,STANDARD,Kolkata,West Bengal,India
CUS001478,STANDARD,Chennai,Tamil Nadu,India
CUS001479,PREMIUM,Chandigarh,Chandigarh,India
CUS001480,PREMIUM,Bengaluru,Karnataka,India
CUS001481,PREMIUM,Chandigarh,Chandigarh,India
CUS001482,VIP,Bengaluru,Karnataka,India
CUS001483,PREMIUM,Visakhapatnam,Andhra Pradesh,India
CUS001484,PREMIUM,Surat,Gujarat,India
CUS001485,STANDARD,Bhubaneswar,Odisha,India
CUS001486,STANDARD,Bhubaneswar,Odisha,India
CUS001487,PREMIUM,Bhubaneswar,Odisha,India
CUS001488,PREMIUM,Thiruvananthapuram,Kerala,India
CUS001489,STANDARD,Surat,Gujarat,India
CUS001490,STANDARD,Vijayawada,Andhra Pradesh,India
CUS001491,STANDARD,Bengaluru,Karnataka,India
CUS001492,VIP,Madurai,Tamil Nadu,India
CUS001493,STANDARD,Chandigarh,Chandigarh,India
CUS001494,VIP,Thiruvananthapuram,Kerala,India
CUS001495,STANDARD,Lucknow,Uttar Pradesh,India
CUS001496,STANDARD,Hyderabad,Telangana,India
CUS001497,PREMIUM,Kolkata,West Bengal,India
CUS001498,VIP,Mumbai,Maharashtra,India
CUS001499,STANDARD,Bengaluru,Karnataka,India
CUS001500,STANDARD,Mysuru,Karnataka,India
CUS001501,VIP,Madurai,Tamil Nadu,India
CUS001502,STANDARD,Indore,Madhya Pradesh,India
CUS001503,PREMIUM,Nagpur,Maharashtra,India
CUS001504,PREMIUM,Gurugram,Haryana,India
CUS001505,STANDARD,Chennai,Tamil Nadu,India
CUS001506,PREMIUM,Noida,Uttar Pradesh,India
CUS001507,STANDARD,Bengaluru,Karnataka,India
CUS001508,VIP,Indore,Madhya Pradesh,India
CUS001509,PREMIUM,Noida,Uttar Pradesh,India
CUS001510,STANDARD,Indore,Madhya Pradesh,India
CUS001511,VIP,Lucknow,Uttar Pradesh,India
CUS001512,STANDARD,Lucknow,Uttar Pradesh,India
CUS001513,STANDARD,Noida,Uttar Pradesh,India
CUS001514,STANDARD,Noida,Uttar Pradesh,India
CUS001515,STANDARD,Jaipur,Rajasthan,India
CUS001516,STANDARD,Delhi,Delhi,India
CUS001517,STANDARD,Nashik,Maharashtra,India
CUS001518,VIP,Thiruvananthapuram,Kerala,India
CUS001519,PREMIUM,Vijayawada,Andhra Pradesh,India
CUS001520,PREMIUM,Mumbai,Maharashtra,India
CUS001521,PREMIUM,Pune,Maharashtra,India
CUS001522,PREMIUM,Coimbatore,Tamil Nadu,India
CUS001523,PREMIUM,Chennai,Tamil Nadu,India
CUS001524,STANDARD,Surat,Gujarat,India
CUS001525,STANDARD,Vijayawada,Andhra Pradesh,India
CUS001526,PREMIUM,Bhubaneswar,Odisha,India
CUS001527,PREMIUM,Bengaluru,Karnataka,India
CUS001528,PREMIUM,Lucknow,Uttar Pradesh,India
CUS001529,STANDARD,Delhi,Delhi,India
CUS001530,PREMIUM,Kolkata,West Bengal,India
CUS001531,PREMIUM,Vijayawada,Andhra Pradesh,India
CUS001532,PREMIUM,Pune,Maharashtra,India
CUS001533,PREMIUM,Coimbatore,Tamil Nadu,India
CUS001534,STANDARD,Thiruvananthapuram,Kerala,India
CUS001535,STANDARD,Visakhapatnam,Andhra Pradesh,India
CUS001536,PREMIUM,Bhopal,Madhya Pradesh,India
CUS001537,STANDARD,Visakhapatnam,Andhra Pradesh,India
CUS001538,STANDARD,Bhopal,Madhya Pradesh,India
CUS001539,VIP,Mumbai,Maharashtra,India
CUS001540,PREMIUM,Noida,Uttar Pradesh,India
CUS001541,STANDARD,Surat,Gujarat,India
CUS001542,STANDARD,Chennai,Tamil Nadu,India
CUS001543,STANDARD,Jaipur,Rajasthan,India
CUS001544,PREMIUM,Gurugram,Haryana,India
CUS001545,STANDARD,Bengaluru,Karnataka,India
CUS001546,PREMIUM,Bengaluru,Karnataka,India
CUS001547,STANDARD,Jaipur,Rajasthan,India
CUS001548,STANDARD,Coimbatore,Tamil Nadu,India
CUS001549,PREMIUM,Vijayawada,Andhra Pradesh,India
CUS001550,PREMIUM,Noida,Uttar Pradesh,India
CUS001551,STANDARD,Bhopal,Madhya Pradesh,India
CUS001552,PREMIUM,Coimbatore,Tamil Nadu,India
CUS001553,PREMIUM,Bengaluru,Karnataka,India
CUS001554,PREMIUM,Gurugram,Haryana,India
CUS001555,PREMIUM,Delhi,Delhi,India
CUS001556,STANDARD,Thiruvananthapuram,Kerala,India
CUS001557,VIP,Nashik,Maharashtra,India
CUS001558,STANDARD,Bengaluru,Karnataka,India
CUS001559,PREMIUM,Ahmedabad,Gujarat,India
CUS001560,STANDARD,Madurai,Tamil Nadu,India
CUS001561,VIP,Delhi,Delhi,India
CUS001562,PREMIUM,Delhi,Delhi,India
CUS001563,STANDARD,Chandigarh,Chandigarh,India
CUS001564,PREMIUM,Gurugram,Haryana,India
CUS001565,STANDARD,Vijayawada,Andhra Pradesh,India
CUS001566,PREMIUM,Kochi,Kerala,India
CUS001567,VIP,Ahmedabad,Gujarat,India
CUS001568,PREMIUM,Chennai,Tamil Nadu,India
CUS001569,STANDARD,Mysuru,Karnataka,India
CUS001570,PREMIUM,Ahmedabad,Gujarat,India
CUS001571,PREMIUM,Pune,Maharashtra,India
CUS001572,VIP,Nashik,Maharashtra,India
CUS001573,STANDARD,Gurugram,Haryana,India
CUS001574,STANDARD,Noida,Uttar Pradesh,India
CUS001575,VIP,Vijayawada,Andhra Pradesh,India
CUS001576,PREMIUM,Nashik,Maharashtra,India
CUS001577,STANDARD,Indore,Madhya Pradesh,India
CUS001578,STANDARD,Bengaluru,Karnataka,India
CUS001579,PREMIUM,Coimbatore,Tamil Nadu,India
CUS001580,STANDARD,Ahmedabad,Gujarat,India
CUS001581,STANDARD,Coimbatore,Tamil Nadu,India
CUS001582,STANDARD,Hyderabad,Telangana,India
CUS001583,VIP,Coimbatore,Tamil Nadu,India
CUS001584,STANDARD,Jaipur,Rajasthan,India
CUS001585,PREMIUM,Surat,Gujarat,India
CUS001586,VIP,Kochi,Kerala,India
CUS001587,STANDARD,Ahmedabad,Gujarat,India
CUS001588,STANDARD,Bhubaneswar,Odisha,India
CUS001589,STANDARD,Coimbatore,Tamil Nadu,India
CUS001590,PREMIUM,Thiruvananthapuram,Kerala,India
CUS001591,VIP,Vijayawada,Andhra Pradesh,India
CUS001592,STANDARD,Visakhapatnam,Andhra Pradesh,India
CUS001593,PREMIUM,Madurai,Tamil Nadu,India
CUS001594,PREMIUM,Mysuru,Karnataka,India
CUS001595,STANDARD,Kochi,Kerala,India
CUS001596,VIP,Gurugram,Haryana,India
CUS001597,STANDARD,Chandigarh,Chandigarh,India
CUS001598,VIP,Hyderabad,Telangana,India
CUS001599,PREMIUM,Jaipur,Rajasthan,India
CUS001600,STANDARD,Madurai,Tamil Nadu,India
CUS001601,STANDARD,Nagpur,Maharashtra,India
CUS001602,STANDARD,Chennai,Tamil Nadu,India
CUS001603,STANDARD,Chennai,Tamil Nadu,India
CUS001604,STANDARD,Kochi,Kerala,India
CUS001605,STANDARD,Bhopal,Madhya Pradesh,India
CUS001606,VIP,Jaipur,Rajasthan,India
CUS001607,STANDARD,Madurai,Tamil Nadu,India
CUS001608,STANDARD,Visakhapatnam,Andhra Pradesh,India
CUS001609,PREMIUM,Indore,Madhya Pradesh,India
CUS001610,PREMIUM,Kolkata,West Bengal,India
CUS001611,STANDARD,Hyderabad,Telangana,India
CUS001612,STANDARD,Gurugram,Haryana,India
CUS001613,VIP,Delhi,Delhi,India
CUS001614,VIP,Lucknow,Uttar Pradesh,India
CUS001615,VIP,Bengaluru,Karnataka,India
CUS001616,VIP,Bhopal,Madhya Pradesh,India
CUS001617,STANDARD,Nagpur,Maharashtra,India
CUS001618,PREMIUM,Gurugram,Haryana,India
CUS001619,STANDARD,Nashik,Maharashtra,India
CUS001620,PREMIUM,Nagpur,Maharashtra,India
CUS001621,STANDARD,Ahmedabad,Gujarat,India
CUS001622,PREMIUM,Mumbai,Maharashtra,India
CUS001623,STANDARD,Kolkata,West Bengal,India
CUS001624,STANDARD,Nashik,Maharashtra,India
CUS001625,STANDARD,Jaipur,Rajasthan,India
CUS001626,VIP,Nagpur,Maharashtra,India
CUS001627,STANDARD,Madurai,Tamil Nadu,India
CUS001628,STANDARD,Lucknow,Uttar Pradesh,India
CUS001629,STANDARD,Indore,Madhya Pradesh,India
CUS001630,VIP,Visakhapatnam,Andhra Pradesh,India
CUS001631,STANDARD,Delhi,Delhi,India
CUS001632,STANDARD,Kolkata,West Bengal,India
CUS001633,STANDARD,Mumbai,Maharashtra,India
CUS001634,STANDARD,Thiruvananthapuram,Kerala,India
CUS001635,PREMIUM,Chennai,Tamil Nadu,India
CUS001636,PREMIUM,Visakhapatnam,Andhra Pradesh,India
CUS001637,PREMIUM,Bengaluru,Karnataka,India
CUS001638,STANDARD,Visakhapatnam,Andhra Pradesh,India
CUS001639,PREMIUM,Bhopal,Madhya Pradesh,India
CUS001640,PREMIUM,Gurugram,Haryana,India
CUS001641,PREMIUM,Jaipur,Rajasthan,India
CUS001642,VIP,Kochi,Kerala,India
CUS001643,PREMIUM,Kochi,Kerala,India
CUS001644,PREMIUM,Hyderabad,Telangana,India
CUS001645,VIP,Kochi,Kerala,India
CUS001646,STANDARD,Ahmedabad,Gujarat,India
CUS001647,PREMIUM,Coimbatore,Tamil Nadu,India
CUS001648,STANDARD,Ahmedabad,Gujarat,India
CUS001649,STANDARD,Chandigarh,Chandigarh,India
CUS001650,STANDARD,Visakhapatnam,Andhra Pradesh,India
CUS001651,PREMIUM,Coimbatore,Tamil Nadu,India
CUS001652,STANDARD,Bengaluru,Karnataka,India
CUS001653,STANDARD,Mysuru,Karnataka,India
CUS001654,PREMIUM,Mumbai,Maharashtra,India
CUS001655,STANDARD,Bhubaneswar,Odisha,India
CUS001656,STANDARD,Coimbatore,Tamil Nadu,India
CUS001657,PREMIUM,Vijayawada,Andhra Pradesh,India
CUS001658,VIP,Mumbai,Maharashtra,India
CUS001659,PREMIUM,Vijayawada,Andhra Pradesh,India
CUS001660,STANDARD,Mysuru,Karnataka,India
CUS001661,PREMIUM,Bhubaneswar,Odisha,India
CUS001662,STANDARD,Chandigarh,Chandigarh,India
CUS001663,STANDARD,Jaipur,Rajasthan,India
CUS001664,STANDARD,Chandigarh,Chandigarh,India
CUS001665,STANDARD,Ahmedabad,Gujarat,India
CUS001666,PREMIUM,Noida,Uttar Pradesh,India
CUS001667,PREMIUM,Ahmedabad,Gujarat,India
CUS001668,STANDARD,Madurai,Tamil Nadu,India
CUS001669,VIP,Gurugram,Haryana,India
CUS001670,VIP,Indore,Madhya Pradesh,India
CUS001671,PREMIUM,Madurai,Tamil Nadu,India
CUS001672,STANDARD,Lucknow,Uttar Pradesh,India
CUS001673,PREMIUM,Nagpur,Maharashtra,India
CUS001674,STANDARD,Kochi,Kerala,India
CUS001675,PREMIUM,Kolkata,West Bengal,India
CUS001676,VIP,Chandigarh,Chandigarh,India
CUS001677,STANDARD,Thiruvananthapuram,Kerala,India
CUS001678,VIP,Mysuru,Karnataka,India
CUS001679,PREMIUM,Indore,Madhya Pradesh,India
CUS001680,STANDARD,Chandigarh,Chandigarh,India
CUS001681,STANDARD,Hyderabad,Telangana,India
CUS001682,STANDARD,Nagpur,Maharashtra,India
CUS001683,STANDARD,Delhi,Delhi,India
CUS001684,VIP,Nashik,Maharashtra,India
CUS001685,PREMIUM,Visakhapatnam,Andhra Pradesh,India
CUS001686,STANDARD,Visakhapatnam,Andhra Pradesh,India
CUS001687,PREMIUM,Bhopal,Madhya Pradesh,India
CUS001688,STANDARD,Vijayawada,Andhra Pradesh,India
CUS001689,STANDARD,Chennai,Tamil Nadu,India
CUS001690,STANDARD,Delhi,Delhi,India
CUS001691,STANDARD,Ahmedabad,Gujarat,India
CUS001692,STANDARD,Gurugram,Haryana,India
CUS001693,STANDARD,Mysuru,Karnataka,India
CUS001694,VIP,Delhi,Delhi,India
CUS001695,VIP,Visakhapatnam,Andhra Pradesh,India
CUS001696,STANDARD,Mumbai,Maharashtra,India
CUS001697,STANDARD,Nagpur,Maharashtra,India
CUS001698,PREMIUM,Mumbai,Maharashtra,India
CUS001699,STANDARD,Noida,Uttar Pradesh,India
CUS001700,STANDARD,Hyderabad,Telangana,India
CUS001701,PREMIUM,Chandigarh,Chandigarh,India
CUS001702,PREMIUM,Coimbatore,Tamil Nadu,India
CUS001703,STANDARD,Bhopal,Madhya Pradesh,India
CUS001704,STANDARD,Chennai,Tamil Nadu,India
CUS001705,STANDARD,Bhubaneswar,Odisha,India
CUS001706,STANDARD,Pune,Maharashtra,India
CUS001707,PREMIUM,Bhubaneswar,Odisha,India
CUS001708,PREMIUM,Nagpur,Maharashtra,India
CUS001709,STANDARD,Vijayawada,Andhra Pradesh,India
CUS001710,STANDARD,Noida,Uttar Pradesh,India
CUS001711,STANDARD,Madurai,Tamil Nadu,India
CUS001712,VIP,Nashik,Maharashtra,India
CUS001713,PREMIUM,Lucknow,Uttar Pradesh,India
CUS001714,PREMIUM,Bhubaneswar,Odisha,India
CUS001715,VIP,Lucknow,Uttar Pradesh,India
CUS001716,STANDARD,Pune,Maharashtra,India
CUS001717,VIP,Visakhapatnam,Andhra Pradesh,India
CUS001718,STANDARD,Bhubaneswar,Odisha,India
CUS001719,VIP,Kolkata,West Bengal,India
CUS001720,PREMIUM,Noida,Uttar Pradesh,India
CUS001721,VIP,Madurai,Tamil Nadu,India
CUS001722,STANDARD,Mysuru,Karnataka,India
CUS001723,VIP,Gurugram,Haryana,India
CUS001724,STANDARD,Indore,Madhya Pradesh,India
CUS001725,PREMIUM,Indore,Madhya Pradesh,India
CUS001726,STANDARD,Kolkata,West Bengal,India
CUS001727,PREMIUM,Bengaluru,Karnataka,India
CUS001728,STANDARD,Kochi,Kerala,India
CUS001729,STANDARD,Noida,Uttar Pradesh,India
CUS001730,VIP,Pune,Maharashtra,India
CUS001731,STANDARD,Noida,Uttar Pradesh,India
CUS001732,VIP,Lucknow,Uttar Pradesh,India
CUS001733,STANDARD,Hyderabad,Telangana,India
CUS001734,STANDARD,Mumbai,Maharashtra,India
CUS001735,STANDARD,Chandigarh,Chandigarh,India
CUS001736,STANDARD,Surat,Gujarat,India
CUS001737,STANDARD,Madurai,Tamil Nadu,India
CUS001738,STANDARD,Mumbai,Maharashtra,India
CUS001739,VIP,Surat,Gujarat,India
CUS001740,VIP,Vijayawada,Andhra Pradesh,India
CUS001741,STANDARD,Jaipur,Rajasthan,India
CUS001742,STANDARD,Coimbatore,Tamil Nadu,India
CUS001743,STANDARD,Lucknow,Uttar Pradesh,India
CUS001744,STANDARD,Vijayawada,Andhra Pradesh,India
CUS001745,PREMIUM,Thiruvananthapuram,Kerala,India
CUS001746,VIP,Chennai,Tamil Nadu,India
CUS001747,STANDARD,Pune,Maharashtra,India
CUS001748,VIP,Coimbatore,Tamil Nadu,India
CUS001749,VIP,Delhi,Delhi,India
CUS001750,STANDARD,Ahmedabad,Gujarat,India
CUS001751,PREMIUM,Delhi,Delhi,India
CUS001752,STANDARD,Lucknow,Uttar Pradesh,India
CUS001753,VIP,Ahmedabad,Gujarat,India
CUS001754,STANDARD,Bhubaneswar,Odisha,India
CUS001755,PREMIUM,Chandigarh,Chandigarh,India
CUS001756,STANDARD,Indore,Madhya Pradesh,India
CUS001757,VIP,Mumbai,Maharashtra,India
CUS001758,STANDARD,Madurai,Tamil Nadu,India
CUS001759,STANDARD,Indore,Madhya Pradesh,India
CUS001760,STANDARD,Bengaluru,Karnataka,India
CUS001761,VIP,Vijayawada,Andhra Pradesh,India
CUS001762,PREMIUM,Visakhapatnam,Andhra Pradesh,India
CUS001763,PREMIUM,Mysuru,Karnataka,India
CUS001764,PREMIUM,Bhopal,Madhya Pradesh,India
CUS001765,PREMIUM,Noida,Uttar Pradesh,India
CUS001766,PREMIUM,Gurugram,Haryana,India
CUS001767,STANDARD,Coimbatore,Tamil Nadu,India
CUS001768,PREMIUM,Indore,Madhya Pradesh,India
CUS001769,PREMIUM,Bengaluru,Karnataka,India
CUS001770,STANDARD,Ahmedabad,Gujarat,India
CUS001771,PREMIUM,Nagpur,Maharashtra,India
CUS001772,PREMIUM,Delhi,Delhi,India
CUS001773,STANDARD,Mysuru,Karnataka,India
CUS001774,STANDARD,Ahmedabad,Gujarat,India
CUS001775,STANDARD,Visakhapatnam,Andhra Pradesh,India
CUS001776,VIP,Bhubaneswar,Odisha,India
CUS001777,PREMIUM,Kolkata,West Bengal,India
CUS001778,STANDARD,Indore,Madhya Pradesh,India
CUS001779,PREMIUM,Mumbai,Maharashtra,India
CUS001780,PREMIUM,Coimbatore,Tamil Nadu,India
CUS001781,STANDARD,Lucknow,Uttar Pradesh,India
CUS001782,STANDARD,Indore,Madhya Pradesh,India
CUS001783,PREMIUM,Thiruvananthapuram,Kerala,India
CUS001784,STANDARD,Madurai,Tamil Nadu,India
CUS001785,VIP,Kolkata,West Bengal,India
CUS001786,PREMIUM,Vijayawada,Andhra Pradesh,India
CUS001787,PREMIUM,Delhi,Delhi,India
CUS001788,STANDARD,Mysuru,Karnataka,India
CUS001789,VIP,Hyderabad,Telangana,India
CUS001790,STANDARD,Chennai,Tamil Nadu,India
CUS001791,PREMIUM,Nashik,Maharashtra,India
CUS001792,STANDARD,Thiruvananthapuram,Kerala,India
CUS001793,STANDARD,Pune,Maharashtra,India
CUS001794,STANDARD,Gurugram,Haryana,India
CUS001795,STANDARD,Noida,Uttar Pradesh,India
CUS001796,STANDARD,Vijayawada,Andhra Pradesh,India
CUS001797,STANDARD,Nashik,Maharashtra,India
CUS001798,VIP,Surat,Gujarat,India
CUS001799,VIP,Madurai,Tamil Nadu,India
CUS001800,PREMIUM,Vijayawada,Andhra Pradesh,India
CUS001801,VIP,Jaipur,Rajasthan,India
CUS001802,STANDARD,Surat,Gujarat,India
CUS001803,STANDARD,Pune,Maharashtra,India
CUS001804,PREMIUM,Lucknow,Uttar Pradesh,India
CUS001805,STANDARD,Bhopal,Madhya Pradesh,India
CUS001806,STANDARD,Mumbai,Maharashtra,India
CUS001807,PREMIUM,Kochi,Kerala,India
CUS001808,PREMIUM,Nagpur,Maharashtra,India
CUS001809,VIP,Chandigarh,Chandigarh,India
CUS001810,STANDARD,Pune,Maharashtra,India
CUS001811,VIP,Ahmedabad,Gujarat,India
CUS001812,STANDARD,Hyderabad,Telangana,India
CUS001813,VIP,Chandigarh,Chandigarh,India
CUS001814,PREMIUM,Pune,Maharashtra,India
CUS001815,PREMIUM,Bengaluru,Karnataka,India
CUS001816,VIP,Pune,Maharashtra,India
CUS001817,STANDARD,Nagpur,Maharashtra,India
CUS001818,STANDARD,Nagpur,Maharashtra,India
CUS001819,STANDARD,Kolkata,West Bengal,India
CUS001820,VIP,Nashik,Maharashtra,India
CUS001821,PREMIUM,Lucknow,Uttar Pradesh,India
CUS001822,STANDARD,Madurai,Tamil Nadu,India
CUS001823,PREMIUM,Noida,Uttar Pradesh,India
CUS001824,STANDARD,Thiruvananthapuram,Kerala,India
CUS001825,VIP,Surat,Gujarat,India
CUS001826,PREMIUM,Gurugram,Haryana,India
CUS001827,PREMIUM,Indore,Madhya Pradesh,India
CUS001828,VIP,Hyderabad,Telangana,India
CUS001829,VIP,Nashik,Maharashtra,India
CUS001830,STANDARD,Surat,Gujarat,India
CUS001831,PREMIUM,Thiruvananthapuram,Kerala,India
CUS001832,VIP,Bhopal,Madhya Pradesh,India
CUS001833,STANDARD,Hyderabad,Telangana,India
CUS001834,STANDARD,Gurugram,Haryana,India
CUS001835,PREMIUM,Ahmedabad,Gujarat,India
CUS001836,STANDARD,Kolkata,West Bengal,India
CUS001837,STANDARD,Thiruvananthapuram,Kerala,India
CUS001838,PREMIUM,Ahmedabad,Gujarat,India
CUS001839,STANDARD,Visakhapatnam,Andhra Pradesh,India
CUS001840,PREMIUM,Chennai,Tamil Nadu,India
CUS001841,STANDARD,Chennai,Tamil Nadu,India
CUS001842,VIP,Hyderabad,Telangana,India
CUS001843,VIP,Hyderabad,Telangana,India
CUS001844,PREMIUM,Chennai,Tamil Nadu,India
CUS001845,PREMIUM,Lucknow,Uttar Pradesh,India
CUS001846,STANDARD,Ahmedabad,Gujarat,India
CUS001847,PREMIUM,Madurai,Tamil Nadu,India
CUS001848,STANDARD,Indore,Madhya Pradesh,India
CUS001849,PREMIUM,Coimbatore,Tamil Nadu,India
CUS001850,PREMIUM,Visakhapatnam,Andhra Pradesh,India
CUS001851,VIP,Mumbai,Maharashtra,India
CUS001852,STANDARD,Pune,Maharashtra,India
CUS001853,STANDARD,Jaipur,Rajasthan,India
CUS001854,STANDARD,Kolkata,West Bengal,India
CUS001855,STANDARD,Mysuru,Karnataka,India
CUS001856,STANDARD,Mysuru,Karnataka,India
CUS001857,STANDARD,Noida,Uttar Pradesh,India
CUS001858,VIP,Mumbai,Maharashtra,India
CUS001859,PREMIUM,Bengaluru,Karnataka,India
CUS001860,PREMIUM,Kolkata,West Bengal,India
CUS001861,PREMIUM,Surat,Gujarat,India
CUS001862,STANDARD,Delhi,Delhi,India
CUS001863,PREMIUM,Pune,Maharashtra,India
CUS001864,STANDARD,Coimbatore,Tamil Nadu,India
CUS001865,STANDARD,Delhi,Delhi,India
CUS001866,PREMIUM,Coimbatore,Tamil Nadu,India
CUS001867,STANDARD,Lucknow,Uttar Pradesh,India
CUS001868,STANDARD,Bengaluru,Karnataka,India
CUS001869,PREMIUM,Nagpur,Maharashtra,India
CUS001870,PREMIUM,Madurai,Tamil Nadu,India
CUS001871,VIP,Noida,Uttar Pradesh,India
CUS001872,VIP,Nagpur,Maharashtra,India
CUS001873,PREMIUM,Chennai,Tamil Nadu,India
CUS001874,PREMIUM,Gurugram,Haryana,India
CUS001875,VIP,Bhopal,Madhya Pradesh,India
CUS001876,STANDARD,Surat,Gujarat,India
CUS001877,VIP,Jaipur,Rajasthan,India
CUS001878,STANDARD,Mysuru,Karnataka,India
CUS001879,PREMIUM,Indore,Madhya Pradesh,India
CUS001880,STANDARD,Madurai,Tamil Nadu,India
CUS001881,STANDARD,Bhubaneswar,Odisha,India
CUS001882,STANDARD,Bhubaneswar,Odisha,India
CUS001883,PREMIUM,Coimbatore,Tamil Nadu,India
CUS001884,STANDARD,Hyderabad,Telangana,India
CUS001885,STANDARD,Bhubaneswar,Odisha,India
CUS001886,VIP,Indore,Madhya Pradesh,India
CUS001887,STANDARD,Jaipur,Rajasthan,India
CUS001888,VIP,Kochi,Kerala,India
CUS001889,STANDARD,Madurai,Tamil Nadu,India
CUS001890,PREMIUM,Mysuru,Karnataka,India
CUS001891,STANDARD,Pune,Maharashtra,India
CUS001892,PREMIUM,Ahmedabad,Gujarat,India
CUS001893,STANDARD,Delhi,Delhi,India
CUS001894,VIP,Kolkata,West Bengal,India
CUS001895,STANDARD,Lucknow,Uttar Pradesh,India
CUS001896,VIP,Pune,Maharashtra,India
CUS001897,PREMIUM,Indore,Madhya Pradesh,India
CUS001898,PREMIUM,Visakhapatnam,Andhra Pradesh,India
CUS001899,PREMIUM,Surat,Gujarat,India
CUS001900,STANDARD,Nagpur,Maharashtra,India
CUS001901,STANDARD,Hyderabad,Telangana,India
CUS001902,PREMIUM,Chandigarh,Chandigarh,India
CUS001903,STANDARD,Delhi,Delhi,India
CUS001904,STANDARD,Chennai,Tamil Nadu,India
CUS001905,PREMIUM,Vijayawada,Andhra Pradesh,India
CUS001906,STANDARD,Indore,Madhya Pradesh,India
CUS001907,PREMIUM,Ahmedabad,Gujarat,India
CUS001908,STANDARD,Bengaluru,Karnataka,India
CUS001909,PREMIUM,Madurai,Tamil Nadu,India
CUS001910,VIP,Hyderabad,Telangana,India
CUS001911,STANDARD,Delhi,Delhi,India
CUS001912,PREMIUM,Vijayawada,Andhra Pradesh,India
CUS001913,PREMIUM,Noida,Uttar Pradesh,India
CUS001914,VIP,Madurai,Tamil Nadu,India
CUS001915,STANDARD,Surat,Gujarat,India
CUS001916,PREMIUM,Ahmedabad,Gujarat,India
CUS001917,PREMIUM,Indore,Madhya Pradesh,India
CUS001918,STANDARD,Lucknow,Uttar Pradesh,India
CUS001919,STANDARD,Nagpur,Maharashtra,India
CUS001920,PREMIUM,Bhubaneswar,Odisha,India
CUS001921,VIP,Chennai,Tamil Nadu,India
CUS001922,STANDARD,Surat,Gujarat,India
CUS001923,VIP,Nashik,Maharashtra,India
CUS001924,PREMIUM,Hyderabad,Telangana,India
CUS001925,STANDARD,Coimbatore,Tamil Nadu,India
CUS001926,STANDARD,Noida,Uttar Pradesh,India
CUS001927,PREMIUM,Coimbatore,Tamil Nadu,India
CUS001928,STANDARD,Kochi,Kerala,India
CUS001929,STANDARD,Bhubaneswar,Odisha,India
CUS001930,STANDARD,Gurugram,Haryana,India
CUS001931,PREMIUM,Jaipur,Rajasthan,India
CUS001932,STANDARD,Jaipur,Rajasthan,India
CUS001933,STANDARD,Visakhapatnam,Andhra Pradesh,India
CUS001934,STANDARD,Lucknow,Uttar Pradesh,India
CUS001935,STANDARD,Thiruvananthapuram,Kerala,India
CUS001936,VIP,Delhi,Delhi,India
CUS001937,STANDARD,Nagpur,Maharashtra,India
CUS001938,STANDARD,Indore,Madhya Pradesh,India
CUS001939,PREMIUM,Lucknow,Uttar Pradesh,India
CUS001940,STANDARD,Delhi,Delhi,India
CUS001941,STANDARD,Mumbai,Maharashtra,India
CUS001942,STANDARD,Bhopal,Madhya Pradesh,India
CUS001943,PREMIUM,Mysuru,Karnataka,India
CUS001944,STANDARD,Vijayawada,Andhra Pradesh,India
CUS001945,STANDARD,Chennai,Tamil Nadu,India
CUS001946,PREMIUM,Indore,Madhya Pradesh,India
CUS001947,STANDARD,Noida,Uttar Pradesh,India
CUS001948,PREMIUM,Ahmedabad,Gujarat,India
CUS001949,STANDARD,Bhubaneswar,Odisha,India
CUS001950,PREMIUM,Ahmedabad,Gujarat,India
CUS001951,VIP,Jaipur,Rajasthan,India
CUS001952,VIP,Delhi,Delhi,India
CUS001953,VIP,Bhopal,Madhya Pradesh,India
CUS001954,PREMIUM,Mumbai,Maharashtra,India
CUS001955,VIP,Surat,Gujarat,India
CUS001956,STANDARD,Kolkata,West Bengal,India
CUS001957,STANDARD,Bengaluru,Karnataka,India
CUS001958,STANDARD,Pune,Maharashtra,India
CUS001959,VIP,Noida,Uttar Pradesh,India
CUS001960,STANDARD,Jaipur,Rajasthan,India
CUS001961,PREMIUM,Pune,Maharashtra,India
CUS001962,STANDARD,Kochi,Kerala,India
CUS001963,PREMIUM,Nagpur,Maharashtra,India
CUS001964,STANDARD,Thiruvananthapuram,Kerala,India
CUS001965,VIP,Thiruvananthapuram,Kerala,India
CUS001966,STANDARD,Coimbatore,Tamil Nadu,India
CUS001967,STANDARD,Mumbai,Maharashtra,India
CUS001968,PREMIUM,Kochi,Kerala,India
CUS001969,PREMIUM,Lucknow,Uttar Pradesh,India
CUS001970,VIP,Kolkata,West Bengal,India
CUS001971,STANDARD,Nashik,Maharashtra,India
CUS001972,PREMIUM,Vijayawada,Andhra Pradesh,India
CUS001973,STANDARD,Ahmedabad,Gujarat,India
CUS001974,STANDARD,Gurugram,Haryana,India
CUS001975,PREMIUM,Kolkata,West Bengal,India
CUS001976,VIP,Ahmedabad,Gujarat,India
CUS001977,STANDARD,Mumbai,Maharashtra,India
CUS001978,PREMIUM,Lucknow,Uttar Pradesh,India
CUS001979,STANDARD,Mysuru,Karnataka,India
CUS001980,PREMIUM,Vijayawada,Andhra Pradesh,India
CUS001981,STANDARD,Indore,Madhya Pradesh,India
CUS001982,STANDARD,Mumbai,Maharashtra,India
CUS001983,STANDARD,Thiruvananthapuram,Kerala,India
CUS001984,VIP,Coimbatore,Tamil Nadu,India
CUS001985,STANDARD,Mysuru,Karnataka,India
CUS001986,STANDARD,Kolkata,West Bengal,India
CUS001987,STANDARD,Chandigarh,Chandigarh,India
CUS001988,STANDARD,Kochi,Kerala,India
CUS001989,STANDARD,Madurai,Tamil Nadu,India
CUS001990,STANDARD,Ahmedabad,Gujarat,India
CUS001991,STANDARD,Lucknow,Uttar Pradesh,India
CUS001992,PREMIUM,Chennai,Tamil Nadu,India
CUS001993,STANDARD,Thiruvananthapuram,Kerala,India
CUS001994,VIP,Nagpur,Maharashtra,India
CUS001995,PREMIUM,Madurai,Tamil Nadu,India
CUS001996,PREMIUM,Thiruvananthapuram,Kerala,India
CUS001997,VIP,Kochi,Kerala,India
CUS001998,PREMIUM,Lucknow,Uttar Pradesh,India
CUS001999,PREMIUM,Lucknow,Uttar Pradesh,India
CUS002000,PREMIUM,Delhi,Delhi,India
CUS002001,PREMIUM,Mysuru,Karnataka,India
CUS002002,PREMIUM,Chennai,Tamil Nadu,India
CUS002003,STANDARD,Ahmedabad,Gujarat,India
CUS002004,VIP,Noida,Uttar Pradesh,India
CUS002005,PREMIUM,Delhi,Delhi,India
CUS002006,VIP,Ahmedabad,Gujarat,India
CUS002007,STANDARD,Chandigarh,Chandigarh,India
CUS002008,STANDARD,Delhi,Delhi,India
CUS002009,VIP,Bhopal,Madhya Pradesh,India
CUS002010,STANDARD,Kolkata,West Bengal,India
CUS002011,STANDARD,Hyderabad,Telangana,India
CUS002012,PREMIUM,Kochi,Kerala,India
CUS002013,STANDARD,Gurugram,Haryana,India
CUS002014,PREMIUM,Nagpur,Maharashtra,India
CUS002015,VIP,Ahmedabad,Gujarat,India
CUS002016,STANDARD,Nashik,Maharashtra,India
CUS002017,STANDARD,Chennai,Tamil Nadu,India
CUS002018,STANDARD,Indore,Madhya Pradesh,India
CUS002019,STANDARD,Bhubaneswar,Odisha,India
CUS002020,PREMIUM,Hyderabad,Telangana,India
CUS002021,PREMIUM,Mysuru,Karnataka,India
CUS002022,VIP,Indore,Madhya Pradesh,India
CUS002023,STANDARD,Indore,Madhya Pradesh,India
CUS002024,STANDARD,Delhi,Delhi,India
CUS002025,STANDARD,Nashik,Maharashtra,India
CUS002026,STANDARD,Gurugram,Haryana,India
CUS002027,PREMIUM,Bhubaneswar,Odisha,India
CUS002028,STANDARD,Jaipur,Rajasthan,India
CUS002029,PREMIUM,Jaipur,Rajasthan,India
CUS002030,STANDARD,Jaipur,Rajasthan,India
CUS002031,STANDARD,Jaipur,Rajasthan,India
CUS002032,VIP,Lucknow,Uttar Pradesh,India
CUS002033,STANDARD,Mumbai,Maharashtra,India
CUS002034,VIP,Nagpur,Maharashtra,India
CUS002035,PREMIUM,Bhubaneswar,Odisha,India
CUS002036,PREMIUM,Delhi,Delhi,India
CUS002037,PREMIUM,Jaipur,Rajasthan,India
CUS002038,VIP,Bhopal,Madhya Pradesh,India
CUS002039,STANDARD,Coimbatore,Tamil Nadu,India
CUS002040,PREMIUM,Madurai,Tamil Nadu,India
CUS002041,STANDARD,Vijayawada,Andhra Pradesh,India
CUS002042,STANDARD,Gurugram,Haryana,India
CUS002043,STANDARD,Lucknow,Uttar Pradesh,India
CUS002044,STANDARD,Hyderabad,Telangana,India
CUS002045,PREMIUM,Bengaluru,Karnataka,India
CUS002046,VIP,Lucknow,Uttar Pradesh,India
CUS002047,STANDARD,Thiruvananthapuram,Kerala,India
CUS002048,STANDARD,Bhubaneswar,Odisha,India
CUS002049,STANDARD,Nagpur,Maharashtra,India
CUS002050,PREMIUM,Visakhapatnam,Andhra Pradesh,India
CUS002051,VIP,Vijayawada,Andhra Pradesh,India
CUS002052,PREMIUM,Chennai,Tamil Nadu,India
CUS002053,PREMIUM,Lucknow,Uttar Pradesh,India
CUS002054,STANDARD,Madurai,Tamil Nadu,India
CUS002055,VIP,Jaipur,Rajasthan,India
CUS002056,VIP,Madurai,Tamil Nadu,India
CUS002057,PREMIUM,Chennai,Tamil Nadu,India
CUS002058,VIP,Jaipur,Rajasthan,India
CUS002059,PREMIUM,Surat,Gujarat,India
CUS002060,PREMIUM,Ahmedabad,Gujarat,India
CUS002061,VIP,Kochi,Kerala,India
CUS002062,STANDARD,Chandigarh,Chandigarh,India
CUS002063,STANDARD,Kolkata,West Bengal,India
CUS002064,PREMIUM,Visakhapatnam,Andhra Pradesh,India
CUS002065,STANDARD,Pune,Maharashtra,India
CUS002066,PREMIUM,Kolkata,West Bengal,India
CUS002067,VIP,Madurai,Tamil Nadu,India
CUS002068,PREMIUM,Pune,Maharashtra,India
CUS002069,PREMIUM,Madurai,Tamil Nadu,India
CUS002070,VIP,Bhubaneswar,Odisha,India
CUS002071,STANDARD,Pune,Maharashtra,India
CUS002072,PREMIUM,Mysuru,Karnataka,India
CUS002073,STANDARD,Madurai,Tamil Nadu,India
CUS002074,STANDARD,Bhubaneswar,Odisha,India
CUS002075,STANDARD,Visakhapatnam,Andhra Pradesh,India
CUS002076,STANDARD,Hyderabad,Telangana,India
CUS002077,STANDARD,Jaipur,Rajasthan,India
CUS002078,PREMIUM,Bhopal,Madhya Pradesh,India
CUS002079,PREMIUM,Delhi,Delhi,India
CUS002080,PREMIUM,Kochi,Kerala,India
CUS002081,VIP,Nagpur,Maharashtra,India
CUS002082,STANDARD,Kolkata,West Bengal,India
CUS002083,PREMIUM,Gurugram,Haryana,India
CUS002084,PREMIUM,Bhopal,Madhya Pradesh,India
CUS002085,PREMIUM,Delhi,Delhi,India
CUS002086,STANDARD,Hyderabad,Telangana,India
CUS002087,STANDARD,Visakhapatnam,Andhra Pradesh,India
CUS002088,PREMIUM,Gurugram,Haryana,India
CUS002089,VIP,Surat,Gujarat,India
CUS002090,PREMIUM,Noida,Uttar Pradesh,India
CUS002091,STANDARD,Nagpur,Maharashtra,India
CUS002092,VIP,Chennai,Tamil Nadu,India
CUS002093,VIP,Kochi,Kerala,India
CUS002094,STANDARD,Chandigarh,Chandigarh,India
CUS002095,VIP,Bhopal,Madhya Pradesh,India
CUS002096,STANDARD,Nashik,Maharashtra,India
CUS002097,VIP,Nashik,Maharashtra,India
CUS002098,VIP,Visakhapatnam,Andhra Pradesh,India
CUS002099,STANDARD,Coimbatore,Tamil Nadu,India
CUS002100,VIP,Kolkata,West Bengal,India
CUS002101,VIP,Madurai,Tamil Nadu,India
CUS002102,PREMIUM,Chandigarh,Chandigarh,India
CUS002103,STANDARD,Jaipur,Rajasthan,India
CUS002104,PREMIUM,Madurai,Tamil Nadu,India
CUS002105,STANDARD,Madurai,Tamil Nadu,India
CUS002106,STANDARD,Bhubaneswar,Odisha,India
CUS002107,PREMIUM,Chennai,Tamil Nadu,India
CUS002108,STANDARD,Thiruvananthapuram,Kerala,India
CUS002109,STANDARD,Gurugram,Haryana,India
CUS002110,VIP,Gurugram,Haryana,India
CUS002111,PREMIUM,Pune,Maharashtra,India
CUS002112,STANDARD,Mysuru,Karnataka,India
CUS002113,PREMIUM,Indore,Madhya Pradesh,India
CUS002114,VIP,Mysuru,Karnataka,India
CUS002115,STANDARD,Gurugram,Haryana,India
CUS002116,STANDARD,Delhi,Delhi,India
CUS002117,PREMIUM,Mumbai,Maharashtra,India
CUS002118,STANDARD,Bhubaneswar,Odisha,India
CUS002119,PREMIUM,Mumbai,Maharashtra,India
CUS002120,PREMIUM,Vijayawada,Andhra Pradesh,India
CUS002121,STANDARD,Ahmedabad,Gujarat,India
CUS002122,PREMIUM,Jaipur,Rajasthan,India
CUS002123,STANDARD,Lucknow,Uttar Pradesh,India
CUS002124,VIP,Surat,Gujarat,India
CUS002125,PREMIUM,Vijayawada,Andhra Pradesh,India
CUS002126,PREMIUM,Hyderabad,Telangana,India
CUS002127,PREMIUM,Nagpur,Maharashtra,India
CUS002128,STANDARD,Jaipur,Rajasthan,India
CUS002129,PREMIUM,Lucknow,Uttar Pradesh,India
CUS002130,PREMIUM,Bengaluru,Karnataka,India
CUS002131,PREMIUM,Kochi,Kerala,India
CUS002132,STANDARD,Noida,Uttar Pradesh,India
CUS002133,STANDARD,Gurugram,Haryana,India
CUS002134,VIP,Pune,Maharashtra,India
CUS002135,STANDARD,Coimbatore,Tamil Nadu,India
CUS002136,STANDARD,Delhi,Delhi,India
CUS002137,PREMIUM,Thiruvananthapuram,Kerala,India
CUS002138,STANDARD,Jaipur,Rajasthan,India
CUS002139,STANDARD,Chennai,Tamil Nadu,India
CUS002140,STANDARD,Pune,Maharashtra,India
CUS002141,STANDARD,Hyderabad,Telangana,India
CUS002142,VIP,Gurugram,Haryana,India
CUS002143,PREMIUM,Mysuru,Karnataka,India
CUS002144,VIP,Thiruvananthapuram,Kerala,India
CUS002145,PREMIUM,Bhopal,Madhya Pradesh,India
CUS002146,PREMIUM,Surat,Gujarat,India
CUS002147,PREMIUM,Gurugram,Haryana,India
CUS002148,PREMIUM,Indore,Madhya Pradesh,India
CUS002149,STANDARD,Coimbatore,Tamil Nadu,India
CUS002150,STANDARD,Nagpur,Maharashtra,India
CUS002151,STANDARD,Chennai,Tamil Nadu,India
CUS002152,STANDARD,Madurai,Tamil Nadu,India
CUS002153,PREMIUM,Bhubaneswar,Odisha,India
CUS002154,STANDARD,Ahmedabad,Gujarat,India
CUS002155,PREMIUM,Mysuru,Karnataka,India
CUS002156,STANDARD,Delhi,Delhi,India
CUS002157,STANDARD,Bhopal,Madhya Pradesh,India
CUS002158,PREMIUM,Chennai,Tamil Nadu,India
CUS002159,PREMIUM,Hyderabad,Telangana,India
CUS002160,VIP,Noida,Uttar Pradesh,India
CUS002161,PREMIUM,Noida,Uttar Pradesh,India
CUS002162,STANDARD,Pune,Maharashtra,India
CUS002163,VIP,Surat,Gujarat,India
CUS002164,PREMIUM,Kochi,Kerala,India
CUS002165,PREMIUM,Nagpur,Maharashtra,India
CUS002166,VIP,Indore,Madhya Pradesh,India
CUS002167,VIP,Jaipur,Rajasthan,India
CUS002168,PREMIUM,Mysuru,Karnataka,India
CUS002169,STANDARD,Jaipur,Rajasthan,India
CUS002170,PREMIUM,Bengaluru,Karnataka,India
CUS002171,PREMIUM,Surat,Gujarat,India
CUS002172,STANDARD,Coimbatore,Tamil Nadu,India
CUS002173,PREMIUM,Jaipur,Rajasthan,India
CUS002174,PREMIUM,Vijayawada,Andhra Pradesh,India
CUS002175,VIP,Indore,Madhya Pradesh,India
CUS002176,PREMIUM,Vijayawada,Andhra Pradesh,India
CUS002177,STANDARD,Chandigarh,Chandigarh,India
CUS002178,STANDARD,Jaipur,Rajasthan,India
CUS002179,STANDARD,Bhopal,Madhya Pradesh,India
CUS002180,STANDARD,Noida,Uttar Pradesh,India
CUS002181,STANDARD,Nashik,Maharashtra,India
CUS002182,VIP,Visakhapatnam,Andhra Pradesh,India
CUS002183,STANDARD,Chandigarh,Chandigarh,India
CUS002184,STANDARD,Indore,Madhya Pradesh,India
CUS002185,PREMIUM,Chandigarh,Chandigarh,India
CUS002186,PREMIUM,Hyderabad,Telangana,India
CUS002187,STANDARD,Pune,Maharashtra,India
CUS002188,PREMIUM,Coimbatore,Tamil Nadu,India
CUS002189,VIP,Chandigarh,Chandigarh,India
CUS002190,STANDARD,Noida,Uttar Pradesh,India
CUS002191,STANDARD,Kochi,Kerala,India
CUS002192,STANDARD,Bhopal,Madhya Pradesh,India
CUS002193,STANDARD,Bengaluru,Karnataka,India
CUS002194,STANDARD,Mysuru,Karnataka,India
CUS002195,PREMIUM,Kolkata,West Bengal,India
CUS002196,STANDARD,Chennai,Tamil Nadu,India
CUS002197,VIP,Nashik,Maharashtra,India
CUS002198,STANDARD,Chennai,Tamil Nadu,India
CUS002199,VIP,Madurai,Tamil Nadu,India
CUS002200,PREMIUM,Surat,Gujarat,India
CUS002201,STANDARD,Mumbai,Maharashtra,India
CUS002202,STANDARD,Noida,Uttar Pradesh,India
CUS002203,VIP,Chennai,Tamil Nadu,India
CUS002204,PREMIUM,Vijayawada,Andhra Pradesh,India
CUS002205,STANDARD,Chandigarh,Chandigarh,India
CUS002206,STANDARD,Kochi,Kerala,India
CUS002207,STANDARD,Vijayawada,Andhra Pradesh,India
CUS002208,PREMIUM,Kochi,Kerala,India
CUS002209,STANDARD,Ahmedabad,Gujarat,India
CUS002210,PREMIUM,Visakhapatnam,Andhra Pradesh,India
CUS002211,STANDARD,Indore,Madhya Pradesh,India
CUS002212,STANDARD,Kolkata,West Bengal,India
CUS002213,VIP,Surat,Gujarat,India
CUS002214,STANDARD,Thiruvananthapuram,Kerala,India
CUS002215,PREMIUM,Ahmedabad,Gujarat,India
CUS002216,STANDARD,Mumbai,Maharashtra,India
CUS002217,VIP,Surat,Gujarat,India
CUS002218,STANDARD,Chennai,Tamil Nadu,India
CUS002219,STANDARD,Nagpur,Maharashtra,India
CUS002220,STANDARD,Bengaluru,Karnataka,India
CUS002221,PREMIUM,Chennai,Tamil Nadu,India
CUS002222,PREMIUM,Kochi,Kerala,India
CUS002223,PREMIUM,Gurugram,Haryana,India
CUS002224,PREMIUM,Jaipur,Rajasthan,India
CUS002225,PREMIUM,Gurugram,Haryana,India
CUS002226,STANDARD,Nashik,Maharashtra,India
CUS002227,STANDARD,Bhopal,Madhya Pradesh,India
CUS002228,STANDARD,Bhopal,Madhya Pradesh,India
CUS002229,PREMIUM,Bengaluru,Karnataka,India
CUS002230,PREMIUM,Nagpur,Maharashtra,India
CUS002231,STANDARD,Lucknow,Uttar Pradesh,India
CUS002232,STANDARD,Visakhapatnam,Andhra Pradesh,India
CUS002233,PREMIUM,Noida,Uttar Pradesh,India
CUS002234,STANDARD,Mysuru,Karnataka,India
CUS002235,STANDARD,Nashik,Maharashtra,India
CUS002236,STANDARD,Chandigarh,Chandigarh,India
CUS002237,STANDARD,Bhubaneswar,Odisha,India
CUS002238,PREMIUM,Nagpur,Maharashtra,India
CUS002239,STANDARD,Kolkata,West Bengal,India
CUS002240,PREMIUM,Chandigarh,Chandigarh,India
CUS002241,STANDARD,Kolkata,West Bengal,India
CUS002242,STANDARD,Noida,Uttar Pradesh,India
CUS002243,VIP,Vijayawada,Andhra Pradesh,India
CUS002244,STANDARD,Kolkata,West Bengal,India
CUS002245,STANDARD,Bhubaneswar,Odisha,India
CUS002246,STANDARD,Delhi,Delhi,India
CUS002247,VIP,Kolkata,West Bengal,India
CUS002248,STANDARD,Delhi,Delhi,India
CUS002249,STANDARD,Indore,Madhya Pradesh,India
CUS002250,PREMIUM,Visakhapatnam,Andhra Pradesh,India
CUS002251,PREMIUM,Bhopal,Madhya Pradesh,India
CUS002252,STANDARD,Nashik,Maharashtra,India
CUS002253,STANDARD,Mysuru,Karnataka,India
CUS002254,PREMIUM,Thiruvananthapuram,Kerala,India
CUS002255,STANDARD,Nagpur,Maharashtra,India
CUS002256,STANDARD,Visakhapatnam,Andhra Pradesh,India
CUS002257,PREMIUM,Nashik,Maharashtra,India
CUS002258,VIP,Bhubaneswar,Odisha,India
CUS002259,STANDARD,Indore,Madhya Pradesh,India
CUS002260,PREMIUM,Mumbai,Maharashtra,India
CUS002261,STANDARD,Bhubaneswar,Odisha,India
CUS002262,STANDARD,Kochi,Kerala,India
CUS002263,STANDARD,Chennai,Tamil Nadu,India
CUS002264,STANDARD,Noida,Uttar Pradesh,India
CUS002265,PREMIUM,Bengaluru,Karnataka,India
CUS002266,PREMIUM,Chennai,Tamil Nadu,India
CUS002267,STANDARD,Thiruvananthapuram,Kerala,India
CUS002268,STANDARD,Bengaluru,Karnataka,India
CUS002269,STANDARD,Gurugram,Haryana,India
CUS002270,STANDARD,Nashik,Maharashtra,India
CUS002271,PREMIUM,Jaipur,Rajasthan,India
CUS002272,STANDARD,Kolkata,West Bengal,India
CUS002273,PREMIUM,Noida,Uttar Pradesh,India
CUS002274,PREMIUM,Coimbatore,Tamil Nadu,India
CUS002275,STANDARD,Chennai,Tamil Nadu,India
CUS002276,VIP,Delhi,Delhi,India
CUS002277,STANDARD,Chandigarh,Chandigarh,India
CUS002278,STANDARD,Surat,Gujarat,India
CUS002279,STANDARD,Gurugram,Haryana,India
CUS002280,PREMIUM,Mysuru,Karnataka,India
CUS002281,PREMIUM,Chennai,Tamil Nadu,India
CUS002282,STANDARD,Visakhapatnam,Andhra Pradesh,India
CUS002283,STANDARD,Delhi,Delhi,India
CUS002284,VIP,Vijayawada,Andhra Pradesh,India
CUS002285,STANDARD,Pune,Maharashtra,India
CUS002286,STANDARD,Madurai,Tamil Nadu,India
CUS002287,PREMIUM,Nagpur,Maharashtra,India
CUS002288,STANDARD,Madurai,Tamil Nadu,India
CUS002289,PREMIUM,Bhopal,Madhya Pradesh,India
CUS002290,VIP,Surat,Gujarat,India
CUS002291,VIP,Bhopal,Madhya Pradesh,India
CUS002292,PREMIUM,Visakhapatnam,Andhra Pradesh,India
CUS002293,STANDARD,Coimbatore,Tamil Nadu,India
CUS002294,STANDARD,Chennai,Tamil Nadu,India
CUS002295,VIP,Bhopal,Madhya Pradesh,India
CUS002296,PREMIUM,Chandigarh,Chandigarh,India
CUS002297,PREMIUM,Nagpur,Maharashtra,India
CUS002298,STANDARD,Surat,Gujarat,India
CUS002299,VIP,Nagpur,Maharashtra,India
CUS002300,STANDARD,Visakhapatnam,Andhra Pradesh,India
CUS002301,STANDARD,Visakhapatnam,Andhra Pradesh,India
CUS002302,VIP,Thiruvananthapuram,Kerala,India
CUS002303,PREMIUM,Bhopal,Madhya Pradesh,India
CUS002304,STANDARD,Vijayawada,Andhra Pradesh,India
CUS002305,STANDARD,Lucknow,Uttar Pradesh,India
CUS002306,STANDARD,Jaipur,Rajasthan,India
CUS002307,PREMIUM,Coimbatore,Tamil Nadu,India
CUS002308,VIP,Gurugram,Haryana,India
CUS002309,STANDARD,Thiruvananthapuram,Kerala,India
CUS002310,STANDARD,Chandigarh,Chandigarh,India
CUS002311,PREMIUM,Visakhapatnam,Andhra Pradesh,India
CUS002312,STANDARD,Mumbai,Maharashtra,India
CUS002313,STANDARD,Vijayawada,Andhra Pradesh,India
CUS002314,PREMIUM,Coimbatore,Tamil Nadu,India
CUS002315,STANDARD,Visakhapatnam,Andhra Pradesh,India
CUS002316,STANDARD,Mysuru,Karnataka,India
CUS002317,PREMIUM,Jaipur,Rajasthan,India
CUS002318,PREMIUM,Delhi,Delhi,India
CUS002319,PREMIUM,Nashik,Maharashtra,India
CUS002320,STANDARD,Bhopal,Madhya Pradesh,India
CUS002321,PREMIUM,Chennai,Tamil Nadu,India
CUS002322,STANDARD,Kochi,Kerala,India
CUS002323,STANDARD,Chandigarh,Chandigarh,India
CUS002324,PREMIUM,Ahmedabad,Gujarat,India
CUS002325,PREMIUM,Madurai,Tamil Nadu,India
CUS002326,STANDARD,Hyderabad,Telangana,India
CUS002327,STANDARD,Jaipur,Rajasthan,India
CUS002328,STANDARD,Ahmedabad,Gujarat,India
CUS002329,PREMIUM,Vijayawada,Andhra Pradesh,India
CUS002330,STANDARD,Nagpur,Maharashtra,India
CUS002331,VIP,Noida,Uttar Pradesh,India
CUS002332,PREMIUM,Surat,Gujarat,India
CUS002333,PREMIUM,Chandigarh,Chandigarh,India
CUS002334,STANDARD,Surat,Gujarat,India
CUS002335,VIP,Ahmedabad,Gujarat,India
CUS002336,STANDARD,Lucknow,Uttar Pradesh,India
CUS002337,VIP,Thiruvananthapuram,Kerala,India
CUS002338,VIP,Nagpur,Maharashtra,India
CUS002339,PREMIUM,Bhopal,Madhya Pradesh,India
CUS002340,STANDARD,Vijayawada,Andhra Pradesh,India
CUS002341,PREMIUM,Surat,Gujarat,India
CUS002342,STANDARD,Visakhapatnam,Andhra Pradesh,India
CUS002343,STANDARD,Ahmedabad,Gujarat,India
CUS002344,STANDARD,Visakhapatnam,Andhra Pradesh,India
CUS002345,PREMIUM,Mysuru,Karnataka,India
CUS002346,PREMIUM,Nagpur,Maharashtra,India
CUS002347,VIP,Nashik,Maharashtra,India
CUS002348,PREMIUM,Jaipur,Rajasthan,India
CUS002349,PREMIUM,Chennai,Tamil Nadu,India
CUS002350,VIP,Kochi,Kerala,India
CUS002351,STANDARD,Pune,Maharashtra,India
CUS002352,STANDARD,Noida,Uttar Pradesh,India
CUS002353,VIP,Surat,Gujarat,India
CUS002354,STANDARD,Chandigarh,Chandigarh,India
CUS002355,STANDARD,Bhubaneswar,Odisha,India
CUS002356,STANDARD,Thiruvananthapuram,Kerala,India
CUS002357,PREMIUM,Visakhapatnam,Andhra Pradesh,India
CUS002358,PREMIUM,Mysuru,Karnataka,India
CUS002359,PREMIUM,Jaipur,Rajasthan,India
CUS002360,STANDARD,Visakhapatnam,Andhra Pradesh,India
CUS002361,VIP,Noida,Uttar Pradesh,India
CUS002362,STANDARD,Chennai,Tamil Nadu,India
CUS002363,VIP,Surat,Gujarat,India
CUS002364,PREMIUM,Mysuru,Karnataka,India
CUS002365,STANDARD,Bhopal,Madhya Pradesh,India
CUS002366,PREMIUM,Nagpur,Maharashtra,India
CUS002367,PREMIUM,Mumbai,Maharashtra,India
CUS002368,PREMIUM,Kolkata,West Bengal,India
CUS002369,STANDARD,Delhi,Delhi,India
CUS002370,STANDARD,Pune,Maharashtra,India
CUS002371,STANDARD,Ahmedabad,Gujarat,India
CUS002372,VIP,Mumbai,Maharashtra,India
CUS002373,STANDARD,Ahmedabad,Gujarat,India
CUS002374,STANDARD,Nashik,Maharashtra,India
CUS002375,STANDARD,Mumbai,Maharashtra,India
CUS002376,VIP,Hyderabad,Telangana,India
CUS002377,PREMIUM,Surat,Gujarat,India
CUS002378,STANDARD,Kochi,Kerala,India
CUS002379,PREMIUM,Bhopal,Madhya Pradesh,India
CUS002380,PREMIUM,Madurai,Tamil Nadu,India
CUS002381,PREMIUM,Hyderabad,Telangana,India
CUS002382,VIP,Noida,Uttar Pradesh,India
CUS002383,PREMIUM,Gurugram,Haryana,India
CUS002384,STANDARD,Delhi,Delhi,India
CUS002385,PREMIUM,Ahmedabad,Gujarat,India
CUS002386,PREMIUM,Coimbatore,Tamil Nadu,India
CUS002387,STANDARD,Delhi,Delhi,India
CUS002388,STANDARD,Thiruvananthapuram,Kerala,India
CUS002389,STANDARD,Delhi,Delhi,India
CUS002390,VIP,Nagpur,Maharashtra,India
CUS002391,STANDARD,Mumbai,Maharashtra,India
CUS002392,PREMIUM,Indore,Madhya Pradesh,India
CUS002393,PREMIUM,Thiruvananthapuram,Kerala,India
CUS002394,STANDARD,Delhi,Delhi,India
CUS002395,VIP,Delhi,Delhi,India
CUS002396,PREMIUM,Chandigarh,Chandigarh,India
CUS002397,VIP,Visakhapatnam,Andhra Pradesh,India
CUS002398,PREMIUM,Jaipur,Rajasthan,India
CUS002399,STANDARD,Jaipur,Rajasthan,India
CUS002400,PREMIUM,Visakhapatnam,Andhra Pradesh,India
CUS002401,PREMIUM,Hyderabad,Telangana,India
CUS002402,PREMIUM,Visakhapatnam,Andhra Pradesh,India
CUS002403,STANDARD,Coimbatore,Tamil Nadu,India
CUS002404,PREMIUM,Gurugram,Haryana,India
CUS002405,STANDARD,Jaipur,Rajasthan,India
CUS002406,PREMIUM,Surat,Gujarat,India
CUS002407,STANDARD,Indore,Madhya Pradesh,India
CUS002408,PREMIUM,Bhopal,Madhya Pradesh,India
CUS002409,PREMIUM,Bengaluru,Karnataka,India
CUS002410,PREMIUM,Ahmedabad,Gujarat,India
CUS002411,STANDARD,Coimbatore,Tamil Nadu,India
CUS002412,PREMIUM,Pune,Maharashtra,India
CUS002413,VIP,Vijayawada,Andhra Pradesh,India
CUS002414,STANDARD,Coimbatore,Tamil Nadu,India
CUS002415,PREMIUM,Surat,Gujarat,India
CUS002416,STANDARD,Bhopal,Madhya Pradesh,India
CUS002417,VIP,Delhi,Delhi,India
CUS002418,PREMIUM,Indore,Madhya Pradesh,India
CUS002419,STANDARD,Bhubaneswar,Odisha,India
CUS002420,PREMIUM,Visakhapatnam,Andhra Pradesh,India
CUS002421,PREMIUM,Nagpur,Maharashtra,India
CUS002422,STANDARD,Jaipur,Rajasthan,India
CUS002423,PREMIUM,Lucknow,Uttar Pradesh,India
CUS002424,VIP,Kochi,Kerala,India
CUS002425,VIP,Thiruvananthapuram,Kerala,India
CUS002426,VIP,Nagpur,Maharashtra,India
CUS002427,PREMIUM,Kochi,Kerala,India
CUS002428,PREMIUM,Chandigarh,Chandigarh,India
CUS002429,PREMIUM,Mysuru,Karnataka,India
CUS002430,STANDARD,Pune,Maharashtra,India
CUS002431,STANDARD,Ahmedabad,Gujarat,India
CUS002432,PREMIUM,Vijayawada,Andhra Pradesh,India
CUS002433,PREMIUM,Kolkata,West Bengal,India
CUS002434,VIP,Surat,Gujarat,India
CUS002435,PREMIUM,Chennai,Tamil Nadu,India
CUS002436,STANDARD,Coimbatore,Tamil Nadu,India
CUS002437,STANDARD,Mysuru,Karnataka,India
CUS002438,VIP,Pune,Maharashtra,India
CUS002439,VIP,Jaipur,Rajasthan,India
CUS002440,VIP,Mysuru,Karnataka,India
CUS002441,PREMIUM,Chandigarh,Chandigarh,India
CUS002442,STANDARD,Bengaluru,Karnataka,India
CUS002443,PREMIUM,Kochi,Kerala,India
CUS002444,STANDARD,Surat,Gujarat,India
CUS002445,STANDARD,Surat,Gujarat,India
CUS002446,STANDARD,Thiruvananthapuram,Kerala,India
CUS002447,VIP,Chandigarh,Chandigarh,India
CUS002448,STANDARD,Jaipur,Rajasthan,India
CUS002449,PREMIUM,Mysuru,Karnataka,India
CUS002450,STANDARD,Nagpur,Maharashtra,India
CUS002451,STANDARD,Kolkata,West Bengal,India
CUS002452,STANDARD,Chandigarh,Chandigarh,India
CUS002453,STANDARD,Bengaluru,Karnataka,India
CUS002454,STANDARD,Jaipur,Rajasthan,India
CUS002455,STANDARD,Bengaluru,Karnataka,India
CUS002456,VIP,Mumbai,Maharashtra,India
CUS002457,PREMIUM,Nashik,Maharashtra,India
CUS002458,PREMIUM,Gurugram,Haryana,India
CUS002459,STANDARD,Indore,Madhya Pradesh,India
CUS002460,PREMIUM,Thiruvananthapuram,Kerala,India
CUS002461,STANDARD,Coimbatore,Tamil Nadu,India
CUS002462,VIP,Bengaluru,Karnataka,India
CUS002463,PREMIUM,Lucknow,Uttar Pradesh,India
CUS002464,PREMIUM,Gurugram,Haryana,India
CUS002465,STANDARD,Pune,Maharashtra,India
CUS002466,STANDARD,Nagpur,Maharashtra,India
CUS002467,STANDARD,Jaipur,Rajasthan,India
CUS002468,PREMIUM,Vijayawada,Andhra Pradesh,India
CUS002469,PREMIUM,Bhubaneswar,Odisha,India
CUS002470,VIP,Lucknow,Uttar Pradesh,India
CUS002471,VIP,Visakhapatnam,Andhra Pradesh,India
CUS002472,STANDARD,Kochi,Kerala,India
CUS002473,PREMIUM,Noida,Uttar Pradesh,India
CUS002474,STANDARD,Indore,Madhya Pradesh,India
CUS002475,VIP,Pune,Maharashtra,India
CUS002476,STANDARD,Bengaluru,Karnataka,India
CUS002477,STANDARD,Pune,Maharashtra,India
CUS002478,PREMIUM,Visakhapatnam,Andhra Pradesh,India
CUS002479,STANDARD,Vijayawada,Andhra Pradesh,India
CUS002480,VIP,Vijayawada,Andhra Pradesh,India
CUS002481,PREMIUM,Bhubaneswar,Odisha,India
CUS002482,PREMIUM,Lucknow,Uttar Pradesh,India
CUS002483,VIP,Thiruvananthapuram,Kerala,India
CUS002484,PREMIUM,Madurai,Tamil Nadu,India
CUS002485,STANDARD,Bengaluru,Karnataka,India
CUS002486,PREMIUM,Kolkata,West Bengal,India
CUS002487,STANDARD,Mumbai,Maharashtra,India
CUS002488,PREMIUM,Chandigarh,Chandigarh,India
CUS002489,VIP,Madurai,Tamil Nadu,India
CUS002490,PREMIUM,Chennai,Tamil Nadu,India
CUS002491,STANDARD,Thiruvananthapuram,Kerala,India
CUS002492,PREMIUM,Nashik,Maharashtra,India
CUS002493,STANDARD,Kochi,Kerala,India
CUS002494,PREMIUM,Hyderabad,Telangana,India
CUS002495,STANDARD,Kochi,Kerala,India
CUS002496,STANDARD,Chennai,Tamil Nadu,India
CUS002497,STANDARD,Bengaluru,Karnataka,India
CUS002498,VIP,Bengaluru,Karnataka,India
CUS002499,PREMIUM,Surat,Gujarat,India
CUS002500,VIP,Visakhapatnam,Andhra Pradesh,India
CUS002501,STANDARD,Indore,Madhya Pradesh,India
CUS002502,VIP,Indore,Madhya Pradesh,India
CUS002503,STANDARD,Surat,Gujarat,India
CUS002504,STANDARD,Kolkata,West Bengal,India
CUS002505,VIP,Thiruvananthapuram,Kerala,India
CUS002506,STANDARD,Gurugram,Haryana,India
CUS002507,STANDARD,Ahmedabad,Gujarat,India
CUS002508,STANDARD,Thiruvananthapuram,Kerala,India
CUS002509,STANDARD,Nagpur,Maharashtra,India
CUS002510,STANDARD,Hyderabad,Telangana,India
CUS002511,STANDARD,Kolkata,West Bengal,India
CUS002512,PREMIUM,Thiruvananthapuram,Kerala,India
CUS002513,STANDARD,Coimbatore,Tamil Nadu,India
CUS002514,STANDARD,Indore,Madhya Pradesh,India
CUS002515,STANDARD,Bengaluru,Karnataka,India
CUS002516,STANDARD,Pune,Maharashtra,India
CUS002517,STANDARD,Jaipur,Rajasthan,India
CUS002518,PREMIUM,Pune,Maharashtra,India
CUS002519,STANDARD,Thiruvananthapuram,Kerala,India
CUS002520,VIP,Jaipur,Rajasthan,India
CUS002521,VIP,Nashik,Maharashtra,India
CUS002522,STANDARD,Nashik,Maharashtra,India
CUS002523,STANDARD,Jaipur,Rajasthan,India
CUS002524,VIP,Madurai,Tamil Nadu,India
CUS002525,VIP,Bhubaneswar,Odisha,India
CUS002526,STANDARD,Surat,Gujarat,India
CUS002527,VIP,Nashik,Maharashtra,India
CUS002528,STANDARD,Gurugram,Haryana,India
CUS002529,PREMIUM,Mysuru,Karnataka,India
CUS002530,STANDARD,Thiruvananthapuram,Kerala,India
CUS002531,PREMIUM,Kochi,Kerala,India
CUS002532,PREMIUM,Bengaluru,Karnataka,India
CUS002533,VIP,Bhopal,Madhya Pradesh,India
CUS002534,STANDARD,Bhubaneswar,Odisha,India
CUS002535,STANDARD,Bengaluru,Karnataka,India
CUS002536,STANDARD,Bhubaneswar,Odisha,India
CUS002537,STANDARD,Bengaluru,Karnataka,India
CUS002538,PREMIUM,Madurai,Tamil Nadu,India
CUS002539,STANDARD,Chennai,Tamil Nadu,India
CUS002540,STANDARD,Bengaluru,Karnataka,India
CUS002541,PREMIUM,Gurugram,Haryana,India
CUS002542,PREMIUM,Nagpur,Maharashtra,India
CUS002543,PREMIUM,Noida,Uttar Pradesh,India
CUS002544,STANDARD,Madurai,Tamil Nadu,India
CUS002545,PREMIUM,Kochi,Kerala,India
CUS002546,STANDARD,Nashik,Maharashtra,India
CUS002547,PREMIUM,Ahmedabad,Gujarat,India
CUS002548,PREMIUM,Noida,Uttar Pradesh,India
CUS002549,STANDARD,Kochi,Kerala,India
CUS002550,VIP,Visakhapatnam,Andhra Pradesh,India
CUS002551,STANDARD,Bengaluru,Karnataka,India
CUS002552,STANDARD,Pune,Maharashtra,India
CUS002553,PREMIUM,Nagpur,Maharashtra,India
CUS002554,STANDARD,Indore,Madhya Pradesh,India
CUS002555,PREMIUM,Bhubaneswar,Odisha,India
CUS002556,PREMIUM,Mumbai,Maharashtra,India
CUS002557,VIP,Delhi,Delhi,India
CUS002558,STANDARD,Kochi,Kerala,India
CUS002559,VIP,Pune,Maharashtra,India
CUS002560,STANDARD,Madurai,Tamil Nadu,India
CUS002561,VIP,Delhi,Delhi,India
CUS002562,PREMIUM,Chennai,Tamil Nadu,India
CUS002563,STANDARD,Surat,Gujarat,India
CUS002564,VIP,Kolkata,West Bengal,India
CUS002565,PREMIUM,Bhubaneswar,Odisha,India
CUS002566,PREMIUM,Vijayawada,Andhra Pradesh,India
CUS002567,VIP,Madurai,Tamil Nadu,India
CUS002568,STANDARD,Bhubaneswar,Odisha,India
CUS002569,STANDARD,Ahmedabad,Gujarat,India
CUS002570,PREMIUM,Mumbai,Maharashtra,India
CUS002571,PREMIUM,Bhopal,Madhya Pradesh,India
CUS002572,PREMIUM,Nashik,Maharashtra,India
CUS002573,STANDARD,Ahmedabad,Gujarat,India
CUS002574,VIP,Chennai,Tamil Nadu,India
CUS002575,PREMIUM,Mysuru,Karnataka,India
CUS002576,VIP,Pune,Maharashtra,India
CUS002577,STANDARD,Kochi,Kerala,India
CUS002578,PREMIUM,Coimbatore,Tamil Nadu,India
CUS002579,STANDARD,Chennai,Tamil Nadu,India
CUS002580,STANDARD,Visakhapatnam,Andhra Pradesh,India
CUS002581,STANDARD,Kochi,Kerala,India
CUS002582,PREMIUM,Gurugram,Haryana,India
CUS002583,PREMIUM,Pune,Maharashtra,India
CUS002584,STANDARD,Thiruvananthapuram,Kerala,India
CUS002585,VIP,Mysuru,Karnataka,India
CUS002586,STANDARD,Madurai,Tamil Nadu,India
CUS002587,VIP,Kochi,Kerala,India
CUS002588,PREMIUM,Coimbatore,Tamil Nadu,India
CUS002589,VIP,Nagpur,Maharashtra,India
CUS002590,VIP,Visakhapatnam,Andhra Pradesh,India
CUS002591,STANDARD,Noida,Uttar Pradesh,India
CUS002592,STANDARD,Pune,Maharashtra,India
CUS002593,VIP,Mumbai,Maharashtra,India
CUS002594,STANDARD,Surat,Gujarat,India
CUS002595,PREMIUM,Vijayawada,Andhra Pradesh,India
CUS002596,PREMIUM,Nagpur,Maharashtra,India
CUS002597,STANDARD,Kochi,Kerala,India
CUS002598,PREMIUM,Vijayawada,Andhra Pradesh,India
CUS002599,PREMIUM,Chandigarh,Chandigarh,India
CUS002600,STANDARD,Mumbai,Maharashtra,India
CUS002601,STANDARD,Chennai,Tamil Nadu,India
CUS002602,VIP,Chennai,Tamil Nadu,India
CUS002603,PREMIUM,Pune,Maharashtra,India
CUS002604,STANDARD,Nashik,Maharashtra,India
CUS002605,VIP,Chandigarh,Chandigarh,India
CUS002606,PREMIUM,Thiruvananthapuram,Kerala,India
CUS002607,VIP,Visakhapatnam,Andhra Pradesh,India
CUS002608,STANDARD,Ahmedabad,Gujarat,India
CUS002609,PREMIUM,Indore,Madhya Pradesh,India
CUS002610,STANDARD,Lucknow,Uttar Pradesh,India
CUS002611,VIP,Pune,Maharashtra,India
CUS002612,PREMIUM,Delhi,Delhi,India
CUS002613,STANDARD,Kochi,Kerala,India
CUS002614,PREMIUM,Vijayawada,Andhra Pradesh,India
CUS002615,STANDARD,Pune,Maharashtra,India
CUS002616,VIP,Bhopal,Madhya Pradesh,India
CUS002617,STANDARD,Delhi,Delhi,India
CUS002618,VIP,Gurugram,Haryana,India
CUS002619,STANDARD,Pune,Maharashtra,India
CUS002620,STANDARD,Chandigarh,Chandigarh,India
CUS002621,PREMIUM,Visakhapatnam,Andhra Pradesh,India
CUS002622,PREMIUM,Gurugram,Haryana,India
CUS002623,STANDARD,Nagpur,Maharashtra,India
CUS002624,PREMIUM,Nashik,Maharashtra,India
CUS002625,PREMIUM,Jaipur,Rajasthan,India
CUS002626,STANDARD,Lucknow,Uttar Pradesh,India
CUS002627,STANDARD,Chandigarh,Chandigarh,India
CUS002628,STANDARD,Hyderabad,Telangana,India
CUS002629,VIP,Chandigarh,Chandigarh,India
CUS002630,PREMIUM,Thiruvananthapuram,Kerala,India
CUS002631,STANDARD,Chennai,Tamil Nadu,India
CUS002632,PREMIUM,Thiruvananthapuram,Kerala,India
CUS002633,STANDARD,Ahmedabad,Gujarat,India
CUS002634,STANDARD,Chennai,Tamil Nadu,India
CUS002635,STANDARD,Bhubaneswar,Odisha,India
CUS002636,STANDARD,Surat,Gujarat,India
CUS002637,STANDARD,Chennai,Tamil Nadu,India
CUS002638,STANDARD,Nashik,Maharashtra,India
CUS002639,PREMIUM,Delhi,Delhi,India
CUS002640,VIP,Gurugram,Haryana,India
CUS002641,PREMIUM,Coimbatore,Tamil Nadu,India
CUS002642,PREMIUM,Gurugram,Haryana,India
CUS002643,PREMIUM,Lucknow,Uttar Pradesh,India
CUS002644,STANDARD,Pune,Maharashtra,India
CUS002645,VIP,Nashik,Maharashtra,India
CUS002646,PREMIUM,Jaipur,Rajasthan,India
CUS002647,STANDARD,Bhubaneswar,Odisha,India
CUS002648,PREMIUM,Mumbai,Maharashtra,India
CUS002649,STANDARD,Nagpur,Maharashtra,India
CUS002650,STANDARD,Mumbai,Maharashtra,India
CUS002651,VIP,Nagpur,Maharashtra,India
CUS002652,PREMIUM,Kochi,Kerala,India
CUS002653,PREMIUM,Mysuru,Karnataka,India
CUS002654,PREMIUM,Bhopal,Madhya Pradesh,India
CUS002655,STANDARD,Bhopal,Madhya Pradesh,India
CUS002656,STANDARD,Noida,Uttar Pradesh,India
CUS002657,STANDARD,Kochi,Kerala,India
CUS002658,PREMIUM,Kolkata,West Bengal,India
CUS002659,STANDARD,Hyderabad,Telangana,India
CUS002660,PREMIUM,Gurugram,Haryana,India
CUS002661,STANDARD,Bhopal,Madhya Pradesh,India
CUS002662,STANDARD,Jaipur,Rajasthan,India
CUS002663,PREMIUM,Bhopal,Madhya Pradesh,India
CUS002664,STANDARD,Jaipur,Rajasthan,India
CUS002665,STANDARD,Kochi,Kerala,India
CUS002666,PREMIUM,Coimbatore,Tamil Nadu,India
CUS002667,PREMIUM,Mumbai,Maharashtra,India
CUS002668,STANDARD,Lucknow,Uttar Pradesh,India
CUS002669,PREMIUM,Nashik,Maharashtra,India
CUS002670,PREMIUM,Nashik,Maharashtra,India
CUS002671,PREMIUM,Coimbatore,Tamil Nadu,India
CUS002672,STANDARD,Kolkata,West Bengal,India
CUS002673,VIP,Visakhapatnam,Andhra Pradesh,India
CUS002674,STANDARD,Thiruvananthapuram,Kerala,India
CUS002675,STANDARD,Bengaluru,Karnataka,India
CUS002676,STANDARD,Noida,Uttar Pradesh,India
CUS002677,STANDARD,Chandigarh,Chandigarh,India
CUS002678,PREMIUM,Thiruvananthapuram,Kerala,India
CUS002679,STANDARD,Vijayawada,Andhra Pradesh,India
CUS002680,VIP,Gurugram,Haryana,India
CUS002681,STANDARD,Pune,Maharashtra,India
CUS002682,STANDARD,Kochi,Kerala,India
CUS002683,STANDARD,Mysuru,Karnataka,India
CUS002684,STANDARD,Hyderabad,Telangana,India
CUS002685,PREMIUM,Chennai,Tamil Nadu,India
CUS002686,PREMIUM,Chandigarh,Chandigarh,India
CUS002687,STANDARD,Pune,Maharashtra,India
CUS002688,STANDARD,Indore,Madhya Pradesh,India
CUS002689,STANDARD,Ahmedabad,Gujarat,India
CUS002690,STANDARD,Gurugram,Haryana,India
CUS002691,PREMIUM,Vijayawada,Andhra Pradesh,India
CUS002692,STANDARD,Nashik,Maharashtra,India
CUS002693,VIP,Lucknow,Uttar Pradesh,India
CUS002694,PREMIUM,Visakhapatnam,Andhra Pradesh,India
CUS002695,STANDARD,Surat,Gujarat,India
CUS002696,STANDARD,Hyderabad,Telangana,India
CUS002697,VIP,Indore,Madhya Pradesh,India
CUS002698,STANDARD,Chennai,Tamil Nadu,India
CUS002699,STANDARD,Bhubaneswar,Odisha,India
CUS002700,STANDARD,Chennai,Tamil Nadu,India
CUS002701,STANDARD,Nashik,Maharashtra,India
CUS002702,PREMIUM,Indore,Madhya Pradesh,India
CUS002703,PREMIUM,Noida,Uttar Pradesh,India
CUS002704,STANDARD,Lucknow,Uttar Pradesh,India
CUS002705,PREMIUM,Vijayawada,Andhra Pradesh,India
CUS002706,STANDARD,Vijayawada,Andhra Pradesh,India
CUS002707,STANDARD,Hyderabad,Telangana,India
CUS002708,PREMIUM,Noida,Uttar Pradesh,India
CUS002709,STANDARD,Visakhapatnam,Andhra Pradesh,India
CUS002710,STANDARD,Madurai,Tamil Nadu,India
CUS002711,PREMIUM,Delhi,Delhi,India
CUS002712,STANDARD,Indore,Madhya Pradesh,India
CUS002713,STANDARD,Kochi,Kerala,India
CUS002714,STANDARD,Bengaluru,Karnataka,India
CUS002715,STANDARD,Chennai,Tamil Nadu,India
CUS002716,VIP,Pune,Maharashtra,India
CUS002717,STANDARD,Surat,Gujarat,India
CUS002718,STANDARD,Bengaluru,Karnataka,India
CUS002719,PREMIUM,Nashik,Maharashtra,India
CUS002720,PREMIUM,Visakhapatnam,Andhra Pradesh,India
CUS002721,STANDARD,Gurugram,Haryana,India
CUS002722,STANDARD,Lucknow,Uttar Pradesh,India
CUS002723,STANDARD,Jaipur,Rajasthan,India
CUS002724,VIP,Chandigarh,Chandigarh,India
CUS002725,STANDARD,Jaipur,Rajasthan,India
CUS002726,PREMIUM,Surat,Gujarat,India
CUS002727,STANDARD,Lucknow,Uttar Pradesh,India
CUS002728,PREMIUM,Hyderabad,Telangana,India
CUS002729,STANDARD,Vijayawada,Andhra Pradesh,India
CUS002730,PREMIUM,Surat,Gujarat,India
CUS002731,STANDARD,Visakhapatnam,Andhra Pradesh,India
CUS002732,VIP,Mumbai,Maharashtra,India
CUS002733,VIP,Hyderabad,Telangana,India
CUS002734,STANDARD,Lucknow,Uttar Pradesh,India
CUS002735,PREMIUM,Chennai,Tamil Nadu,India
CUS002736,STANDARD,Surat,Gujarat,India
CUS002737,STANDARD,Surat,Gujarat,India
CUS002738,STANDARD,Surat,Gujarat,India
CUS002739,STANDARD,Hyderabad,Telangana,India
CUS002740,PREMIUM,Pune,Maharashtra,India
CUS002741,PREMIUM,Indore,Madhya Pradesh,India
CUS002742,PREMIUM,Pune,Maharashtra,India
CUS002743,PREMIUM,Kolkata,West Bengal,India
CUS002744,VIP,Vijayawada,Andhra Pradesh,India
CUS002745,PREMIUM,Nashik,Maharashtra,India
CUS002746,STANDARD,Vijayawada,Andhra Pradesh,India
CUS002747,PREMIUM,Nagpur,Maharashtra,India
CUS002748,STANDARD,Bhubaneswar,Odisha,India
CUS002749,VIP,Bhopal,Madhya Pradesh,India
CUS002750,STANDARD,Hyderabad,Telangana,India
CUS002751,STANDARD,Delhi,Delhi,India
CUS002752,STANDARD,Mysuru,Karnataka,India
CUS002753,STANDARD,Kochi,Kerala,India
CUS002754,PREMIUM,Mumbai,Maharashtra,India
CUS002755,STANDARD,Thiruvananthapuram,Kerala,India
CUS002756,VIP,Gurugram,Haryana,India
CUS002757,PREMIUM,Visakhapatnam,Andhra Pradesh,India
CUS002758,PREMIUM,Indore,Madhya Pradesh,India
CUS002759,PREMIUM,Mumbai,Maharashtra,India
CUS002760,STANDARD,Visakhapatnam,Andhra Pradesh,India
CUS002761,PREMIUM,Bhopal,Madhya Pradesh,India
CUS002762,STANDARD,Gurugram,Haryana,India
CUS002763,PREMIUM,Kochi,Kerala,India
CUS002764,VIP,Bhopal,Madhya Pradesh,India
CUS002765,VIP,Mumbai,Maharashtra,India
CUS002766,PREMIUM,Nagpur,Maharashtra,India
CUS002767,STANDARD,Bhopal,Madhya Pradesh,India
CUS002768,STANDARD,Kolkata,West Bengal,India
CUS002769,PREMIUM,Mysuru,Karnataka,India
CUS002770,STANDARD,Bhubaneswar,Odisha,India
CUS002771,PREMIUM,Bhopal,Madhya Pradesh,India
CUS002772,PREMIUM,Ahmedabad,Gujarat,India
CUS002773,STANDARD,Chandigarh,Chandigarh,India
CUS002774,VIP,Chandigarh,Chandigarh,India
CUS002775,PREMIUM,Nagpur,Maharashtra,India
CUS002776,VIP,Chennai,Tamil Nadu,India
CUS002777,PREMIUM,Pune,Maharashtra,India
CUS002778,STANDARD,Thiruvananthapuram,Kerala,India
CUS002779,STANDARD,Pune,Maharashtra,India
CUS002780,STANDARD,Madurai,Tamil Nadu,India
CUS002781,PREMIUM,Visakhapatnam,Andhra Pradesh,India
CUS002782,STANDARD,Pune,Maharashtra,India
CUS002783,STANDARD,Coimbatore,Tamil Nadu,India
CUS002784,PREMIUM,Kochi,Kerala,India
CUS002785,STANDARD,Bhopal,Madhya Pradesh,India
CUS002786,VIP,Ahmedabad,Gujarat,India
CUS002787,STANDARD,Bhubaneswar,Odisha,India
CUS002788,STANDARD,Delhi,Delhi,India
CUS002789,PREMIUM,Lucknow,Uttar Pradesh,India
CUS002790,VIP,Nashik,Maharashtra,India
CUS002791,VIP,Vijayawada,Andhra Pradesh,India
CUS002792,PREMIUM,Bhubaneswar,Odisha,India
CUS002793,STANDARD,Bhopal,Madhya Pradesh,India
CUS002794,VIP,Bhubaneswar,Odisha,India
CUS002795,STANDARD,Bhubaneswar,Odisha,India
CUS002796,STANDARD,Chennai,Tamil Nadu,India
CUS002797,PREMIUM,Bengaluru,Karnataka,India
CUS002798,PREMIUM,Thiruvananthapuram,Kerala,India
CUS002799,STANDARD,Bengaluru,Karnataka,India
CUS002800,STANDARD,Nagpur,Maharashtra,India
CUS002801,PREMIUM,Coimbatore,Tamil Nadu,India
CUS002802,PREMIUM,Vijayawada,Andhra Pradesh,India
CUS002803,STANDARD,Kolkata,West Bengal,India
CUS002804,VIP,Vijayawada,Andhra Pradesh,India
CUS002805,VIP,Ahmedabad,Gujarat,India
CUS002806,STANDARD,Ahmedabad,Gujarat,India
CUS002807,PREMIUM,Visakhapatnam,Andhra Pradesh,India
CUS002808,VIP,Coimbatore,Tamil Nadu,India
CUS002809,STANDARD,Bhopal,Madhya Pradesh,India
CUS002810,PREMIUM,Noida,Uttar Pradesh,India
CUS002811,STANDARD,Nagpur,Maharashtra,India
CUS002812,STANDARD,Madurai,Tamil Nadu,India
CUS002813,STANDARD,Mysuru,Karnataka,India
CUS002814,STANDARD,Nashik,Maharashtra,India
CUS002815,STANDARD,Bengaluru,Karnataka,India
CUS002816,STANDARD,Bhopal,Madhya Pradesh,India
CUS002817,STANDARD,Vijayawada,Andhra Pradesh,India
CUS002818,PREMIUM,Noida,Uttar Pradesh,India
CUS002819,STANDARD,Kochi,Kerala,India
CUS002820,PREMIUM,Mysuru,Karnataka,India
CUS002821,PREMIUM,Thiruvananthapuram,Kerala,India
CUS002822,PREMIUM,Delhi,Delhi,India
CUS002823,PREMIUM,Coimbatore,Tamil Nadu,India
CUS002824,VIP,Visakhapatnam,Andhra Pradesh,India
CUS002825,STANDARD,Kochi,Kerala,India
CUS002826,STANDARD,Mysuru,Karnataka,India
CUS002827,STANDARD,Nagpur,Maharashtra,India
CUS002828,STANDARD,Chandigarh,Chandigarh,India
CUS002829,VIP,Kolkata,West Bengal,India
CUS002830,PREMIUM,Chennai,Tamil Nadu,India
CUS002831,STANDARD,Surat,Gujarat,India
CUS002832,VIP,Kochi,Kerala,India
CUS002833,STANDARD,Chandigarh,Chandigarh,India
CUS002834,PREMIUM,Vijayawada,Andhra Pradesh,India
CUS002835,VIP,Thiruvananthapuram,Kerala,India
CUS002836,PREMIUM,Kolkata,West Bengal,India
CUS002837,PREMIUM,Visakhapatnam,Andhra Pradesh,India
CUS002838,PREMIUM,Mysuru,Karnataka,India
CUS002839,STANDARD,Delhi,Delhi,India
CUS002840,STANDARD,Gurugram,Haryana,India
CUS002841,PREMIUM,Lucknow,Uttar Pradesh,India
CUS002842,STANDARD,Coimbatore,Tamil Nadu,India
CUS002843,STANDARD,Bhubaneswar,Odisha,India
CUS002844,STANDARD,Delhi,Delhi,India
CUS002845,PREMIUM,Mysuru,Karnataka,India
CUS002846,PREMIUM,Gurugram,Haryana,India
CUS002847,VIP,Gurugram,Haryana,India
CUS002848,STANDARD,Ahmedabad,Gujarat,India
CUS002849,STANDARD,Gurugram,Haryana,India
CUS002850,VIP,Bhopal,Madhya Pradesh,India
CUS002851,STANDARD,Thiruvananthapuram,Kerala,India
CUS002852,STANDARD,Gurugram,Haryana,India
CUS002853,STANDARD,Nashik,Maharashtra,India
CUS002854,PREMIUM,Chennai,Tamil Nadu,India
CUS002855,PREMIUM,Delhi,Delhi,India
CUS002856,STANDARD,Bengaluru,Karnataka,India
CUS002857,STANDARD,Gurugram,Haryana,India
CUS002858,VIP,Ahmedabad,Gujarat,India
CUS002859,VIP,Pune,Maharashtra,India
CUS002860,STANDARD,Chennai,Tamil Nadu,India
CUS002861,STANDARD,Delhi,Delhi,India
CUS002862,PREMIUM,Visakhapatnam,Andhra Pradesh,India
CUS002863,PREMIUM,Gurugram,Haryana,India
CUS002864,STANDARD,Mysuru,Karnataka,India
CUS002865,PREMIUM,Mumbai,Maharashtra,India
CUS002866,STANDARD,Vijayawada,Andhra Pradesh,India
CUS002867,STANDARD,Visakhapatnam,Andhra Pradesh,India
CUS002868,STANDARD,Delhi,Delhi,India
CUS002869,PREMIUM,Indore,Madhya Pradesh,India
CUS002870,STANDARD,Kolkata,West Bengal,India
CUS002871,VIP,Kochi,Kerala,India
CUS002872,PREMIUM,Mysuru,Karnataka,India
CUS002873,PREMIUM,Mysuru,Karnataka,India
CUS002874,STANDARD,Thiruvananthapuram,Kerala,India
CUS002875,PREMIUM,Chandigarh,Chandigarh,India
CUS002876,PREMIUM,Indore,Madhya Pradesh,India
CUS002877,VIP,Chennai,Tamil Nadu,India
CUS002878,VIP,Nashik,Maharashtra,India
CUS002879,STANDARD,Vijayawada,Andhra Pradesh,India
CUS002880,VIP,Delhi,Delhi,India
CUS002881,STANDARD,Ahmedabad,Gujarat,India
CUS002882,STANDARD,Mysuru,Karnataka,India
CUS002883,PREMIUM,Madurai,Tamil Nadu,India
CUS002884,PREMIUM,Lucknow,Uttar Pradesh,India
CUS002885,STANDARD,Coimbatore,Tamil Nadu,India
CUS002886,STANDARD,Chennai,Tamil Nadu,India
CUS002887,VIP,Jaipur,Rajasthan,India
CUS002888,PREMIUM,Noida,Uttar Pradesh,India
CUS002889,STANDARD,Kolkata,West Bengal,India
CUS002890,STANDARD,Chandigarh,Chandigarh,India
CUS002891,STANDARD,Noida,Uttar Pradesh,India
CUS002892,PREMIUM,Nagpur,Maharashtra,India
CUS002893,VIP,Visakhapatnam,Andhra Pradesh,India
CUS002894,STANDARD,Thiruvananthapuram,Kerala,India
CUS002895,PREMIUM,Kolkata,West Bengal,India
CUS002896,PREMIUM,Noida,Uttar Pradesh,India
CUS002897,PREMIUM,Chennai,Tamil Nadu,India
CUS002898,PREMIUM,Jaipur,Rajasthan,India
CUS002899,VIP,Pune,Maharashtra,India
CUS002900,PREMIUM,Coimbatore,Tamil Nadu,India
CUS002901,VIP,Delhi,Delhi,India
CUS002902,STANDARD,Hyderabad,Telangana,India
CUS002903,STANDARD,Madurai,Tamil Nadu,India
CUS002904,STANDARD,Mumbai,Maharashtra,India
CUS002905,STANDARD,Coimbatore,Tamil Nadu,India
CUS002906,PREMIUM,Mysuru,Karnataka,India
CUS002907,STANDARD,Ahmedabad,Gujarat,India
CUS002908,VIP,Noida,Uttar Pradesh,India
CUS002909,VIP,Visakhapatnam,Andhra Pradesh,India
CUS002910,PREMIUM,Hyderabad,Telangana,India
CUS002911,STANDARD,Mysuru,Karnataka,India
CUS002912,VIP,Chandigarh,Chandigarh,India
CUS002913,VIP,Hyderabad,Telangana,India
CUS002914,STANDARD,Hyderabad,Telangana,India
CUS002915,PREMIUM,Surat,Gujarat,India
CUS002916,STANDARD,Nagpur,Maharashtra,India
CUS002917,STANDARD,Noida,Uttar Pradesh,India
CUS002918,PREMIUM,Vijayawada,Andhra Pradesh,India
CUS002919,STANDARD,Chennai,Tamil Nadu,India
CUS002920,PREMIUM,Surat,Gujarat,India
CUS002921,STANDARD,Nagpur,Maharashtra,India
CUS002922,VIP,Hyderabad,Telangana,India
CUS002923,PREMIUM,Bengaluru,Karnataka,India
CUS002924,PREMIUM,Gurugram,Haryana,India
CUS002925,VIP,Visakhapatnam,Andhra Pradesh,India
CUS002926,STANDARD,Surat,Gujarat,India
CUS002927,STANDARD,Noida,Uttar Pradesh,India
CUS002928,STANDARD,Madurai,Tamil Nadu,India
CUS002929,PREMIUM,Ahmedabad,Gujarat,India
CUS002930,STANDARD,Pune,Maharashtra,India
CUS002931,STANDARD,Surat,Gujarat,India
CUS002932,PREMIUM,Vijayawada,Andhra Pradesh,India
CUS002933,PREMIUM,Indore,Madhya Pradesh,India
CUS002934,STANDARD,Lucknow,Uttar Pradesh,India
CUS002935,STANDARD,Chandigarh,Chandigarh,India
CUS002936,STANDARD,Delhi,Delhi,India
CUS002937,VIP,Mysuru,Karnataka,India
CUS002938,PREMIUM,Kochi,Kerala,India
CUS002939,VIP,Nashik,Maharashtra,India
CUS002940,STANDARD,Thiruvananthapuram,Kerala,India
CUS002941,STANDARD,Hyderabad,Telangana,India
CUS002942,VIP,Vijayawada,Andhra Pradesh,India
CUS002943,STANDARD,Kochi,Kerala,India
CUS002944,STANDARD,Mumbai,Maharashtra,India
CUS002945,STANDARD,Bhubaneswar,Odisha,India
CUS002946,STANDARD,Vijayawada,Andhra Pradesh,India
CUS002947,VIP,Jaipur,Rajasthan,India
CUS002948,PREMIUM,Coimbatore,Tamil Nadu,India
CUS002949,PREMIUM,Vijayawada,Andhra Pradesh,India
CUS002950,STANDARD,Hyderabad,Telangana,India
CUS002951,VIP,Kochi,Kerala,India
CUS002952,VIP,Vijayawada,Andhra Pradesh,India
CUS002953,STANDARD,Nashik,Maharashtra,India
CUS002954,VIP,Kolkata,West Bengal,India
CUS002955,STANDARD,Surat,Gujarat,India
CUS002956,STANDARD,Bengaluru,Karnataka,India
CUS002957,STANDARD,Surat,Gujarat,India
CUS002958,STANDARD,Delhi,Delhi,India
CUS002959,VIP,Visakhapatnam,Andhra Pradesh,India
CUS002960,STANDARD,Delhi,Delhi,India
CUS002961,STANDARD,Gurugram,Haryana,India
CUS002962,STANDARD,Bengaluru,Karnataka,India
CUS002963,VIP,Hyderabad,Telangana,India
CUS002964,STANDARD,Coimbatore,Tamil Nadu,India
CUS002965,STANDARD,Mysuru,Karnataka,India
CUS002966,VIP,Kolkata,West Bengal,India
CUS002967,PREMIUM,Nagpur,Maharashtra,India
CUS002968,VIP,Noida,Uttar Pradesh,India
CUS002969,STANDARD,Gurugram,Haryana,India
CUS002970,STANDARD,Jaipur,Rajasthan,India
CUS002971,STANDARD,Ahmedabad,Gujarat,India
CUS002972,VIP,Chennai,Tamil Nadu,India
CUS002973,STANDARD,Chandigarh,Chandigarh,India
CUS002974,VIP,Bengaluru,Karnataka,India
CUS002975,VIP,Bhopal,Madhya Pradesh,India
CUS002976,STANDARD,Coimbatore,Tamil Nadu,India
CUS002977,PREMIUM,Ahmedabad,Gujarat,India
CUS002978,STANDARD,Coimbatore,Tamil Nadu,India
CUS002979,STANDARD,Mumbai,Maharashtra,India
CUS002980,STANDARD,Kolkata,West Bengal,India
CUS002981,PREMIUM,Coimbatore,Tamil Nadu,India
CUS002982,STANDARD,Hyderabad,Telangana,India
CUS002983,STANDARD,Gurugram,Haryana,India
CUS002984,STANDARD,Noida,Uttar Pradesh,India
CUS002985,STANDARD,Kolkata,West Bengal,India
CUS002986,PREMIUM,Noida,Uttar Pradesh,India
CUS002987,VIP,Jaipur,Rajasthan,India
CUS002988,PREMIUM,Kolkata,West Bengal,India
CUS002989,PREMIUM,Bhopal,Madhya Pradesh,India
CUS002990,STANDARD,Bhopal,Madhya Pradesh,India
CUS002991,PREMIUM,Hyderabad,Telangana,India
CUS002992,STANDARD,Nagpur,Maharashtra,India
CUS002993,STANDARD,Delhi,Delhi,India
CUS002994,STANDARD,Vijayawada,Andhra Pradesh,India
CUS002995,VIP,Mysuru,Karnataka,India
CUS002996,STANDARD,Coimbatore,Tamil Nadu,India
CUS002997,PREMIUM,Visakhapatnam,Andhra Pradesh,India
CUS002998,STANDARD,Kolkata,West Bengal,India
CUS002999,VIP,Gurugram,Haryana,India
CUS003000,STANDARD,Mysuru,Karnataka,India
CUS003001,STANDARD,Indore,Madhya Pradesh,India
CUS003002,STANDARD,Lucknow,Uttar Pradesh,India
CUS003003,STANDARD,Bhopal,Madhya Pradesh,India
CUS003004,STANDARD,Bhopal,Madhya Pradesh,India
CUS003005,STANDARD,Mysuru,Karnataka,India
CUS003006,STANDARD,Noida,Uttar Pradesh,India
CUS003007,PREMIUM,Nagpur,Maharashtra,India
CUS003008,STANDARD,Bhopal,Madhya Pradesh,India
CUS003009,STANDARD,Nagpur,Maharashtra,India
CUS003010,PREMIUM,Bhubaneswar,Odisha,India
CUS003011,PREMIUM,Bhubaneswar,Odisha,India
CUS003012,STANDARD,Pune,Maharashtra,India
CUS003013,STANDARD,Nashik,Maharashtra,India
CUS003014,VIP,Chandigarh,Chandigarh,India
CUS003015,PREMIUM,Kolkata,West Bengal,India
CUS003016,PREMIUM,Pune,Maharashtra,India
CUS003017,STANDARD,Nashik,Maharashtra,India
CUS003018,STANDARD,Pune,Maharashtra,India
CUS003019,VIP,Mysuru,Karnataka,India
CUS003020,STANDARD,Mumbai,Maharashtra,India
CUS003021,STANDARD,Chandigarh,Chandigarh,India
CUS003022,STANDARD,Jaipur,Rajasthan,India
CUS003023,STANDARD,Surat,Gujarat,India
CUS003024,VIP,Gurugram,Haryana,India
CUS003025,STANDARD,Coimbatore,Tamil Nadu,India
CUS003026,STANDARD,Nagpur,Maharashtra,India
CUS003027,STANDARD,Indore,Madhya Pradesh,India
CUS003028,STANDARD,Surat,Gujarat,India
CUS003029,STANDARD,Coimbatore,Tamil Nadu,India
CUS003030,VIP,Kolkata,West Bengal,India
CUS003031,STANDARD,Jaipur,Rajasthan,India
CUS003032,PREMIUM,Kolkata,West Bengal,India
CUS003033,STANDARD,Nagpur,Maharashtra,India
CUS003034,STANDARD,Surat,Gujarat,India
CUS003035,STANDARD,Kolkata,West Bengal,India
CUS003036,STANDARD,Bhopal,Madhya Pradesh,India
CUS003037,STANDARD,Mysuru,Karnataka,India
CUS003038,PREMIUM,Bhubaneswar,Odisha,India
CUS003039,VIP,Mumbai,Maharashtra,India
CUS003040,STANDARD,Nashik,Maharashtra,India
CUS003041,VIP,Kolkata,West Bengal,India
CUS003042,STANDARD,Vijayawada,Andhra Pradesh,India
CUS003043,PREMIUM,Bhopal,Madhya Pradesh,India
CUS003044,PREMIUM,Gurugram,Haryana,India
CUS003045,STANDARD,Thiruvananthapuram,Kerala,India
CUS003046,STANDARD,Gurugram,Haryana,India
CUS003047,PREMIUM,Madurai,Tamil Nadu,India
CUS003048,PREMIUM,Noida,Uttar Pradesh,India
CUS003049,PREMIUM,Lucknow,Uttar Pradesh,India
CUS003050,STANDARD,Nashik,Maharashtra,India
CUS003051,PREMIUM,Nashik,Maharashtra,India
CUS003052,PREMIUM,Nashik,Maharashtra,India
CUS003053,PREMIUM,Delhi,Delhi,India
CUS003054,STANDARD,Bhubaneswar,Odisha,India
CUS003055,STANDARD,Bhopal,Madhya Pradesh,India
CUS003056,VIP,Ahmedabad,Gujarat,India
CUS003057,STANDARD,Pune,Maharashtra,India
CUS003058,PREMIUM,Chennai,Tamil Nadu,India
CUS003059,PREMIUM,Nashik,Maharashtra,India
CUS003060,PREMIUM,Mysuru,Karnataka,India
CUS003061,VIP,Jaipur,Rajasthan,India
CUS003062,VIP,Mysuru,Karnataka,India
CUS003063,STANDARD,Visakhapatnam,Andhra Pradesh,India
CUS003064,PREMIUM,Ahmedabad,Gujarat,India
CUS003065,PREMIUM,Mysuru,Karnataka,India
CUS003066,STANDARD,Noida,Uttar Pradesh,India
CUS003067,PREMIUM,Chandigarh,Chandigarh,India
CUS003068,STANDARD,Thiruvananthapuram,Kerala,India
CUS003069,STANDARD,Gurugram,Haryana,India
CUS003070,PREMIUM,Thiruvananthapuram,Kerala,India
CUS003071,STANDARD,Thiruvananthapuram,Kerala,India
CUS003072,PREMIUM,Madurai,Tamil Nadu,India
CUS003073,VIP,Kolkata,West Bengal,India
CUS003074,STANDARD,Thiruvananthapuram,Kerala,India
CUS003075,STANDARD,Nashik,Maharashtra,India
CUS003076,PREMIUM,Madurai,Tamil Nadu,India
CUS003077,PREMIUM,Bhopal,Madhya Pradesh,India
CUS003078,VIP,Nashik,Maharashtra,India
CUS003079,STANDARD,Gurugram,Haryana,India
CUS003080,STANDARD,Coimbatore,Tamil Nadu,India
CUS003081,STANDARD,Chennai,Tamil Nadu,India
CUS003082,PREMIUM,Jaipur,Rajasthan,India
CUS003083,STANDARD,Nashik,Maharashtra,India
CUS003084,VIP,Hyderabad,Telangana,India
CUS003085,STANDARD,Vijayawada,Andhra Pradesh,India
CUS003086,VIP,Bhubaneswar,Odisha,India
CUS003087,PREMIUM,Bhubaneswar,Odisha,India
CUS003088,STANDARD,Surat,Gujarat,India
CUS003089,VIP,Bhubaneswar,Odisha,India
CUS003090,STANDARD,Madurai,Tamil Nadu,India
CUS003091,VIP,Vijayawada,Andhra Pradesh,India
CUS003092,PREMIUM,Jaipur,Rajasthan,India
CUS003093,PREMIUM,Vijayawada,Andhra Pradesh,India
CUS003094,STANDARD,Bengaluru,Karnataka,India
CUS003095,PREMIUM,Bhubaneswar,Odisha,India
CUS003096,STANDARD,Nashik,Maharashtra,India
CUS003097,PREMIUM,Bengaluru,Karnataka,India
CUS003098,STANDARD,Vijayawada,Andhra Pradesh,India
CUS003099,STANDARD,Kochi,Kerala,India
CUS003100,STANDARD,Mumbai,Maharashtra,India
CUS003101,STANDARD,Indore,Madhya Pradesh,India
CUS003102,PREMIUM,Nagpur,Maharashtra,India
CUS003103,STANDARD,Thiruvananthapuram,Kerala,India
CUS003104,PREMIUM,Gurugram,Haryana,India
CUS003105,VIP,Jaipur,Rajasthan,India
CUS003106,STANDARD,Chennai,Tamil Nadu,India
CUS003107,PREMIUM,Mysuru,Karnataka,India
CUS003108,STANDARD,Jaipur,Rajasthan,India
CUS003109,STANDARD,Bhubaneswar,Odisha,India
CUS003110,PREMIUM,Thiruvananthapuram,Kerala,India
CUS003111,PREMIUM,Bhubaneswar,Odisha,India
CUS003112,PREMIUM,Chandigarh,Chandigarh,India
CUS003113,STANDARD,Noida,Uttar Pradesh,India
CUS003114,PREMIUM,Thiruvananthapuram,Kerala,India
CUS003115,PREMIUM,Vijayawada,Andhra Pradesh,India
CUS003116,PREMIUM,Bengaluru,Karnataka,India
CUS003117,PREMIUM,Chennai,Tamil Nadu,India
CUS003118,STANDARD,Ahmedabad,Gujarat,India
CUS003119,STANDARD,Bhubaneswar,Odisha,India
CUS003120,STANDARD,Hyderabad,Telangana,India
CUS003121,PREMIUM,Madurai,Tamil Nadu,India
CUS003122,PREMIUM,Chennai,Tamil Nadu,India
CUS003123,PREMIUM,Visakhapatnam,Andhra Pradesh,India
CUS003124,STANDARD,Pune,Maharashtra,India
CUS003125,PREMIUM,Gurugram,Haryana,India
CUS003126,STANDARD,Thiruvananthapuram,Kerala,India
CUS003127,STANDARD,Bhopal,Madhya Pradesh,India
CUS003128,PREMIUM,Vijayawada,Andhra Pradesh,India
CUS003129,STANDARD,Delhi,Delhi,India
CUS003130,PREMIUM,Bhopal,Madhya Pradesh,India
CUS003131,STANDARD,Vijayawada,Andhra Pradesh,India
CUS003132,VIP,Surat,Gujarat,India
CUS003133,VIP,Vijayawada,Andhra Pradesh,India
CUS003134,VIP,Ahmedabad,Gujarat,India
CUS003135,PREMIUM,Ahmedabad,Gujarat,India
CUS003136,PREMIUM,Vijayawada,Andhra Pradesh,India
CUS003137,STANDARD,Ahmedabad,Gujarat,India
CUS003138,STANDARD,Kolkata,West Bengal,India
CUS003139,STANDARD,Madurai,Tamil Nadu,India
CUS003140,PREMIUM,Vijayawada,Andhra Pradesh,India
CUS003141,PREMIUM,Madurai,Tamil Nadu,India
CUS003142,STANDARD,Thiruvananthapuram,Kerala,India
CUS003143,STANDARD,Bhubaneswar,Odisha,India
CUS003144,STANDARD,Chennai,Tamil Nadu,India
CUS003145,PREMIUM,Mumbai,Maharashtra,India
CUS003146,STANDARD,Pune,Maharashtra,India
CUS003147,STANDARD,Coimbatore,Tamil Nadu,India
CUS003148,VIP,Chandigarh,Chandigarh,India
CUS003149,STANDARD,Surat,Gujarat,India
CUS003150,VIP,Bhubaneswar,Odisha,India
CUS003151,PREMIUM,Chennai,Tamil Nadu,India
CUS003152,PREMIUM,Nashik,Maharashtra,India
CUS003153,STANDARD,Coimbatore,Tamil Nadu,India
CUS003154,STANDARD,Hyderabad,Telangana,India
CUS003155,VIP,Pune,Maharashtra,India
CUS003156,STANDARD,Lucknow,Uttar Pradesh,India
CUS003157,VIP,Lucknow,Uttar Pradesh,India
CUS003158,PREMIUM,Mysuru,Karnataka,India
CUS003159,VIP,Nagpur,Maharashtra,India
CUS003160,STANDARD,Nagpur,Maharashtra,India
CUS003161,STANDARD,Nashik,Maharashtra,India
CUS003162,STANDARD,Gurugram,Haryana,India
CUS003163,STANDARD,Ahmedabad,Gujarat,India
CUS003164,PREMIUM,Pune,Maharashtra,India
CUS003165,PREMIUM,Thiruvananthapuram,Kerala,India
CUS003166,PREMIUM,Surat,Gujarat,India
CUS003167,STANDARD,Hyderabad,Telangana,India
CUS003168,VIP,Mumbai,Maharashtra,India
CUS003169,PREMIUM,Vijayawada,Andhra Pradesh,India
CUS003170,STANDARD,Mumbai,Maharashtra,India
CUS003171,PREMIUM,Madurai,Tamil Nadu,India
CUS003172,STANDARD,Madurai,Tamil Nadu,India
CUS003173,STANDARD,Surat,Gujarat,India
CUS003174,PREMIUM,Chandigarh,Chandigarh,India
CUS003175,VIP,Nashik,Maharashtra,India
CUS003176,STANDARD,Thiruvananthapuram,Kerala,India
CUS003177,PREMIUM,Chennai,Tamil Nadu,India
CUS003178,VIP,Kolkata,West Bengal,India
CUS003179,STANDARD,Chennai,Tamil Nadu,India
CUS003180,STANDARD,Jaipur,Rajasthan,India
CUS003181,PREMIUM,Coimbatore,Tamil Nadu,India
CUS003182,PREMIUM,Noida,Uttar Pradesh,India
CUS003183,STANDARD,Kochi,Kerala,India
CUS003184,STANDARD,Ahmedabad,Gujarat,India
CUS003185,STANDARD,Mysuru,Karnataka,India
CUS003186,STANDARD,Pune,Maharashtra,India
CUS003187,PREMIUM,Surat,Gujarat,India
CUS003188,STANDARD,Chandigarh,Chandigarh,India
CUS003189,VIP,Jaipur,Rajasthan,India
CUS003190,VIP,Nagpur,Maharashtra,India
CUS003191,STANDARD,Surat,Gujarat,India
CUS003192,STANDARD,Surat,Gujarat,India
CUS003193,STANDARD,Bengaluru,Karnataka,India
CUS003194,PREMIUM,Surat,Gujarat,India
CUS003195,PREMIUM,Vijayawada,Andhra Pradesh,India
CUS003196,STANDARD,Noida,Uttar Pradesh,India
CUS003197,STANDARD,Chandigarh,Chandigarh,India
CUS003198,STANDARD,Kochi,Kerala,India
CUS003199,STANDARD,Kolkata,West Bengal,India
CUS003200,VIP,Hyderabad,Telangana,India
CUS003201,STANDARD,Ahmedabad,Gujarat,India
CUS003202,PREMIUM,Noida,Uttar Pradesh,India
CUS003203,STANDARD,Madurai,Tamil Nadu,India
CUS003204,PREMIUM,Jaipur,Rajasthan,India
CUS003205,VIP,Visakhapatnam,Andhra Pradesh,India
CUS003206,PREMIUM,Bhubaneswar,Odisha,India
CUS003207,STANDARD,Gurugram,Haryana,India
CUS003208,VIP,Kochi,Kerala,India
CUS003209,STANDARD,Kolkata,West Bengal,India
CUS003210,PREMIUM,Surat,Gujarat,India
CUS003211,VIP,Noida,Uttar Pradesh,India
CUS003212,PREMIUM,Indore,Madhya Pradesh,India
CUS003213,VIP,Bengaluru,Karnataka,India
CUS003214,PREMIUM,Ahmedabad,Gujarat,India
CUS003215,PREMIUM,Bhubaneswar,Odisha,India
CUS003216,VIP,Surat,Gujarat,India
CUS003217,STANDARD,Kochi,Kerala,India
CUS003218,STANDARD,Kolkata,West Bengal,India
CUS003219,PREMIUM,Coimbatore,Tamil Nadu,India
CUS003220,STANDARD,Delhi,Delhi,India
CUS003221,VIP,Delhi,Delhi,India
CUS003222,STANDARD,Thiruvananthapuram,Kerala,India
CUS003223,PREMIUM,Hyderabad,Telangana,India
CUS003224,STANDARD,Chennai,Tamil Nadu,India
CUS003225,STANDARD,Kochi,Kerala,India
CUS003226,STANDARD,Hyderabad,Telangana,India
CUS003227,VIP,Mysuru,Karnataka,India
CUS003228,STANDARD,Gurugram,Haryana,India
CUS003229,PREMIUM,Thiruvananthapuram,Kerala,India
CUS003230,PREMIUM,Lucknow,Uttar Pradesh,India
CUS003231,STANDARD,Lucknow,Uttar Pradesh,India
CUS003232,STANDARD,Delhi,Delhi,India
CUS003233,STANDARD,Mumbai,Maharashtra,India
CUS003234,STANDARD,Chandigarh,Chandigarh,India
CUS003235,PREMIUM,Visakhapatnam,Andhra Pradesh,India
CUS003236,PREMIUM,Ahmedabad,Gujarat,India
CUS003237,VIP,Hyderabad,Telangana,India
CUS003238,STANDARD,Pune,Maharashtra,India
CUS003239,STANDARD,Gurugram,Haryana,India
CUS003240,STANDARD,Delhi,Delhi,India
CUS003241,STANDARD,Bengaluru,Karnataka,India
CUS003242,PREMIUM,Thiruvananthapuram,Kerala,India
CUS003243,VIP,Gurugram,Haryana,India
CUS003244,VIP,Pune,Maharashtra,India
CUS003245,STANDARD,Vijayawada,Andhra Pradesh,India
CUS003246,STANDARD,Pune,Maharashtra,India
CUS003247,PREMIUM,Chennai,Tamil Nadu,India
CUS003248,STANDARD,Mysuru,Karnataka,India
CUS003249,STANDARD,Hyderabad,Telangana,India
CUS003250,VIP,Thiruvananthapuram,Kerala,India
CUS003251,PREMIUM,Nagpur,Maharashtra,India
CUS003252,STANDARD,Indore,Madhya Pradesh,India
CUS003253,STANDARD,Lucknow,Uttar Pradesh,India
CUS003254,VIP,Surat,Gujarat,India
CUS003255,STANDARD,Kolkata,West Bengal,India
CUS003256,VIP,Kolkata,West Bengal,India
CUS003257,PREMIUM,Surat,Gujarat,India
CUS003258,PREMIUM,Bengaluru,Karnataka,India
CUS003259,STANDARD,Nagpur,Maharashtra,India
CUS003260,STANDARD,Jaipur,Rajasthan,India
CUS003261,STANDARD,Bhubaneswar,Odisha,India
CUS003262,PREMIUM,Chennai,Tamil Nadu,India
CUS003263,PREMIUM,Indore,Madhya Pradesh,India
CUS003264,VIP,Chandigarh,Chandigarh,India
CUS003265,STANDARD,Indore,Madhya Pradesh,India
CUS003266,STANDARD,Hyderabad,Telangana,India
CUS003267,STANDARD,Delhi,Delhi,India
CUS003268,STANDARD,Gurugram,Haryana,India
CUS003269,PREMIUM,Bengaluru,Karnataka,India
CUS003270,STANDARD,Hyderabad,Telangana,India
CUS003271,STANDARD,Surat,Gujarat,India
CUS003272,PREMIUM,Vijayawada,Andhra Pradesh,India
CUS003273,VIP,Coimbatore,Tamil Nadu,India
CUS003274,STANDARD,Nashik,Maharashtra,India
CUS003275,PREMIUM,Ahmedabad,Gujarat,India
CUS003276,VIP,Vijayawada,Andhra Pradesh,India
CUS003277,STANDARD,Lucknow,Uttar Pradesh,India
CUS003278,STANDARD,Chandigarh,Chandigarh,India
CUS003279,PREMIUM,Coimbatore,Tamil Nadu,India
CUS003280,STANDARD,Bhopal,Madhya Pradesh,India
CUS003281,STANDARD,Mysuru,Karnataka,India
CUS003282,PREMIUM,Kochi,Kerala,India
CUS003283,VIP,Pune,Maharashtra,India
CUS003284,STANDARD,Thiruvananthapuram,Kerala,India
CUS003285,VIP,Bhopal,Madhya Pradesh,India
CUS003286,STANDARD,Lucknow,Uttar Pradesh,India
CUS003287,PREMIUM,Ahmedabad,Gujarat,India
CUS003288,VIP,Mysuru,Karnataka,India
CUS003289,STANDARD,Bhopal,Madhya Pradesh,India
CUS003290,VIP,Chandigarh,Chandigarh,India
CUS003291,PREMIUM,Nashik,Maharashtra,India
CUS003292,PREMIUM,Lucknow,Uttar Pradesh,India
CUS003293,STANDARD,Madurai,Tamil Nadu,India
CUS003294,STANDARD,Madurai,Tamil Nadu,India
CUS003295,STANDARD,Mysuru,Karnataka,India
CUS003296,STANDARD,Bhubaneswar,Odisha,India
CUS003297,STANDARD,Mysuru,Karnataka,India
CUS003298,PREMIUM,Gurugram,Haryana,India
CUS003299,STANDARD,Kochi,Kerala,India
CUS003300,VIP,Chandigarh,Chandigarh,India
CUS003301,STANDARD,Hyderabad,Telangana,India
CUS003302,STANDARD,Bengaluru,Karnataka,India
CUS003303,PREMIUM,Bhubaneswar,Odisha,India
CUS003304,VIP,Vijayawada,Andhra Pradesh,India
CUS003305,STANDARD,Hyderabad,Telangana,India
CUS003306,PREMIUM,Bhopal,Madhya Pradesh,India
CUS003307,STANDARD,Nashik,Maharashtra,India
CUS003308,STANDARD,Bhopal,Madhya Pradesh,India
CUS003309,STANDARD,Kolkata,West Bengal,India
CUS003310,PREMIUM,Coimbatore,Tamil Nadu,India
CUS003311,VIP,Jaipur,Rajasthan,India
CUS003312,VIP,Ahmedabad,Gujarat,India
CUS003313,PREMIUM,Chennai,Tamil Nadu,India
CUS003314,STANDARD,Bhopal,Madhya Pradesh,India
CUS003315,STANDARD,Bhubaneswar,Odisha,India
CUS003316,VIP,Kochi,Kerala,India
CUS003317,VIP,Gurugram,Haryana,India
CUS003318,VIP,Visakhapatnam,Andhra Pradesh,India
CUS003319,STANDARD,Delhi,Delhi,India
CUS003320,STANDARD,Madurai,Tamil Nadu,India
CUS003321,STANDARD,Kochi,Kerala,India
CUS003322,PREMIUM,Chennai,Tamil Nadu,India
CUS003323,STANDARD,Nagpur,Maharashtra,India
CUS003324,STANDARD,Gurugram,Haryana,India
CUS003325,VIP,Kolkata,West Bengal,India
CUS003326,VIP,Bhubaneswar,Odisha,India
CUS003327,STANDARD,Bhubaneswar,Odisha,India
CUS003328,VIP,Jaipur,Rajasthan,India
CUS003329,STANDARD,Hyderabad,Telangana,India
CUS003330,PREMIUM,Visakhapatnam,Andhra Pradesh,India
CUS003331,STANDARD,Indore,Madhya Pradesh,India
CUS003332,STANDARD,Bengaluru,Karnataka,India
CUS003333,PREMIUM,Thiruvananthapuram,Kerala,India
CUS003334,STANDARD,Chennai,Tamil Nadu,India
CUS003335,STANDARD,Noida,Uttar Pradesh,India
CUS003336,STANDARD,Hyderabad,Telangana,India
CUS003337,PREMIUM,Gurugram,Haryana,India
CUS003338,PREMIUM,Madurai,Tamil Nadu,India
CUS003339,STANDARD,Lucknow,Uttar Pradesh,India
CUS003340,PREMIUM,Mumbai,Maharashtra,India
CUS003341,PREMIUM,Kochi,Kerala,India
CUS003342,STANDARD,Kochi,Kerala,India
CUS003343,PREMIUM,Nagpur,Maharashtra,India
CUS003344,STANDARD,Noida,Uttar Pradesh,India
CUS003345,STANDARD,Bhopal,Madhya Pradesh,India
CUS003346,PREMIUM,Pune,Maharashtra,India
CUS003347,PREMIUM,Jaipur,Rajasthan,India
CUS003348,STANDARD,Jaipur,Rajasthan,India
CUS003349,STANDARD,Delhi,Delhi,India
CUS003350,STANDARD,Coimbatore,Tamil Nadu,India
CUS003351,STANDARD,Surat,Gujarat,India
CUS003352,VIP,Mumbai,Maharashtra,India
CUS003353,PREMIUM,Kolkata,West Bengal,India
CUS003354,PREMIUM,Bhubaneswar,Odisha,India
CUS003355,PREMIUM,Thiruvananthapuram,Kerala,India
CUS003356,STANDARD,Nashik,Maharashtra,India
CUS003357,STANDARD,Bhopal,Madhya Pradesh,India
CUS003358,STANDARD,Noida,Uttar Pradesh,India
CUS003359,VIP,Mysuru,Karnataka,India
CUS003360,PREMIUM,Vijayawada,Andhra Pradesh,India
CUS003361,PREMIUM,Delhi,Delhi,India
CUS003362,PREMIUM,Noida,Uttar Pradesh,India
CUS003363,STANDARD,Noida,Uttar Pradesh,India
CUS003364,VIP,Indore,Madhya Pradesh,India
CUS003365,PREMIUM,Noida,Uttar Pradesh,India
CUS003366,PREMIUM,Gurugram,Haryana,India
CUS003367,STANDARD,Chandigarh,Chandigarh,India
CUS003368,STANDARD,Mumbai,Maharashtra,India
CUS003369,STANDARD,Bengaluru,Karnataka,India
CUS003370,PREMIUM,Jaipur,Rajasthan,India
CUS003371,STANDARD,Lucknow,Uttar Pradesh,India
CUS003372,VIP,Surat,Gujarat,India
CUS003373,PREMIUM,Kochi,Kerala,India
CUS003374,STANDARD,Nagpur,Maharashtra,India
CUS003375,STANDARD,Vijayawada,Andhra Pradesh,India
CUS003376,VIP,Chennai,Tamil Nadu,India
CUS003377,VIP,Madurai,Tamil Nadu,India
CUS003378,VIP,Noida,Uttar Pradesh,India
CUS003379,VIP,Madurai,Tamil Nadu,India
CUS003380,VIP,Hyderabad,Telangana,India
CUS003381,STANDARD,Jaipur,Rajasthan,India
CUS003382,STANDARD,Nagpur,Maharashtra,India
CUS003383,STANDARD,Ahmedabad,Gujarat,India
CUS003384,STANDARD,Pune,Maharashtra,India
CUS003385,PREMIUM,Lucknow,Uttar Pradesh,India
CUS003386,PREMIUM,Coimbatore,Tamil Nadu,India
CUS003387,PREMIUM,Thiruvananthapuram,Kerala,India
CUS003388,VIP,Bhopal,Madhya Pradesh,India
CUS003389,STANDARD,Chandigarh,Chandigarh,India
CUS003390,STANDARD,Mumbai,Maharashtra,India
CUS003391,PREMIUM,Kolkata,West Bengal,India
CUS003392,STANDARD,Madurai,Tamil Nadu,India
CUS003393,VIP,Madurai,Tamil Nadu,India
CUS003394,STANDARD,Coimbatore,Tamil Nadu,India
CUS003395,STANDARD,Ahmedabad,Gujarat,India
CUS003396,STANDARD,Surat,Gujarat,India
CUS003397,STANDARD,Bengaluru,Karnataka,India
CUS003398,PREMIUM,Kolkata,West Bengal,India
CUS003399,PREMIUM,Chennai,Tamil Nadu,India
CUS003400,STANDARD,Delhi,Delhi,India
CUS003401,VIP,Chennai,Tamil Nadu,India
CUS003402,PREMIUM,Kolkata,West Bengal,India
CUS003403,STANDARD,Delhi,Delhi,India
CUS003404,STANDARD,Nashik,Maharashtra,India
CUS003405,STANDARD,Pune,Maharashtra,India
CUS003406,STANDARD,Vijayawada,Andhra Pradesh,India
CUS003407,STANDARD,Indore,Madhya Pradesh,India
CUS003408,STANDARD,Hyderabad,Telangana,India
CUS003409,PREMIUM,Bengaluru,Karnataka,India
CUS003410,STANDARD,Bhubaneswar,Odisha,India
CUS003411,STANDARD,Kolkata,West Bengal,India
CUS003412,STANDARD,Hyderabad,Telangana,India
CUS003413,VIP,Chennai,Tamil Nadu,India
CUS003414,STANDARD,Vijayawada,Andhra Pradesh,India
CUS003415,VIP,Ahmedabad,Gujarat,India
CUS003416,PREMIUM,Kochi,Kerala,India
CUS003417,STANDARD,Pune,Maharashtra,India
CUS003418,STANDARD,Delhi,Delhi,India
CUS003419,STANDARD,Lucknow,Uttar Pradesh,India
CUS003420,PREMIUM,Pune,Maharashtra,India
CUS003421,STANDARD,Bengaluru,Karnataka,India
CUS003422,PREMIUM,Bhopal,Madhya Pradesh,India
CUS003423,STANDARD,Hyderabad,Telangana,India
CUS003424,STANDARD,Vijayawada,Andhra Pradesh,India
CUS003425,STANDARD,Visakhapatnam,Andhra Pradesh,India
CUS003426,PREMIUM,Bhopal,Madhya Pradesh,India
CUS003427,PREMIUM,Vijayawada,Andhra Pradesh,India
CUS003428,STANDARD,Vijayawada,Andhra Pradesh,India
CUS003429,STANDARD,Indore,Madhya Pradesh,India
CUS003430,STANDARD,Nashik,Maharashtra,India
CUS003431,STANDARD,Nagpur,Maharashtra,India
CUS003432,STANDARD,Mysuru,Karnataka,India
CUS003433,VIP,Gurugram,Haryana,India
CUS003434,STANDARD,Kolkata,West Bengal,India
CUS003435,VIP,Surat,Gujarat,India
CUS003436,STANDARD,Surat,Gujarat,India
CUS003437,STANDARD,Surat,Gujarat,India
CUS003438,PREMIUM,Kolkata,West Bengal,India
CUS003439,PREMIUM,Gurugram,Haryana,India
CUS003440,STANDARD,Nagpur,Maharashtra,India
CUS003441,PREMIUM,Bhubaneswar,Odisha,India
CUS003442,STANDARD,Thiruvananthapuram,Kerala,India
CUS003443,STANDARD,Chennai,Tamil Nadu,India
CUS003444,VIP,Mysuru,Karnataka,India
CUS003445,STANDARD,Thiruvananthapuram,Kerala,India
CUS003446,STANDARD,Madurai,Tamil Nadu,India
CUS003447,STANDARD,Surat,Gujarat,India
CUS003448,STANDARD,Chennai,Tamil Nadu,India
CUS003449,STANDARD,Mumbai,Maharashtra,India
CUS003450,VIP,Visakhapatnam,Andhra Pradesh,India
CUS003451,PREMIUM,Thiruvananthapuram,Kerala,India
CUS003452,VIP,Visakhapatnam,Andhra Pradesh,India
CUS003453,PREMIUM,Bengaluru,Karnataka,India
CUS003454,STANDARD,Thiruvananthapuram,Kerala,India
CUS003455,STANDARD,Chennai,Tamil Nadu,India
CUS003456,PREMIUM,Kochi,Kerala,India
CUS003457,STANDARD,Visakhapatnam,Andhra Pradesh,India
CUS003458,VIP,Indore,Madhya Pradesh,India
CUS003459,PREMIUM,Chandigarh,Chandigarh,India
CUS003460,STANDARD,Delhi,Delhi,India
CUS003461,VIP,Pune,Maharashtra,India
CUS003462,STANDARD,Mysuru,Karnataka,India
CUS003463,STANDARD,Chandigarh,Chandigarh,India
CUS003464,STANDARD,Indore,Madhya Pradesh,India
CUS003465,PREMIUM,Ahmedabad,Gujarat,India
CUS003466,STANDARD,Madurai,Tamil Nadu,India
CUS003467,STANDARD,Madurai,Tamil Nadu,India
CUS003468,STANDARD,Gurugram,Haryana,India
CUS003469,PREMIUM,Bhubaneswar,Odisha,India
CUS003470,STANDARD,Nagpur,Maharashtra,India
CUS003471,STANDARD,Noida,Uttar Pradesh,India
CUS003472,PREMIUM,Madurai,Tamil Nadu,India
CUS003473,VIP,Mysuru,Karnataka,India
CUS003474,VIP,Bhubaneswar,Odisha,India
CUS003475,STANDARD,Delhi,Delhi,India
CUS003476,PREMIUM,Mysuru,Karnataka,India
CUS003477,PREMIUM,Chandigarh,Chandigarh,India
CUS003478,STANDARD,Indore,Madhya Pradesh,India
CUS003479,PREMIUM,Thiruvananthapuram,Kerala,India
CUS003480,STANDARD,Delhi,Delhi,India
CUS003481,STANDARD,Thiruvananthapuram,Kerala,India
CUS003482,PREMIUM,Coimbatore,Tamil Nadu,India
CUS003483,PREMIUM,Noida,Uttar Pradesh,India
CUS003484,PREMIUM,Visakhapatnam,Andhra Pradesh,India
CUS003485,STANDARD,Vijayawada,Andhra Pradesh,India
CUS003486,PREMIUM,Surat,Gujarat,India
CUS003487,STANDARD,Hyderabad,Telangana,India
CUS003488,PREMIUM,Bhubaneswar,Odisha,India
CUS003489,STANDARD,Chandigarh,Chandigarh,India
CUS003490,STANDARD,Jaipur,Rajasthan,India
CUS003491,VIP,Hyderabad,Telangana,India
CUS003492,STANDARD,Hyderabad,Telangana,India
CUS003493,PREMIUM,Pune,Maharashtra,India
CUS003494,PREMIUM,Chennai,Tamil Nadu,India
CUS003495,STANDARD,Thiruvananthapuram,Kerala,India
CUS003496,VIP,Kochi,Kerala,India
CUS003497,STANDARD,Bhopal,Madhya Pradesh,India
CUS003498,PREMIUM,Vijayawada,Andhra Pradesh,India
CUS003499,VIP,Kochi,Kerala,India
CUS003500,STANDARD,Kolkata,West Bengal,India
CUS003501,PREMIUM,Mysuru,Karnataka,India
CUS003502,STANDARD,Hyderabad,Telangana,India
CUS003503,PREMIUM,Chandigarh,Chandigarh,India
CUS003504,STANDARD,Mysuru,Karnataka,India
CUS003505,VIP,Delhi,Delhi,India
CUS003506,STANDARD,Mysuru,Karnataka,India
CUS003507,PREMIUM,Kolkata,West Bengal,India
CUS003508,PREMIUM,Mysuru,Karnataka,India
CUS003509,PREMIUM,Pune,Maharashtra,India
CUS003510,STANDARD,Nagpur,Maharashtra,India
CUS003511,STANDARD,Kolkata,West Bengal,India
CUS003512,PREMIUM,Kolkata,West Bengal,India
CUS003513,STANDARD,Hyderabad,Telangana,India
CUS003514,VIP,Visakhapatnam,Andhra Pradesh,India
CUS003515,PREMIUM,Indore,Madhya Pradesh,India
CUS003516,STANDARD,Bengaluru,Karnataka,India
CUS003517,PREMIUM,Bengaluru,Karnataka,India
CUS003518,PREMIUM,Nagpur,Maharashtra,India
CUS003519,STANDARD,Mumbai,Maharashtra,India
CUS003520,VIP,Indore,Madhya Pradesh,India
CUS003521,STANDARD,Visakhapatnam,Andhra Pradesh,India
CUS003522,STANDARD,Chandigarh,Chandigarh,India
CUS003523,STANDARD,Madurai,Tamil Nadu,India
CUS003524,PREMIUM,Nagpur,Maharashtra,India
CUS003525,STANDARD,Bhopal,Madhya Pradesh,India
CUS003526,PREMIUM,Chennai,Tamil Nadu,India
CUS003527,PREMIUM,Indore,Madhya Pradesh,India
CUS003528,VIP,Bhubaneswar,Odisha,India
CUS003529,PREMIUM,Visakhapatnam,Andhra Pradesh,India
CUS003530,STANDARD,Chandigarh,Chandigarh,India
CUS003531,STANDARD,Chennai,Tamil Nadu,India
CUS003532,STANDARD,Noida,Uttar Pradesh,India
CUS003533,VIP,Nagpur,Maharashtra,India
CUS003534,STANDARD,Jaipur,Rajasthan,India
CUS003535,STANDARD,Thiruvananthapuram,Kerala,India
CUS003536,PREMIUM,Hyderabad,Telangana,India
CUS003537,STANDARD,Mumbai,Maharashtra,India
CUS003538,STANDARD,Madurai,Tamil Nadu,India
CUS003539,STANDARD,Mumbai,Maharashtra,India
CUS003540,PREMIUM,Kochi,Kerala,India
CUS003541,VIP,Visakhapatnam,Andhra Pradesh,India
CUS003542,VIP,Madurai,Tamil Nadu,India
CUS003543,PREMIUM,Indore,Madhya Pradesh,India
CUS003544,PREMIUM,Indore,Madhya Pradesh,India
CUS003545,PREMIUM,Mysuru,Karnataka,India
CUS003546,STANDARD,Jaipur,Rajasthan,India
CUS003547,VIP,Bhopal,Madhya Pradesh,India
CUS003548,VIP,Bhopal,Madhya Pradesh,India
CUS003549,STANDARD,Madurai,Tamil Nadu,India
CUS003550,STANDARD,Nagpur,Maharashtra,India
CUS003551,STANDARD,Delhi,Delhi,India
CUS003552,STANDARD,Noida,Uttar Pradesh,India
CUS003553,VIP,Mumbai,Maharashtra,India
CUS003554,STANDARD,Noida,Uttar Pradesh,India
CUS003555,PREMIUM,Noida,Uttar Pradesh,India
CUS003556,STANDARD,Kochi,Kerala,India
CUS003557,STANDARD,Kochi,Kerala,India
CUS003558,VIP,Hyderabad,Telangana,India
CUS003559,PREMIUM,Chandigarh,Chandigarh,India
CUS003560,STANDARD,Noida,Uttar Pradesh,India
CUS003561,PREMIUM,Mysuru,Karnataka,India
CUS003562,PREMIUM,Delhi,Delhi,India
CUS003563,STANDARD,Hyderabad,Telangana,India
CUS003564,STANDARD,Nashik,Maharashtra,India
CUS003565,VIP,Delhi,Delhi,India
CUS003566,PREMIUM,Bhopal,Madhya Pradesh,India
CUS003567,PREMIUM,Vijayawada,Andhra Pradesh,India
CUS003568,PREMIUM,Mumbai,Maharashtra,India
CUS003569,STANDARD,Surat,Gujarat,India
CUS003570,STANDARD,Noida,Uttar Pradesh,India
CUS003571,PREMIUM,Surat,Gujarat,India
CUS003572,STANDARD,Pune,Maharashtra,India
CUS003573,STANDARD,Mumbai,Maharashtra,India
CUS003574,VIP,Kochi,Kerala,India
CUS003575,PREMIUM,Hyderabad,Telangana,India
CUS003576,VIP,Vijayawada,Andhra Pradesh,India
CUS003577,PREMIUM,Surat,Gujarat,India
CUS003578,PREMIUM,Indore,Madhya Pradesh,India
CUS003579,STANDARD,Mysuru,Karnataka,India
CUS003580,PREMIUM,Vijayawada,Andhra Pradesh,India
CUS003581,PREMIUM,Vijayawada,Andhra Pradesh,India
CUS003582,VIP,Surat,Gujarat,India
CUS003583,VIP,Jaipur,Rajasthan,India
CUS003584,STANDARD,Vijayawada,Andhra Pradesh,India
CUS003585,STANDARD,Bhopal,Madhya Pradesh,India
CUS003586,STANDARD,Kolkata,West Bengal,India
CUS003587,PREMIUM,Hyderabad,Telangana,India
CUS003588,PREMIUM,Chennai,Tamil Nadu,India
CUS003589,STANDARD,Nagpur,Maharashtra,India
CUS003590,PREMIUM,Kochi,Kerala,India
CUS003591,STANDARD,Vijayawada,Andhra Pradesh,India
CUS003592,PREMIUM,Vijayawada,Andhra Pradesh,India
CUS003593,STANDARD,Kochi,Kerala,India
CUS003594,VIP,Visakhapatnam,Andhra Pradesh,India
CUS003595,STANDARD,Hyderabad,Telangana,India
CUS003596,STANDARD,Gurugram,Haryana,India
CUS003597,STANDARD,Indore,Madhya Pradesh,India
CUS003598,STANDARD,Vijayawada,Andhra Pradesh,India
CUS003599,STANDARD,Visakhapatnam,Andhra Pradesh,India
CUS003600,STANDARD,Kolkata,West Bengal,India
CUS003601,VIP,Surat,Gujarat,India
CUS003602,PREMIUM,Chennai,Tamil Nadu,India
CUS003603,VIP,Bhopal,Madhya Pradesh,India
CUS003604,STANDARD,Visakhapatnam,Andhra Pradesh,India
CUS003605,VIP,Mysuru,Karnataka,India
CUS003606,PREMIUM,Bhopal,Madhya Pradesh,India
CUS003607,VIP,Hyderabad,Telangana,India
CUS003608,VIP,Kochi,Kerala,India
CUS003609,PREMIUM,Coimbatore,Tamil Nadu,India
CUS003610,STANDARD,Chandigarh,Chandigarh,India
CUS003611,STANDARD,Jaipur,Rajasthan,India
CUS003612,VIP,Mysuru,Karnataka,India
CUS003613,STANDARD,Indore,Madhya Pradesh,India
CUS003614,PREMIUM,Thiruvananthapuram,Kerala,India
CUS003615,STANDARD,Delhi,Delhi,India
CUS003616,STANDARD,Noida,Uttar Pradesh,India
CUS003617,PREMIUM,Jaipur,Rajasthan,India
CUS003618,PREMIUM,Nashik,Maharashtra,India
CUS003619,STANDARD,Vijayawada,Andhra Pradesh,India
CUS003620,STANDARD,Lucknow,Uttar Pradesh,India
CUS003621,STANDARD,Ahmedabad,Gujarat,India
CUS003622,STANDARD,Mumbai,Maharashtra,India
CUS003623,STANDARD,Bengaluru,Karnataka,India
CUS003624,STANDARD,Thiruvananthapuram,Kerala,India
CUS003625,PREMIUM,Gurugram,Haryana,India
CUS003626,STANDARD,Pune,Maharashtra,India
CUS003627,PREMIUM,Chennai,Tamil Nadu,India
CUS003628,PREMIUM,Nashik,Maharashtra,India
CUS003629,STANDARD,Lucknow,Uttar Pradesh,India
CUS003630,STANDARD,Ahmedabad,Gujarat,India
CUS003631,STANDARD,Vijayawada,Andhra Pradesh,India
CUS003632,STANDARD,Chennai,Tamil Nadu,India
CUS003633,STANDARD,Bhubaneswar,Odisha,India
CUS003634,PREMIUM,Bhubaneswar,Odisha,India
CUS003635,STANDARD,Bengaluru,Karnataka,India
CUS003636,PREMIUM,Bhopal,Madhya Pradesh,India
CUS003637,VIP,Jaipur,Rajasthan,India
CUS003638,VIP,Nashik,Maharashtra,India
CUS003639,PREMIUM,Pune,Maharashtra,India
CUS003640,PREMIUM,Chandigarh,Chandigarh,India
CUS003641,STANDARD,Bhubaneswar,Odisha,India
CUS003642,PREMIUM,Nashik,Maharashtra,India
CUS003643,STANDARD,Jaipur,Rajasthan,India
CUS003644,STANDARD,Ahmedabad,Gujarat,India
CUS003645,STANDARD,Kolkata,West Bengal,India
CUS003646,VIP,Gurugram,Haryana,India
CUS003647,STANDARD,Nashik,Maharashtra,India
CUS003648,STANDARD,Coimbatore,Tamil Nadu,India
CUS003649,STANDARD,Indore,Madhya Pradesh,India
CUS003650,PREMIUM,Bhopal,Madhya Pradesh,India
CUS003651,PREMIUM,Bhubaneswar,Odisha,India
CUS003652,VIP,Vijayawada,Andhra Pradesh,India
CUS003653,STANDARD,Nashik,Maharashtra,India
CUS003654,STANDARD,Kochi,Kerala,India
CUS003655,STANDARD,Chennai,Tamil Nadu,India
CUS003656,STANDARD,Nashik,Maharashtra,India
CUS003657,PREMIUM,Visakhapatnam,Andhra Pradesh,India
CUS003658,STANDARD,Bhubaneswar,Odisha,India
CUS003659,PREMIUM,Lucknow,Uttar Pradesh,India
CUS003660,STANDARD,Chennai,Tamil Nadu,India
CUS003661,STANDARD,Kolkata,West Bengal,India
CUS003662,STANDARD,Nagpur,Maharashtra,India
CUS003663,VIP,Coimbatore,Tamil Nadu,India
CUS003664,PREMIUM,Bhubaneswar,Odisha,India
CUS003665,VIP,Coimbatore,Tamil Nadu,India
CUS003666,STANDARD,Thiruvananthapuram,Kerala,India
CUS003667,PREMIUM,Delhi,Delhi,India
CUS003668,STANDARD,Hyderabad,Telangana,India
CUS003669,PREMIUM,Delhi,Delhi,India
CUS003670,PREMIUM,Hyderabad,Telangana,India
CUS003671,PREMIUM,Visakhapatnam,Andhra Pradesh,India
CUS003672,VIP,Chandigarh,Chandigarh,India
CUS003673,STANDARD,Coimbatore,Tamil Nadu,India
CUS003674,STANDARD,Visakhapatnam,Andhra Pradesh,India
CUS003675,STANDARD,Bhubaneswar,Odisha,India
CUS003676,PREMIUM,Bhopal,Madhya Pradesh,India
CUS003677,STANDARD,Nagpur,Maharashtra,India
CUS003678,STANDARD,Chennai,Tamil Nadu,India
CUS003679,STANDARD,Madurai,Tamil Nadu,India
CUS003680,STANDARD,Hyderabad,Telangana,India
CUS003681,STANDARD,Madurai,Tamil Nadu,India
CUS003682,VIP,Thiruvananthapuram,Kerala,India
CUS003683,PREMIUM,Delhi,Delhi,India
CUS003684,VIP,Pune,Maharashtra,India
CUS003685,VIP,Bhopal,Madhya Pradesh,India
CUS003686,STANDARD,Kolkata,West Bengal,India
CUS003687,PREMIUM,Hyderabad,Telangana,India
CUS003688,VIP,Thiruvananthapuram,Kerala,India
CUS003689,STANDARD,Ahmedabad,Gujarat,India
CUS003690,VIP,Indore,Madhya Pradesh,India
CUS003691,STANDARD,Chennai,Tamil Nadu,India
CUS003692,STANDARD,Mumbai,Maharashtra,India
CUS003693,PREMIUM,Kolkata,West Bengal,India
CUS003694,VIP,Delhi,Delhi,India
CUS003695,PREMIUM,Madurai,Tamil Nadu,India
CUS003696,STANDARD,Kochi,Kerala,India
CUS003697,PREMIUM,Ahmedabad,Gujarat,India
CUS003698,PREMIUM,Chandigarh,Chandigarh,India
CUS003699,PREMIUM,Kochi,Kerala,India
CUS003700,STANDARD,Bhopal,Madhya Pradesh,India
CUS003701,VIP,Chandigarh,Chandigarh,India
CUS003702,STANDARD,Madurai,Tamil Nadu,India
CUS003703,STANDARD,Mysuru,Karnataka,India
CUS003704,PREMIUM,Pune,Maharashtra,India
CUS003705,PREMIUM,Chennai,Tamil Nadu,India
CUS003706,VIP,Indore,Madhya Pradesh,India
CUS003707,STANDARD,Indore,Madhya Pradesh,India
CUS003708,PREMIUM,Kolkata,West Bengal,India
CUS003709,STANDARD,Mysuru,Karnataka,India
CUS003710,PREMIUM,Nagpur,Maharashtra,India
CUS003711,STANDARD,Ahmedabad,Gujarat,India
CUS003712,STANDARD,Kolkata,West Bengal,India
CUS003713,VIP,Bhubaneswar,Odisha,India
CUS003714,STANDARD,Gurugram,Haryana,India
CUS003715,PREMIUM,Mumbai,Maharashtra,India
CUS003716,STANDARD,Surat,Gujarat,India
CUS003717,STANDARD,Lucknow,Uttar Pradesh,India
CUS003718,PREMIUM,Indore,Madhya Pradesh,India
CUS003719,STANDARD,Kolkata,West Bengal,India
CUS003720,STANDARD,Indore,Madhya Pradesh,India
CUS003721,STANDARD,Coimbatore,Tamil Nadu,India
CUS003722,PREMIUM,Kochi,Kerala,India
CUS003723,STANDARD,Coimbatore,Tamil Nadu,India
CUS003724,VIP,Pune,Maharashtra,India
CUS003725,PREMIUM,Nashik,Maharashtra,India
CUS003726,PREMIUM,Mysuru,Karnataka,India
CUS003727,STANDARD,Indore,Madhya Pradesh,India
CUS003728,STANDARD,Visakhapatnam,Andhra Pradesh,India
CUS003729,VIP,Lucknow,Uttar Pradesh,India
CUS003730,PREMIUM,Surat,Gujarat,India
CUS003731,VIP,Bhopal,Madhya Pradesh,India
CUS003732,PREMIUM,Thiruvananthapuram,Kerala,India
CUS003733,STANDARD,Jaipur,Rajasthan,India
CUS003734,STANDARD,Coimbatore,Tamil Nadu,India
CUS003735,VIP,Mysuru,Karnataka,India
CUS003736,VIP,Chandigarh,Chandigarh,India
CUS003737,VIP,Surat,Gujarat,India
CUS003738,VIP,Delhi,Delhi,India
CUS003739,PREMIUM,Madurai,Tamil Nadu,India
CUS003740,STANDARD,Indore,Madhya Pradesh,India
CUS003741,STANDARD,Nashik,Maharashtra,India
CUS003742,PREMIUM,Kolkata,West Bengal,India
CUS003743,STANDARD,Noida,Uttar Pradesh,India
CUS003744,STANDARD,Visakhapatnam,Andhra Pradesh,India
CUS003745,VIP,Delhi,Delhi,India
CUS003746,PREMIUM,Hyderabad,Telangana,India
CUS003747,STANDARD,Nagpur,Maharashtra,India
CUS003748,PREMIUM,Pune,Maharashtra,India
CUS003749,PREMIUM,Delhi,Delhi,India
CUS003750,PREMIUM,Noida,Uttar Pradesh,India
CUS003751,STANDARD,Nagpur,Maharashtra,India
CUS003752,PREMIUM,Thiruvananthapuram,Kerala,India
CUS003753,PREMIUM,Madurai,Tamil Nadu,India
CUS003754,PREMIUM,Ahmedabad,Gujarat,India
CUS003755,PREMIUM,Bhubaneswar,Odisha,India
CUS003756,PREMIUM,Bengaluru,Karnataka,India
CUS003757,VIP,Vijayawada,Andhra Pradesh,India
CUS003758,PREMIUM,Hyderabad,Telangana,India
CUS003759,PREMIUM,Bhopal,Madhya Pradesh,India
CUS003760,PREMIUM,Indore,Madhya Pradesh,India
CUS003761,STANDARD,Gurugram,Haryana,India
CUS003762,STANDARD,Kolkata,West Bengal,India
CUS003763,VIP,Vijayawada,Andhra Pradesh,India
CUS003764,STANDARD,Visakhapatnam,Andhra Pradesh,India
CUS003765,PREMIUM,Bhopal,Madhya Pradesh,India
CUS003766,STANDARD,Kolkata,West Bengal,India
CUS003767,STANDARD,Bhopal,Madhya Pradesh,India
CUS003768,PREMIUM,Visakhapatnam,Andhra Pradesh,India
CUS003769,VIP,Pune,Maharashtra,India
CUS003770,PREMIUM,Gurugram,Haryana,India
CUS003771,STANDARD,Coimbatore,Tamil Nadu,India
CUS003772,PREMIUM,Jaipur,Rajasthan,India
CUS003773,STANDARD,Nashik,Maharashtra,India
CUS003774,PREMIUM,Coimbatore,Tamil Nadu,India
CUS003775,STANDARD,Mysuru,Karnataka,India
CUS003776,STANDARD,Kolkata,West Bengal,India
CUS003777,STANDARD,Nashik,Maharashtra,India
CUS003778,STANDARD,Mysuru,Karnataka,India
CUS003779,STANDARD,Mysuru,Karnataka,India
CUS003780,STANDARD,Vijayawada,Andhra Pradesh,India
CUS003781,STANDARD,Chandigarh,Chandigarh,India
CUS003782,PREMIUM,Delhi,Delhi,India
CUS003783,STANDARD,Hyderabad,Telangana,India
CUS003784,STANDARD,Mysuru,Karnataka,India
CUS003785,STANDARD,Noida,Uttar Pradesh,India
CUS003786,PREMIUM,Indore,Madhya Pradesh,India
CUS003787,STANDARD,Mumbai,Maharashtra,India
CUS003788,STANDARD,Ahmedabad,Gujarat,India
CUS003789,STANDARD,Nagpur,Maharashtra,India
CUS003790,PREMIUM,Hyderabad,Telangana,India
CUS003791,STANDARD,Surat,Gujarat,India
CUS003792,PREMIUM,Surat,Gujarat,India
CUS003793,PREMIUM,Chennai,Tamil Nadu,India
CUS003794,VIP,Vijayawada,Andhra Pradesh,India
CUS003795,STANDARD,Jaipur,Rajasthan,India
CUS003796,STANDARD,Bhubaneswar,Odisha,India
CUS003797,VIP,Kolkata,West Bengal,India
CUS003798,PREMIUM,Visakhapatnam,Andhra Pradesh,India
CUS003799,PREMIUM,Thiruvananthapuram,Kerala,India
CUS003800,VIP,Delhi,Delhi,India
CUS003801,STANDARD,Chennai,Tamil Nadu,India
CUS003802,PREMIUM,Chandigarh,Chandigarh,India
CUS003803,PREMIUM,Thiruvananthapuram,Kerala,India
CUS003804,PREMIUM,Hyderabad,Telangana,India
CUS003805,PREMIUM,Lucknow,Uttar Pradesh,India
CUS003806,PREMIUM,Chennai,Tamil Nadu,India
CUS003807,VIP,Pune,Maharashtra,India
CUS003808,VIP,Visakhapatnam,Andhra Pradesh,India
CUS003809,VIP,Bengaluru,Karnataka,India
CUS003810,STANDARD,Nagpur,Maharashtra,India
CUS003811,STANDARD,Bhopal,Madhya Pradesh,India
CUS003812,VIP,Surat,Gujarat,India
CUS003813,VIP,Chandigarh,Chandigarh,India
CUS003814,PREMIUM,Mysuru,Karnataka,India
CUS003815,STANDARD,Kochi,Kerala,India
CUS003816,PREMIUM,Kochi,Kerala,India
CUS003817,STANDARD,Nagpur,Maharashtra,India
CUS003818,PREMIUM,Jaipur,Rajasthan,India
CUS003819,STANDARD,Surat,Gujarat,India
CUS003820,PREMIUM,Surat,Gujarat,India
CUS003821,PREMIUM,Noida,Uttar Pradesh,India
CUS003822,STANDARD,Kolkata,West Bengal,India
CUS003823,VIP,Nashik,Maharashtra,India
CUS003824,STANDARD,Ahmedabad,Gujarat,India
CUS003825,STANDARD,Mumbai,Maharashtra,India
CUS003826,STANDARD,Chandigarh,Chandigarh,India
CUS003827,VIP,Lucknow,Uttar Pradesh,India
CUS003828,PREMIUM,Surat,Gujarat,India
CUS003829,PREMIUM,Nagpur,Maharashtra,India
CUS003830,STANDARD,Jaipur,Rajasthan,India
CUS003831,PREMIUM,Madurai,Tamil Nadu,India
CUS003832,PREMIUM,Pune,Maharashtra,India
CUS003833,STANDARD,Mumbai,Maharashtra,India
CUS003834,STANDARD,Hyderabad,Telangana,India
CUS003835,STANDARD,Hyderabad,Telangana,India
CUS003836,STANDARD,Kolkata,West Bengal,India
CUS003837,STANDARD,Madurai,Tamil Nadu,India
CUS003838,STANDARD,Nagpur,Maharashtra,India
CUS003839,PREMIUM,Nashik,Maharashtra,India
CUS003840,STANDARD,Gurugram,Haryana,India
CUS003841,STANDARD,Delhi,Delhi,India
CUS003842,STANDARD,Bengaluru,Karnataka,India
CUS003843,STANDARD,Delhi,Delhi,India
CUS003844,VIP,Hyderabad,Telangana,India
CUS003845,STANDARD,Gurugram,Haryana,India
CUS003846,STANDARD,Jaipur,Rajasthan,India
CUS003847,STANDARD,Gurugram,Haryana,India
CUS003848,STANDARD,Bhopal,Madhya Pradesh,India
CUS003849,PREMIUM,Mysuru,Karnataka,India
CUS003850,STANDARD,Nashik,Maharashtra,India
CUS003851,PREMIUM,Delhi,Delhi,India
CUS003852,STANDARD,Chennai,Tamil Nadu,India
CUS003853,STANDARD,Madurai,Tamil Nadu,India
CUS003854,STANDARD,Pune,Maharashtra,India
CUS003855,PREMIUM,Lucknow,Uttar Pradesh,India
CUS003856,STANDARD,Surat,Gujarat,India
CUS003857,PREMIUM,Vijayawada,Andhra Pradesh,India
CUS003858,PREMIUM,Bhubaneswar,Odisha,India
CUS003859,STANDARD,Madurai,Tamil Nadu,India
CUS003860,STANDARD,Bengaluru,Karnataka,India
CUS003861,PREMIUM,Chennai,Tamil Nadu,India
CUS003862,PREMIUM,Ahmedabad,Gujarat,India
CUS003863,PREMIUM,Nagpur,Maharashtra,India
CUS003864,PREMIUM,Mumbai,Maharashtra,India
CUS003865,STANDARD,Kochi,Kerala,India
CUS003866,STANDARD,Mumbai,Maharashtra,India
CUS003867,PREMIUM,Ahmedabad,Gujarat,India
CUS003868,STANDARD,Thiruvananthapuram,Kerala,India
CUS003869,PREMIUM,Lucknow,Uttar Pradesh,India
CUS003870,STANDARD,Kochi,Kerala,India
CUS003871,PREMIUM,Mysuru,Karnataka,India
CUS003872,PREMIUM,Hyderabad,Telangana,India
CUS003873,VIP,Nagpur,Maharashtra,India
CUS003874,STANDARD,Kolkata,West Bengal,India
CUS003875,STANDARD,Chandigarh,Chandigarh,India
CUS003876,PREMIUM,Coimbatore,Tamil Nadu,India
CUS003877,STANDARD,Gurugram,Haryana,India
CUS003878,PREMIUM,Ahmedabad,Gujarat,India
CUS003879,PREMIUM,Ahmedabad,Gujarat,India
CUS003880,STANDARD,Pune,Maharashtra,India
CUS003881,PREMIUM,Visakhapatnam,Andhra Pradesh,India
CUS003882,VIP,Mysuru,Karnataka,India
CUS003883,STANDARD,Gurugram,Haryana,India
CUS003884,PREMIUM,Pune,Maharashtra,India
CUS003885,PREMIUM,Bengaluru,Karnataka,India
CUS003886,VIP,Bengaluru,Karnataka,India
CUS003887,STANDARD,Madurai,Tamil Nadu,India
CUS003888,STANDARD,Kochi,Kerala,India
CUS003889,PREMIUM,Surat,Gujarat,India
CUS003890,STANDARD,Mysuru,Karnataka,India
CUS003891,VIP,Gurugram,Haryana,India
CUS003892,PREMIUM,Ahmedabad,Gujarat,India
CUS003893,STANDARD,Nagpur,Maharashtra,India
CUS003894,PREMIUM,Nagpur,Maharashtra,India
CUS003895,STANDARD,Bhopal,Madhya Pradesh,India
CUS003896,VIP,Delhi,Delhi,India
CUS003897,STANDARD,Ahmedabad,Gujarat,India
CUS003898,STANDARD,Hyderabad,Telangana,India
CUS003899,PREMIUM,Jaipur,Rajasthan,India
CUS003900,STANDARD,Chandigarh,Chandigarh,India
CUS003901,STANDARD,Thiruvananthapuram,Kerala,India
CUS003902,STANDARD,Kochi,Kerala,India
CUS003903,VIP,Bhubaneswar,Odisha,India
CUS003904,STANDARD,Visakhapatnam,Andhra Pradesh,India
CUS003905,VIP,Lucknow,Uttar Pradesh,India
CUS003906,STANDARD,Chennai,Tamil Nadu,India
CUS003907,PREMIUM,Noida,Uttar Pradesh,India
CUS003908,STANDARD,Jaipur,Rajasthan,India
CUS003909,VIP,Mumbai,Maharashtra,India
CUS003910,VIP,Delhi,Delhi,India
CUS003911,PREMIUM,Mumbai,Maharashtra,India
CUS003912,STANDARD,Vijayawada,Andhra Pradesh,India
CUS003913,VIP,Mumbai,Maharashtra,India
CUS003914,PREMIUM,Gurugram,Haryana,India
CUS003915,VIP,Ahmedabad,Gujarat,India
CUS003916,PREMIUM,Bhopal,Madhya Pradesh,India
CUS003917,PREMIUM,Bhubaneswar,Odisha,India
CUS003918,STANDARD,Ahmedabad,Gujarat,India
CUS003919,VIP,Chandigarh,Chandigarh,India
CUS003920,STANDARD,Kochi,Kerala,India
CUS003921,STANDARD,Ahmedabad,Gujarat,India
CUS003922,PREMIUM,Thiruvananthapuram,Kerala,India
CUS003923,STANDARD,Thiruvananthapuram,Kerala,India
CUS003924,PREMIUM,Coimbatore,Tamil Nadu,India
CUS003925,STANDARD,Jaipur,Rajasthan,India
CUS003926,STANDARD,Madurai,Tamil Nadu,India
CUS003927,VIP,Bhubaneswar,Odisha,India
CUS003928,STANDARD,Mumbai,Maharashtra,India
CUS003929,STANDARD,Visakhapatnam,Andhra Pradesh,India
CUS003930,PREMIUM,Noida,Uttar Pradesh,India
CUS003931,STANDARD,Mumbai,Maharashtra,India
CUS003932,STANDARD,Indore,Madhya Pradesh,India
CUS003933,STANDARD,Bhubaneswar,Odisha,India
CUS003934,VIP,Thiruvananthapuram,Kerala,India
CUS003935,STANDARD,Coimbatore,Tamil Nadu,India
CUS003936,PREMIUM,Nagpur,Maharashtra,India
CUS003937,STANDARD,Kochi,Kerala,India
CUS003938,VIP,Chandigarh,Chandigarh,India
CUS003939,STANDARD,Lucknow,Uttar Pradesh,India
CUS003940,STANDARD,Vijayawada,Andhra Pradesh,India
CUS003941,STANDARD,Pune,Maharashtra,India
CUS003942,VIP,Vijayawada,Andhra Pradesh,India
CUS003943,PREMIUM,Bhopal,Madhya Pradesh,India
CUS003944,STANDARD,Noida,Uttar Pradesh,India
CUS003945,VIP,Noida,Uttar Pradesh,India
CUS003946,STANDARD,Madurai,Tamil Nadu,India
CUS003947,PREMIUM,Bengaluru,Karnataka,India
CUS003948,PREMIUM,Kolkata,West Bengal,India
CUS003949,PREMIUM,Gurugram,Haryana,India
CUS003950,VIP,Noida,Uttar Pradesh,India
CUS003951,PREMIUM,Indore,Madhya Pradesh,India
CUS003952,VIP,Thiruvananthapuram,Kerala,India
CUS003953,PREMIUM,Jaipur,Rajasthan,India
CUS003954,STANDARD,Gurugram,Haryana,India
CUS003955,STANDARD,Surat,Gujarat,India
CUS003956,STANDARD,Indore,Madhya Pradesh,India
CUS003957,STANDARD,Delhi,Delhi,India
CUS003958,STANDARD,Surat,Gujarat,India
CUS003959,VIP,Kolkata,West Bengal,India
CUS003960,STANDARD,Chandigarh,Chandigarh,India
CUS003961,VIP,Noida,Uttar Pradesh,India
CUS003962,VIP,Mumbai,Maharashtra,India
CUS003963,PREMIUM,Thiruvananthapuram,Kerala,India
CUS003964,STANDARD,Jaipur,Rajasthan,India
CUS003965,PREMIUM,Thiruvananthapuram,Kerala,India
CUS003966,STANDARD,Visakhapatnam,Andhra Pradesh,India
CUS003967,VIP,Hyderabad,Telangana,India
CUS003968,VIP,Thiruvananthapuram,Kerala,India
CUS003969,STANDARD,Pune,Maharashtra,India
CUS003970,PREMIUM,Hyderabad,Telangana,India
CUS003971,STANDARD,Bengaluru,Karnataka,India
CUS003972,PREMIUM,Thiruvananthapuram,Kerala,India
CUS003973,PREMIUM,Visakhapatnam,Andhra Pradesh,India
CUS003974,PREMIUM,Coimbatore,Tamil Nadu,India
CUS003975,STANDARD,Bhubaneswar,Odisha,India
CUS003976,STANDARD,Indore,Madhya Pradesh,India
CUS003977,STANDARD,Pune,Maharashtra,India
CUS003978,PREMIUM,Hyderabad,Telangana,India
CUS003979,STANDARD,Visakhapatnam,Andhra Pradesh,India
CUS003980,PREMIUM,Mumbai,Maharashtra,India
CUS003981,STANDARD,Noida,Uttar Pradesh,India
CUS003982,PREMIUM,Nagpur,Maharashtra,India
CUS003983,STANDARD,Chandigarh,Chandigarh,India
CUS003984,STANDARD,Indore,Madhya Pradesh,India
CUS003985,PREMIUM,Bhopal,Madhya Pradesh,India
CUS003986,STANDARD,Nagpur,Maharashtra,India
CUS003987,STANDARD,Noida,Uttar Pradesh,India
CUS003988,STANDARD,Chennai,Tamil Nadu,India
CUS003989,VIP,Nagpur,Maharashtra,India
CUS003990,STANDARD,Kochi,Kerala,India
CUS003991,PREMIUM,Mumbai,Maharashtra,India
CUS003992,STANDARD,Hyderabad,Telangana,India
CUS003993,VIP,Surat,Gujarat,India
CUS003994,STANDARD,Chennai,Tamil Nadu,India
CUS003995,STANDARD,Lucknow,Uttar Pradesh,India
CUS003996,STANDARD,Vijayawada,Andhra Pradesh,India
CUS003997,STANDARD,Chennai,Tamil Nadu,India
CUS003998,PREMIUM,Chennai,Tamil Nadu,India
CUS003999,STANDARD,Chandigarh,Chandigarh,India
CUS004000,PREMIUM,Nagpur,Maharashtra,India
CUS004001,PREMIUM,Jaipur,Rajasthan,India
CUS004002,STANDARD,Bhubaneswar,Odisha,India
CUS004003,PREMIUM,Kochi,Kerala,India
CUS004004,STANDARD,Surat,Gujarat,India
CUS004005,STANDARD,Nagpur,Maharashtra,India
CUS004006,PREMIUM,Pune,Maharashtra,India
CUS004007,VIP,Chennai,Tamil Nadu,India
CUS004008,STANDARD,Nagpur,Maharashtra,India
CUS004009,PREMIUM,Pune,Maharashtra,India
CUS004010,STANDARD,Pune,Maharashtra,India
CUS004011,VIP,Jaipur,Rajasthan,India
CUS004012,STANDARD,Hyderabad,Telangana,India
CUS004013,VIP,Nashik,Maharashtra,India
CUS004014,PREMIUM,Pune,Maharashtra,India
CUS004015,STANDARD,Pune,Maharashtra,India
CUS004016,PREMIUM,Madurai,Tamil Nadu,India
CUS004017,PREMIUM,Nashik,Maharashtra,India
CUS004018,PREMIUM,Bhubaneswar,Odisha,India
CUS004019,PREMIUM,Lucknow,Uttar Pradesh,India
CUS004020,VIP,Chandigarh,Chandigarh,India
CUS004021,STANDARD,Jaipur,Rajasthan,India
CUS004022,PREMIUM,Visakhapatnam,Andhra Pradesh,India
CUS004023,PREMIUM,Visakhapatnam,Andhra Pradesh,India
CUS004024,PREMIUM,Jaipur,Rajasthan,India
CUS004025,STANDARD,Nashik,Maharashtra,India
CUS004026,VIP,Kochi,Kerala,India
CUS004027,STANDARD,Chandigarh,Chandigarh,India
CUS004028,PREMIUM,Visakhapatnam,Andhra Pradesh,India
CUS004029,PREMIUM,Chennai,Tamil Nadu,India
CUS004030,STANDARD,Noida,Uttar Pradesh,India
CUS004031,STANDARD,Nashik,Maharashtra,India
CUS004032,VIP,Jaipur,Rajasthan,India
CUS004033,PREMIUM,Nagpur,Maharashtra,India
CUS004034,STANDARD,Chandigarh,Chandigarh,India
CUS004035,STANDARD,Surat,Gujarat,India
CUS004036,PREMIUM,Kochi,Kerala,India
CUS004037,STANDARD,Bengaluru,Karnataka,India
CUS004038,PREMIUM,Hyderabad,Telangana,India
CUS004039,PREMIUM,Indore,Madhya Pradesh,India
CUS004040,STANDARD,Visakhapatnam,Andhra Pradesh,India
CUS004041,STANDARD,Lucknow,Uttar Pradesh,India
CUS004042,STANDARD,Chandigarh,Chandigarh,India
CUS004043,STANDARD,Pune,Maharashtra,India
CUS004044,PREMIUM,Mysuru,Karnataka,India
CUS004045,PREMIUM,Hyderabad,Telangana,India
CUS004046,STANDARD,Kochi,Kerala,India
CUS004047,PREMIUM,Mysuru,Karnataka,India
CUS004048,STANDARD,Ahmedabad,Gujarat,India
CUS004049,PREMIUM,Delhi,Delhi,India
CUS004050,PREMIUM,Mysuru,Karnataka,India
CUS004051,STANDARD,Chennai,Tamil Nadu,India
CUS004052,STANDARD,Coimbatore,Tamil Nadu,India
CUS004053,PREMIUM,Kolkata,West Bengal,India
CUS004054,VIP,Thiruvananthapuram,Kerala,India
CUS004055,STANDARD,Delhi,Delhi,India
CUS004056,PREMIUM,Lucknow,Uttar Pradesh,India
CUS004057,STANDARD,Ahmedabad,Gujarat,India
CUS004058,STANDARD,Hyderabad,Telangana,India
CUS004059,STANDARD,Noida,Uttar Pradesh,India
CUS004060,STANDARD,Kochi,Kerala,India
CUS004061,STANDARD,Chandigarh,Chandigarh,India
CUS004062,STANDARD,Chennai,Tamil Nadu,India
CUS004063,PREMIUM,Thiruvananthapuram,Kerala,India
CUS004064,VIP,Bhopal,Madhya Pradesh,India
CUS004065,PREMIUM,Visakhapatnam,Andhra Pradesh,India
CUS004066,STANDARD,Bhopal,Madhya Pradesh,India
CUS004067,PREMIUM,Surat,Gujarat,India
CUS004068,PREMIUM,Chennai,Tamil Nadu,India
CUS004069,PREMIUM,Mysuru,Karnataka,India
CUS004070,STANDARD,Chennai,Tamil Nadu,India
CUS004071,PREMIUM,Nashik,Maharashtra,India
CUS004072,STANDARD,Chandigarh,Chandigarh,India
CUS004073,STANDARD,Vijayawada,Andhra Pradesh,India
CUS004074,VIP,Mumbai,Maharashtra,India
CUS004075,VIP,Lucknow,Uttar Pradesh,India
CUS004076,PREMIUM,Lucknow,Uttar Pradesh,India
CUS004077,STANDARD,Jaipur,Rajasthan,India
CUS004078,PREMIUM,Lucknow,Uttar Pradesh,India
CUS004079,STANDARD,Indore,Madhya Pradesh,India
CUS004080,VIP,Chandigarh,Chandigarh,India
CUS004081,STANDARD,Madurai,Tamil Nadu,India
CUS004082,STANDARD,Madurai,Tamil Nadu,India
CUS004083,STANDARD,Mumbai,Maharashtra,India
CUS004084,STANDARD,Mumbai,Maharashtra,India
CUS004085,STANDARD,Coimbatore,Tamil Nadu,India
CUS004086,STANDARD,Ahmedabad,Gujarat,India
CUS004087,STANDARD,Delhi,Delhi,India
CUS004088,STANDARD,Visakhapatnam,Andhra Pradesh,India
CUS004089,PREMIUM,Kochi,Kerala,India
CUS004090,STANDARD,Bhubaneswar,Odisha,India
CUS004091,STANDARD,Pune,Maharashtra,India
CUS004092,STANDARD,Noida,Uttar Pradesh,India
CUS004093,STANDARD,Mysuru,Karnataka,India
CUS004094,STANDARD,Lucknow,Uttar Pradesh,India
CUS004095,STANDARD,Indore,Madhya Pradesh,India
CUS004096,PREMIUM,Chennai,Tamil Nadu,India
CUS004097,STANDARD,Lucknow,Uttar Pradesh,India
CUS004098,STANDARD,Noida,Uttar Pradesh,India
CUS004099,STANDARD,Gurugram,Haryana,India
CUS004100,STANDARD,Nashik,Maharashtra,India
CUS004101,STANDARD,Thiruvananthapuram,Kerala,India
CUS004102,VIP,Madurai,Tamil Nadu,India
CUS004103,STANDARD,Chandigarh,Chandigarh,India
CUS004104,STANDARD,Chennai,Tamil Nadu,India
CUS004105,PREMIUM,Mysuru,Karnataka,India
CUS004106,STANDARD,Lucknow,Uttar Pradesh,India
CUS004107,STANDARD,Chandigarh,Chandigarh,India
CUS004108,STANDARD,Thiruvananthapuram,Kerala,India
CUS004109,PREMIUM,Kolkata,West Bengal,India
CUS004110,VIP,Hyderabad,Telangana,India
CUS004111,STANDARD,Nagpur,Maharashtra,India
CUS004112,STANDARD,Delhi,Delhi,India
CUS004113,STANDARD,Chandigarh,Chandigarh,India
CUS004114,PREMIUM,Noida,Uttar Pradesh,India
CUS004115,VIP,Madurai,Tamil Nadu,India
CUS004116,STANDARD,Coimbatore,Tamil Nadu,India
CUS004117,PREMIUM,Jaipur,Rajasthan,India
CUS004118,STANDARD,Kochi,Kerala,India
CUS004119,PREMIUM,Pune,Maharashtra,India
CUS004120,STANDARD,Surat,Gujarat,India
CUS004121,STANDARD,Ahmedabad,Gujarat,India
CUS004122,STANDARD,Chandigarh,Chandigarh,India
CUS004123,STANDARD,Chennai,Tamil Nadu,India
CUS004124,VIP,Pune,Maharashtra,India
CUS004125,STANDARD,Chandigarh,Chandigarh,India
CUS004126,PREMIUM,Delhi,Delhi,India
CUS004127,PREMIUM,Surat,Gujarat,India
CUS004128,VIP,Noida,Uttar Pradesh,India
CUS004129,PREMIUM,Nagpur,Maharashtra,India
CUS004130,VIP,Chandigarh,Chandigarh,India
CUS004131,STANDARD,Jaipur,Rajasthan,India
CUS004132,PREMIUM,Gurugram,Haryana,India
CUS004133,VIP,Madurai,Tamil Nadu,India
CUS004134,PREMIUM,Bhubaneswar,Odisha,India
CUS004135,PREMIUM,Coimbatore,Tamil Nadu,India
CUS004136,PREMIUM,Kolkata,West Bengal,India
CUS004137,STANDARD,Gurugram,Haryana,India
CUS004138,STANDARD,Bhopal,Madhya Pradesh,India
CUS004139,VIP,Kolkata,West Bengal,India
CUS004140,VIP,Vijayawada,Andhra Pradesh,India
CUS004141,PREMIUM,Vijayawada,Andhra Pradesh,India
CUS004142,PREMIUM,Bengaluru,Karnataka,India
CUS004143,VIP,Madurai,Tamil Nadu,India
CUS004144,PREMIUM,Chandigarh,Chandigarh,India
CUS004145,STANDARD,Kochi,Kerala,India
CUS004146,STANDARD,Noida,Uttar Pradesh,India
CUS004147,PREMIUM,Noida,Uttar Pradesh,India
CUS004148,PREMIUM,Lucknow,Uttar Pradesh,India
CUS004149,STANDARD,Noida,Uttar Pradesh,India
CUS004150,PREMIUM,Hyderabad,Telangana,India
CUS004151,STANDARD,Surat,Gujarat,India
CUS004152,STANDARD,Coimbatore,Tamil Nadu,India
CUS004153,STANDARD,Ahmedabad,Gujarat,India
CUS004154,STANDARD,Delhi,Delhi,India
CUS004155,PREMIUM,Mysuru,Karnataka,India
CUS004156,STANDARD,Kolkata,West Bengal,India
CUS004157,PREMIUM,Lucknow,Uttar Pradesh,India
CUS004158,PREMIUM,Pune,Maharashtra,India
CUS004159,PREMIUM,Kolkata,West Bengal,India
CUS004160,PREMIUM,Chennai,Tamil Nadu,India
CUS004161,PREMIUM,Visakhapatnam,Andhra Pradesh,India
CUS004162,PREMIUM,Hyderabad,Telangana,India
CUS004163,PREMIUM,Coimbatore,Tamil Nadu,India
CUS004164,STANDARD,Chennai,Tamil Nadu,India
CUS004165,STANDARD,Madurai,Tamil Nadu,India
CUS004166,PREMIUM,Gurugram,Haryana,India
CUS004167,STANDARD,Lucknow,Uttar Pradesh,India
CUS004168,STANDARD,Kochi,Kerala,India
CUS004169,STANDARD,Coimbatore,Tamil Nadu,India
CUS004170,PREMIUM,Mysuru,Karnataka,India
CUS004171,PREMIUM,Kolkata,West Bengal,India
CUS004172,STANDARD,Kochi,Kerala,India
CUS004173,STANDARD,Chandigarh,Chandigarh,India
CUS004174,STANDARD,Lucknow,Uttar Pradesh,India
CUS004175,STANDARD,Nashik,Maharashtra,India
CUS004176,STANDARD,Coimbatore,Tamil Nadu,India
CUS004177,STANDARD,Ahmedabad,Gujarat,India
CUS004178,STANDARD,Chennai,Tamil Nadu,India
CUS004179,STANDARD,Thiruvananthapuram,Kerala,India
CUS004180,STANDARD,Bengaluru,Karnataka,India
CUS004181,VIP,Indore,Madhya Pradesh,India
CUS004182,STANDARD,Bengaluru,Karnataka,India
CUS004183,PREMIUM,Bhopal,Madhya Pradesh,India
CUS004184,VIP,Delhi,Delhi,India
CUS004185,PREMIUM,Indore,Madhya Pradesh,India
CUS004186,STANDARD,Bengaluru,Karnataka,India
CUS004187,STANDARD,Bhubaneswar,Odisha,India
CUS004188,STANDARD,Mysuru,Karnataka,India
CUS004189,PREMIUM,Chandigarh,Chandigarh,India
CUS004190,PREMIUM,Madurai,Tamil Nadu,India
CUS004191,VIP,Bhubaneswar,Odisha,India
CUS004192,PREMIUM,Mumbai,Maharashtra,India
CUS004193,PREMIUM,Kochi,Kerala,India
CUS004194,STANDARD,Bhubaneswar,Odisha,India
CUS004195,STANDARD,Madurai,Tamil Nadu,India
CUS004196,VIP,Lucknow,Uttar Pradesh,India
CUS004197,STANDARD,Indore,Madhya Pradesh,India
CUS004198,STANDARD,Vijayawada,Andhra Pradesh,India
CUS004199,PREMIUM,Kolkata,West Bengal,India
CUS004200,PREMIUM,Chandigarh,Chandigarh,India
CUS004201,PREMIUM,Bhubaneswar,Odisha,India
CUS004202,PREMIUM,Indore,Madhya Pradesh,India
CUS004203,STANDARD,Chennai,Tamil Nadu,India
CUS004204,STANDARD,Chennai,Tamil Nadu,India
CUS004205,VIP,Hyderabad,Telangana,India
CUS004206,STANDARD,Hyderabad,Telangana,India
CUS004207,PREMIUM,Visakhapatnam,Andhra Pradesh,India
CUS004208,STANDARD,Ahmedabad,Gujarat,India
CUS004209,STANDARD,Coimbatore,Tamil Nadu,India
CUS004210,STANDARD,Surat,Gujarat,India
CUS004211,VIP,Mysuru,Karnataka,India
CUS004212,PREMIUM,Mumbai,Maharashtra,India
CUS004213,VIP,Chandigarh,Chandigarh,India
CUS004214,STANDARD,Coimbatore,Tamil Nadu,India
CUS004215,PREMIUM,Lucknow,Uttar Pradesh,India
CUS004216,VIP,Hyderabad,Telangana,India
CUS004217,PREMIUM,Bhubaneswar,Odisha,India
CUS004218,VIP,Bhubaneswar,Odisha,India
CUS004219,STANDARD,Ahmedabad,Gujarat,India
CUS004220,PREMIUM,Chennai,Tamil Nadu,India
CUS004221,PREMIUM,Mumbai,Maharashtra,India
CUS004222,STANDARD,Chandigarh,Chandigarh,India
CUS004223,STANDARD,Delhi,Delhi,India
CUS004224,PREMIUM,Chennai,Tamil Nadu,India
CUS004225,PREMIUM,Kochi,Kerala,India
CUS004226,PREMIUM,Jaipur,Rajasthan,India
CUS004227,PREMIUM,Madurai,Tamil Nadu,India
CUS004228,PREMIUM,Noida,Uttar Pradesh,India
CUS004229,PREMIUM,Nagpur,Maharashtra,India
CUS004230,STANDARD,Madurai,Tamil Nadu,India
CUS004231,STANDARD,Vijayawada,Andhra Pradesh,India
CUS004232,PREMIUM,Chennai,Tamil Nadu,India
CUS004233,VIP,Visakhapatnam,Andhra Pradesh,India
CUS004234,STANDARD,Mysuru,Karnataka,India
CUS004235,STANDARD,Gurugram,Haryana,India
CUS004236,PREMIUM,Thiruvananthapuram,Kerala,India
CUS004237,STANDARD,Gurugram,Haryana,India
CUS004238,PREMIUM,Bhopal,Madhya Pradesh,India
CUS004239,STANDARD,Vijayawada,Andhra Pradesh,India
CUS004240,STANDARD,Gurugram,Haryana,India
CUS004241,PREMIUM,Nagpur,Maharashtra,India
CUS004242,STANDARD,Mysuru,Karnataka,India
CUS004243,STANDARD,Lucknow,Uttar Pradesh,India
CUS004244,PREMIUM,Thiruvananthapuram,Kerala,India
CUS004245,PREMIUM,Nagpur,Maharashtra,India
CUS004246,STANDARD,Pune,Maharashtra,India
CUS004247,STANDARD,Kolkata,West Bengal,India
CUS004248,STANDARD,Gurugram,Haryana,India
CUS004249,PREMIUM,Hyderabad,Telangana,India
CUS004250,STANDARD,Gurugram,Haryana,India
CUS004251,PREMIUM,Delhi,Delhi,India
CUS004252,PREMIUM,Hyderabad,Telangana,India
CUS004253,STANDARD,Indore,Madhya Pradesh,India
CUS004254,STANDARD,Madurai,Tamil Nadu,India
CUS004255,STANDARD,Delhi,Delhi,India
CUS004256,PREMIUM,Mysuru,Karnataka,India
CUS004257,VIP,Bhopal,Madhya Pradesh,India
CUS004258,STANDARD,Vijayawada,Andhra Pradesh,India
CUS004259,PREMIUM,Jaipur,Rajasthan,India
CUS004260,PREMIUM,Mysuru,Karnataka,India
CUS004261,PREMIUM,Noida,Uttar Pradesh,India
CUS004262,VIP,Bhopal,Madhya Pradesh,India
CUS004263,STANDARD,Visakhapatnam,Andhra Pradesh,India
CUS004264,STANDARD,Noida,Uttar Pradesh,India
CUS004265,PREMIUM,Delhi,Delhi,India
CUS004266,PREMIUM,Nagpur,Maharashtra,India
CUS004267,STANDARD,Jaipur,Rajasthan,India
CUS004268,STANDARD,Kolkata,West Bengal,India
CUS004269,PREMIUM,Surat,Gujarat,India
CUS004270,PREMIUM,Visakhapatnam,Andhra Pradesh,India
CUS004271,STANDARD,Surat,Gujarat,India
CUS004272,STANDARD,Indore,Madhya Pradesh,India
CUS004273,VIP,Mysuru,Karnataka,India
CUS004274,STANDARD,Visakhapatnam,Andhra Pradesh,India
CUS004275,VIP,Bhopal,Madhya Pradesh,India
CUS004276,STANDARD,Chandigarh,Chandigarh,India
CUS004277,PREMIUM,Madurai,Tamil Nadu,India
CUS004278,STANDARD,Chandigarh,Chandigarh,India
CUS004279,STANDARD,Hyderabad,Telangana,India
CUS004280,PREMIUM,Gurugram,Haryana,India
CUS004281,PREMIUM,Indore,Madhya Pradesh,India
CUS004282,PREMIUM,Visakhapatnam,Andhra Pradesh,India
CUS004283,STANDARD,Thiruvananthapuram,Kerala,India
CUS004284,PREMIUM,Bhopal,Madhya Pradesh,India
CUS004285,PREMIUM,Nashik,Maharashtra,India
CUS004286,STANDARD,Bhopal,Madhya Pradesh,India
CUS004287,STANDARD,Lucknow,Uttar Pradesh,India
CUS004288,VIP,Bengaluru,Karnataka,India
CUS004289,STANDARD,Ahmedabad,Gujarat,India
CUS004290,STANDARD,Thiruvananthapuram,Kerala,India
CUS004291,VIP,Bhopal,Madhya Pradesh,India
CUS004292,STANDARD,Indore,Madhya Pradesh,India
CUS004293,PREMIUM,Vijayawada,Andhra Pradesh,India
CUS004294,PREMIUM,Bhubaneswar,Odisha,India
CUS004295,STANDARD,Nashik,Maharashtra,India
CUS004296,STANDARD,Nagpur,Maharashtra,India
CUS004297,STANDARD,Kolkata,West Bengal,India
CUS004298,PREMIUM,Hyderabad,Telangana,India
CUS004299,STANDARD,Gurugram,Haryana,India
CUS004300,PREMIUM,Noida,Uttar Pradesh,India
CUS004301,PREMIUM,Pune,Maharashtra,India
CUS004302,STANDARD,Mumbai,Maharashtra,India
CUS004303,VIP,Kochi,Kerala,India
CUS004304,VIP,Thiruvananthapuram,Kerala,India
CUS004305,PREMIUM,Visakhapatnam,Andhra Pradesh,India
CUS004306,VIP,Chennai,Tamil Nadu,India
CUS004307,STANDARD,Madurai,Tamil Nadu,India
CUS004308,STANDARD,Madurai,Tamil Nadu,India
CUS004309,STANDARD,Mumbai,Maharashtra,India
CUS004310,VIP,Nashik,Maharashtra,India
CUS004311,STANDARD,Delhi,Delhi,India
CUS004312,VIP,Thiruvananthapuram,Kerala,India
CUS004313,PREMIUM,Visakhapatnam,Andhra Pradesh,India
CUS004314,STANDARD,Visakhapatnam,Andhra Pradesh,India
CUS004315,PREMIUM,Nagpur,Maharashtra,India
CUS004316,STANDARD,Thiruvananthapuram,Kerala,India
CUS004317,PREMIUM,Bhopal,Madhya Pradesh,India
CUS004318,PREMIUM,Delhi,Delhi,India
CUS004319,STANDARD,Bengaluru,Karnataka,India
CUS004320,STANDARD,Gurugram,Haryana,India
CUS004321,STANDARD,Jaipur,Rajasthan,India
CUS004322,STANDARD,Gurugram,Haryana,India
CUS004323,PREMIUM,Nashik,Maharashtra,India
CUS004324,PREMIUM,Indore,Madhya Pradesh,India
CUS004325,STANDARD,Gurugram,Haryana,India
CUS004326,STANDARD,Thiruvananthapuram,Kerala,India
CUS004327,STANDARD,Thiruvananthapuram,Kerala,India
CUS004328,PREMIUM,Delhi,Delhi,India
CUS004329,STANDARD,Coimbatore,Tamil Nadu,India
CUS004330,VIP,Noida,Uttar Pradesh,India
CUS004331,VIP,Pune,Maharashtra,India
CUS004332,STANDARD,Ahmedabad,Gujarat,India
CUS004333,VIP,Visakhapatnam,Andhra Pradesh,India
CUS004334,VIP,Pune,Maharashtra,India
CUS004335,PREMIUM,Chandigarh,Chandigarh,India
CUS004336,VIP,Kochi,Kerala,India
CUS004337,VIP,Bhopal,Madhya Pradesh,India
CUS004338,PREMIUM,Nashik,Maharashtra,India
CUS004339,STANDARD,Bhopal,Madhya Pradesh,India
CUS004340,STANDARD,Visakhapatnam,Andhra Pradesh,India
CUS004341,STANDARD,Jaipur,Rajasthan,India
CUS004342,PREMIUM,Pune,Maharashtra,India
CUS004343,STANDARD,Bhubaneswar,Odisha,India
CUS004344,STANDARD,Lucknow,Uttar Pradesh,India
CUS004345,STANDARD,Lucknow,Uttar Pradesh,India
CUS004346,STANDARD,Nagpur,Maharashtra,India
CUS004347,STANDARD,Hyderabad,Telangana,India
CUS004348,STANDARD,Mumbai,Maharashtra,India
CUS004349,VIP,Noida,Uttar Pradesh,India
CUS004350,STANDARD,Thiruvananthapuram,Kerala,India
CUS004351,STANDARD,Lucknow,Uttar Pradesh,India
CUS004352,VIP,Chandigarh,Chandigarh,India
CUS004353,VIP,Gurugram,Haryana,India
CUS004354,STANDARD,Gurugram,Haryana,India
CUS004355,PREMIUM,Hyderabad,Telangana,India
CUS004356,STANDARD,Nashik,Maharashtra,India
CUS004357,PREMIUM,Chennai,Tamil Nadu,India
CUS004358,STANDARD,Kochi,Kerala,India
CUS004359,STANDARD,Jaipur,Rajasthan,India
CUS004360,PREMIUM,Ahmedabad,Gujarat,India
CUS004361,STANDARD,Hyderabad,Telangana,India
CUS004362,STANDARD,Lucknow,Uttar Pradesh,India
CUS004363,STANDARD,Nashik,Maharashtra,India
CUS004364,STANDARD,Chennai,Tamil Nadu,India
CUS004365,PREMIUM,Mumbai,Maharashtra,India
CUS004366,STANDARD,Kochi,Kerala,India
CUS004367,PREMIUM,Mumbai,Maharashtra,India
CUS004368,PREMIUM,Noida,Uttar Pradesh,India
CUS004369,STANDARD,Lucknow,Uttar Pradesh,India
CUS004370,STANDARD,Thiruvananthapuram,Kerala,India
CUS004371,PREMIUM,Kochi,Kerala,India
CUS004372,STANDARD,Coimbatore,Tamil Nadu,India
CUS004373,STANDARD,Nagpur,Maharashtra,India
CUS004374,STANDARD,Hyderabad,Telangana,India
CUS004375,PREMIUM,Bhubaneswar,Odisha,India
CUS004376,STANDARD,Vijayawada,Andhra Pradesh,India
CUS004377,PREMIUM,Bhopal,Madhya Pradesh,India
CUS004378,PREMIUM,Chandigarh,Chandigarh,India
CUS004379,STANDARD,Gurugram,Haryana,India
CUS004380,PREMIUM,Nashik,Maharashtra,India
CUS004381,VIP,Chennai,Tamil Nadu,India
CUS004382,PREMIUM,Bhopal,Madhya Pradesh,India
CUS004383,VIP,Thiruvananthapuram,Kerala,India
CUS004384,STANDARD,Delhi,Delhi,India
CUS004385,VIP,Gurugram,Haryana,India
CUS004386,VIP,Bhubaneswar,Odisha,India
CUS004387,VIP,Chennai,Tamil Nadu,India
CUS004388,STANDARD,Vijayawada,Andhra Pradesh,India
CUS004389,STANDARD,Chennai,Tamil Nadu,India
CUS004390,PREMIUM,Jaipur,Rajasthan,India
CUS004391,PREMIUM,Visakhapatnam,Andhra Pradesh,India
CUS004392,VIP,Kolkata,West Bengal,India
CUS004393,STANDARD,Indore,Madhya Pradesh,India
CUS004394,PREMIUM,Kolkata,West Bengal,India
CUS004395,STANDARD,Bhopal,Madhya Pradesh,India
CUS004396,STANDARD,Lucknow,Uttar Pradesh,India
CUS004397,STANDARD,Jaipur,Rajasthan,India
CUS004398,STANDARD,Mysuru,Karnataka,India
CUS004399,PREMIUM,Indore,Madhya Pradesh,India
CUS004400,STANDARD,Bhubaneswar,Odisha,India
CUS004401,STANDARD,Jaipur,Rajasthan,India
CUS004402,STANDARD,Pune,Maharashtra,India
CUS004403,PREMIUM,Coimbatore,Tamil Nadu,India
CUS004404,STANDARD,Mysuru,Karnataka,India
CUS004405,PREMIUM,Delhi,Delhi,India
CUS004406,VIP,Noida,Uttar Pradesh,India
CUS004407,STANDARD,Pune,Maharashtra,India
CUS004408,PREMIUM,Indore,Madhya Pradesh,India
CUS004409,VIP,Visakhapatnam,Andhra Pradesh,India
CUS004410,STANDARD,Chennai,Tamil Nadu,India
CUS004411,STANDARD,Bengaluru,Karnataka,India
CUS004412,STANDARD,Kochi,Kerala,India
CUS004413,PREMIUM,Kolkata,West Bengal,India
CUS004414,STANDARD,Kochi,Kerala,India
CUS004415,STANDARD,Bhubaneswar,Odisha,India
CUS004416,VIP,Lucknow,Uttar Pradesh,India
CUS004417,STANDARD,Chennai,Tamil Nadu,India
CUS004418,STANDARD,Lucknow,Uttar Pradesh,India
CUS004419,STANDARD,Ahmedabad,Gujarat,India
CUS004420,STANDARD,Thiruvananthapuram,Kerala,India
CUS004421,VIP,Chandigarh,Chandigarh,India
CUS004422,VIP,Bhopal,Madhya Pradesh,India
CUS004423,PREMIUM,Lucknow,Uttar Pradesh,India
CUS004424,PREMIUM,Madurai,Tamil Nadu,India
CUS004425,STANDARD,Chennai,Tamil Nadu,India
CUS004426,VIP,Visakhapatnam,Andhra Pradesh,India
CUS004427,STANDARD,Mumbai,Maharashtra,India
CUS004428,STANDARD,Vijayawada,Andhra Pradesh,India
CUS004429,STANDARD,Noida,Uttar Pradesh,India
CUS004430,STANDARD,Kochi,Kerala,India
CUS004431,STANDARD,Noida,Uttar Pradesh,India
CUS004432,STANDARD,Nagpur,Maharashtra,India
CUS004433,PREMIUM,Surat,Gujarat,India
CUS004434,STANDARD,Chandigarh,Chandigarh,India
CUS004435,PREMIUM,Lucknow,Uttar Pradesh,India
CUS004436,PREMIUM,Nagpur,Maharashtra,India
CUS004437,PREMIUM,Indore,Madhya Pradesh,India
CUS004438,STANDARD,Mysuru,Karnataka,India
CUS004439,STANDARD,Indore,Madhya Pradesh,India
CUS004440,PREMIUM,Lucknow,Uttar Pradesh,India
CUS004441,PREMIUM,Gurugram,Haryana,India
CUS004442,STANDARD,Lucknow,Uttar Pradesh,India
CUS004443,PREMIUM,Mysuru,Karnataka,India
CUS004444,VIP,Visakhapatnam,Andhra Pradesh,India
CUS004445,STANDARD,Noida,Uttar Pradesh,India
CUS004446,PREMIUM,Chandigarh,Chandigarh,India
CUS004447,STANDARD,Nagpur,Maharashtra,India
CUS004448,PREMIUM,Madurai,Tamil Nadu,India
CUS004449,PREMIUM,Gurugram,Haryana,India
CUS004450,PREMIUM,Visakhapatnam,Andhra Pradesh,India
CUS004451,PREMIUM,Kolkata,West Bengal,India
CUS004452,PREMIUM,Indore,Madhya Pradesh,India
CUS004453,STANDARD,Bhubaneswar,Odisha,India
CUS004454,PREMIUM,Chandigarh,Chandigarh,India
CUS004455,PREMIUM,Mumbai,Maharashtra,India
CUS004456,STANDARD,Hyderabad,Telangana,India
CUS004457,STANDARD,Bhubaneswar,Odisha,India
CUS004458,PREMIUM,Jaipur,Rajasthan,India
CUS004459,PREMIUM,Delhi,Delhi,India
CUS004460,STANDARD,Indore,Madhya Pradesh,India
CUS004461,PREMIUM,Bengaluru,Karnataka,India
CUS004462,STANDARD,Visakhapatnam,Andhra Pradesh,India
CUS004463,STANDARD,Visakhapatnam,Andhra Pradesh,India
CUS004464,PREMIUM,Madurai,Tamil Nadu,India
CUS004465,PREMIUM,Jaipur,Rajasthan,India
CUS004466,STANDARD,Nagpur,Maharashtra,India
CUS004467,VIP,Delhi,Delhi,India
CUS004468,STANDARD,Vijayawada,Andhra Pradesh,India
CUS004469,STANDARD,Delhi,Delhi,India
CUS004470,STANDARD,Mumbai,Maharashtra,India
CUS004471,VIP,Kolkata,West Bengal,India
CUS004472,STANDARD,Indore,Madhya Pradesh,India
CUS004473,PREMIUM,Vijayawada,Andhra Pradesh,India
CUS004474,PREMIUM,Hyderabad,Telangana,India
CUS004475,STANDARD,Indore,Madhya Pradesh,India
CUS004476,PREMIUM,Madurai,Tamil Nadu,India
CUS004477,VIP,Mysuru,Karnataka,India
CUS004478,STANDARD,Surat,Gujarat,India
CUS004479,STANDARD,Hyderabad,Telangana,India
CUS004480,PREMIUM,Nashik,Maharashtra,India
CUS004481,STANDARD,Surat,Gujarat,India
CUS004482,PREMIUM,Noida,Uttar Pradesh,India
CUS004483,VIP,Bengaluru,Karnataka,India
CUS004484,PREMIUM,Coimbatore,Tamil Nadu,India
CUS004485,PREMIUM,Bhopal,Madhya Pradesh,India
CUS004486,VIP,Kochi,Kerala,India
CUS004487,VIP,Coimbatore,Tamil Nadu,India
CUS004488,VIP,Pune,Maharashtra,India
CUS004489,PREMIUM,Madurai,Tamil Nadu,India
CUS004490,STANDARD,Indore,Madhya Pradesh,India
CUS004491,PREMIUM,Lucknow,Uttar Pradesh,India
CUS004492,STANDARD,Pune,Maharashtra,India
CUS004493,VIP,Kochi,Kerala,India
CUS004494,STANDARD,Thiruvananthapuram,Kerala,India
CUS004495,VIP,Bhopal,Madhya Pradesh,India
CUS004496,STANDARD,Kochi,Kerala,India
CUS004497,PREMIUM,Bengaluru,Karnataka,India
CUS004498,VIP,Visakhapatnam,Andhra Pradesh,India
CUS004499,STANDARD,Delhi,Delhi,India
CUS004500,PREMIUM,Lucknow,Uttar Pradesh,India
CUS004501,VIP,Surat,Gujarat,India
CUS004502,STANDARD,Gurugram,Haryana,India
CUS004503,STANDARD,Nashik,Maharashtra,India
CUS004504,VIP,Kochi,Kerala,India
CUS004505,PREMIUM,Madurai,Tamil Nadu,India
CUS004506,PREMIUM,Bhopal,Madhya Pradesh,India
CUS004507,PREMIUM,Nagpur,Maharashtra,India
CUS004508,PREMIUM,Noida,Uttar Pradesh,India
CUS004509,PREMIUM,Gurugram,Haryana,India
CUS004510,VIP,Bengaluru,Karnataka,India
CUS004511,PREMIUM,Mysuru,Karnataka,India
CUS004512,VIP,Ahmedabad,Gujarat,India
CUS004513,PREMIUM,Madurai,Tamil Nadu,India
CUS004514,VIP,Mysuru,Karnataka,India
CUS004515,VIP,Hyderabad,Telangana,India
CUS004516,STANDARD,Nagpur,Maharashtra,India
CUS004517,PREMIUM,Kochi,Kerala,India
CUS004518,STANDARD,Bhubaneswar,Odisha,India
CUS004519,STANDARD,Delhi,Delhi,India
CUS004520,STANDARD,Indore,Madhya Pradesh,India
CUS004521,PREMIUM,Indore,Madhya Pradesh,India
CUS004522,STANDARD,Bhopal,Madhya Pradesh,India
CUS004523,STANDARD,Mumbai,Maharashtra,India
CUS004524,STANDARD,Vijayawada,Andhra Pradesh,India
CUS004525,STANDARD,Nashik,Maharashtra,India
CUS004526,VIP,Bhubaneswar,Odisha,India
CUS004527,PREMIUM,Hyderabad,Telangana,India
CUS004528,VIP,Hyderabad,Telangana,India
CUS004529,VIP,Mysuru,Karnataka,India
CUS004530,STANDARD,Hyderabad,Telangana,India
CUS004531,STANDARD,Gurugram,Haryana,India
CUS004532,VIP,Gurugram,Haryana,India
CUS004533,STANDARD,Delhi,Delhi,India
CUS004534,STANDARD,Vijayawada,Andhra Pradesh,India
CUS004535,STANDARD,Kolkata,West Bengal,India
CUS004536,PREMIUM,Visakhapatnam,Andhra Pradesh,India
CUS004537,STANDARD,Noida,Uttar Pradesh,India
CUS004538,STANDARD,Noida,Uttar Pradesh,India
CUS004539,STANDARD,Indore,Madhya Pradesh,India
CUS004540,STANDARD,Chandigarh,Chandigarh,India
CUS004541,PREMIUM,Bengaluru,Karnataka,India
CUS004542,VIP,Visakhapatnam,Andhra Pradesh,India
CUS004543,STANDARD,Jaipur,Rajasthan,India
CUS004544,STANDARD,Kochi,Kerala,India
CUS004545,STANDARD,Nagpur,Maharashtra,India
CUS004546,PREMIUM,Nagpur,Maharashtra,India
CUS004547,STANDARD,Nashik,Maharashtra,India
CUS004548,STANDARD,Nagpur,Maharashtra,India
CUS004549,PREMIUM,Mumbai,Maharashtra,India
CUS004550,PREMIUM,Lucknow,Uttar Pradesh,India
CUS004551,VIP,Vijayawada,Andhra Pradesh,India
CUS004552,STANDARD,Bhubaneswar,Odisha,India
CUS004553,STANDARD,Mumbai,Maharashtra,India
CUS004554,STANDARD,Bengaluru,Karnataka,India
CUS004555,PREMIUM,Thiruvananthapuram,Kerala,India
CUS004556,STANDARD,Chandigarh,Chandigarh,India
CUS004557,STANDARD,Nashik,Maharashtra,India
CUS004558,STANDARD,Kolkata,West Bengal,India
CUS004559,PREMIUM,Madurai,Tamil Nadu,India
CUS004560,STANDARD,Kolkata,West Bengal,India
CUS004561,PREMIUM,Vijayawada,Andhra Pradesh,India
CUS004562,STANDARD,Bhubaneswar,Odisha,India
CUS004563,PREMIUM,Jaipur,Rajasthan,India
CUS004564,STANDARD,Chennai,Tamil Nadu,India
CUS004565,STANDARD,Thiruvananthapuram,Kerala,India
CUS004566,STANDARD,Chennai,Tamil Nadu,India
CUS004567,VIP,Coimbatore,Tamil Nadu,India
CUS004568,PREMIUM,Madurai,Tamil Nadu,India
CUS004569,STANDARD,Jaipur,Rajasthan,India
CUS004570,STANDARD,Coimbatore,Tamil Nadu,India
CUS004571,STANDARD,Chandigarh,Chandigarh,India
CUS004572,PREMIUM,Mumbai,Maharashtra,India
CUS004573,PREMIUM,Bhopal,Madhya Pradesh,India
CUS004574,STANDARD,Indore,Madhya Pradesh,India
CUS004575,PREMIUM,Mumbai,Maharashtra,India
CUS004576,PREMIUM,Nashik,Maharashtra,India
CUS004577,VIP,Bengaluru,Karnataka,India
CUS004578,STANDARD,Bhubaneswar,Odisha,India
CUS004579,PREMIUM,Coimbatore,Tamil Nadu,India
CUS004580,VIP,Jaipur,Rajasthan,India
CUS004581,PREMIUM,Thiruvananthapuram,Kerala,India
CUS004582,PREMIUM,Kolkata,West Bengal,India
CUS004583,STANDARD,Thiruvananthapuram,Kerala,India
CUS004584,VIP,Mumbai,Maharashtra,India
CUS004585,STANDARD,Chennai,Tamil Nadu,India
CUS004586,STANDARD,Kochi,Kerala,India
CUS004587,VIP,Pune,Maharashtra,India
CUS004588,VIP,Chennai,Tamil Nadu,India
CUS004589,STANDARD,Visakhapatnam,Andhra Pradesh,India
CUS004590,PREMIUM,Jaipur,Rajasthan,India
CUS004591,VIP,Madurai,Tamil Nadu,India
CUS004592,STANDARD,Jaipur,Rajasthan,India
CUS004593,PREMIUM,Coimbatore,Tamil Nadu,India
CUS004594,VIP,Vijayawada,Andhra Pradesh,India
CUS004595,STANDARD,Bhopal,Madhya Pradesh,India
CUS004596,PREMIUM,Indore,Madhya Pradesh,India
CUS004597,PREMIUM,Mysuru,Karnataka,India
CUS004598,VIP,Noida,Uttar Pradesh,India
CUS004599,PREMIUM,Delhi,Delhi,India
CUS004600,VIP,Surat,Gujarat,India
CUS004601,STANDARD,Kolkata,West Bengal,India
CUS004602,PREMIUM,Delhi,Delhi,India
CUS004603,STANDARD,Chandigarh,Chandigarh,India
CUS004604,VIP,Mysuru,Karnataka,India
CUS004605,PREMIUM,Ahmedabad,Gujarat,India
CUS004606,PREMIUM,Gurugram,Haryana,India
CUS004607,PREMIUM,Nashik,Maharashtra,India
CUS004608,PREMIUM,Thiruvananthapuram,Kerala,India
CUS004609,STANDARD,Lucknow,Uttar Pradesh,India
CUS004610,STANDARD,Noida,Uttar Pradesh,India
CUS004611,VIP,Bhubaneswar,Odisha,India
CUS004612,STANDARD,Bhopal,Madhya Pradesh,India
CUS004613,PREMIUM,Nashik,Maharashtra,India
CUS004614,STANDARD,Bhopal,Madhya Pradesh,India
CUS004615,STANDARD,Gurugram,Haryana,India
CUS004616,STANDARD,Madurai,Tamil Nadu,India
CUS004617,VIP,Lucknow,Uttar Pradesh,India
CUS004618,VIP,Bengaluru,Karnataka,India
CUS004619,VIP,Vijayawada,Andhra Pradesh,India
CUS004620,VIP,Nashik,Maharashtra,India
CUS004621,PREMIUM,Delhi,Delhi,India
CUS004622,VIP,Kochi,Kerala,India
CUS004623,STANDARD,Vijayawada,Andhra Pradesh,India
CUS004624,VIP,Chandigarh,Chandigarh,India
CUS004625,STANDARD,Chennai,Tamil Nadu,India
CUS004626,PREMIUM,Surat,Gujarat,India
CUS004627,VIP,Nagpur,Maharashtra,India
CUS004628,PREMIUM,Chennai,Tamil Nadu,India
CUS004629,VIP,Bhopal,Madhya Pradesh,India
CUS004630,VIP,Indore,Madhya Pradesh,India
CUS004631,VIP,Madurai,Tamil Nadu,India
CUS004632,PREMIUM,Kochi,Kerala,India
CUS004633,STANDARD,Hyderabad,Telangana,India
CUS004634,STANDARD,Lucknow,Uttar Pradesh,India
CUS004635,STANDARD,Nashik,Maharashtra,India
CUS004636,STANDARD,Nagpur,Maharashtra,India
CUS004637,STANDARD,Nagpur,Maharashtra,India
CUS004638,PREMIUM,Indore,Madhya Pradesh,India
CUS004639,VIP,Noida,Uttar Pradesh,India
CUS004640,PREMIUM,Nashik,Maharashtra,India
CUS004641,STANDARD,Coimbatore,Tamil Nadu,India
CUS004642,PREMIUM,Chennai,Tamil Nadu,India
CUS004643,VIP,Surat,Gujarat,India
CUS004644,STANDARD,Mumbai,Maharashtra,India
CUS004645,PREMIUM,Pune,Maharashtra,India
CUS004646,STANDARD,Ahmedabad,Gujarat,India
CUS004647,PREMIUM,Madurai,Tamil Nadu,India
CUS004648,STANDARD,Chennai,Tamil Nadu,India
CUS004649,VIP,Chandigarh,Chandigarh,India
CUS004650,STANDARD,Chandigarh,Chandigarh,India
CUS004651,VIP,Kolkata,West Bengal,India
CUS004652,PREMIUM,Jaipur,Rajasthan,India
CUS004653,STANDARD,Lucknow,Uttar Pradesh,India
CUS004654,STANDARD,Madurai,Tamil Nadu,India
CUS004655,PREMIUM,Ahmedabad,Gujarat,India
CUS004656,STANDARD,Chennai,Tamil Nadu,India
CUS004657,STANDARD,Mysuru,Karnataka,India
CUS004658,VIP,Vijayawada,Andhra Pradesh,India
CUS004659,STANDARD,Visakhapatnam,Andhra Pradesh,India
CUS004660,STANDARD,Jaipur,Rajasthan,India
CUS004661,VIP,Delhi,Delhi,India
CUS004662,VIP,Thiruvananthapuram,Kerala,India
CUS004663,PREMIUM,Pune,Maharashtra,India
CUS004664,STANDARD,Chennai,Tamil Nadu,India
CUS004665,VIP,Kolkata,West Bengal,India
CUS004666,STANDARD,Nashik,Maharashtra,India
CUS004667,PREMIUM,Bhopal,Madhya Pradesh,India
CUS004668,VIP,Vijayawada,Andhra Pradesh,India
CUS004669,PREMIUM,Noida,Uttar Pradesh,India
CUS004670,VIP,Mysuru,Karnataka,India
CUS004671,STANDARD,Madurai,Tamil Nadu,India
CUS004672,STANDARD,Chandigarh,Chandigarh,India
CUS004673,VIP,Delhi,Delhi,India
CUS004674,VIP,Noida,Uttar Pradesh,India
CUS004675,STANDARD,Chandigarh,Chandigarh,India
CUS004676,VIP,Bhopal,Madhya Pradesh,India
CUS004677,STANDARD,Pune,Maharashtra,India
CUS004678,VIP,Vijayawada,Andhra Pradesh,India
CUS004679,STANDARD,Madurai,Tamil Nadu,India
CUS004680,STANDARD,Thiruvananthapuram,Kerala,India
CUS004681,PREMIUM,Mumbai,Maharashtra,India
CUS004682,STANDARD,Madurai,Tamil Nadu,India
CUS004683,VIP,Hyderabad,Telangana,India
CUS004684,STANDARD,Vijayawada,Andhra Pradesh,India
CUS004685,PREMIUM,Bhubaneswar,Odisha,India
CUS004686,STANDARD,Madurai,Tamil Nadu,India
CUS004687,VIP,Kolkata,West Bengal,India
CUS004688,STANDARD,Mysuru,Karnataka,India
CUS004689,STANDARD,Bhopal,Madhya Pradesh,India
CUS004690,PREMIUM,Bhopal,Madhya Pradesh,India
CUS004691,STANDARD,Madurai,Tamil Nadu,India
CUS004692,STANDARD,Delhi,Delhi,India
CUS004693,PREMIUM,Bhubaneswar,Odisha,India
CUS004694,STANDARD,Chandigarh,Chandigarh,India
CUS004695,STANDARD,Bhopal,Madhya Pradesh,India
CUS004696,VIP,Visakhapatnam,Andhra Pradesh,India
CUS004697,PREMIUM,Gurugram,Haryana,India
CUS004698,PREMIUM,Delhi,Delhi,India
CUS004699,PREMIUM,Bhopal,Madhya Pradesh,India
CUS004700,STANDARD,Mysuru,Karnataka,India
CUS004701,STANDARD,Noida,Uttar Pradesh,India
CUS004702,VIP,Chandigarh,Chandigarh,India
CUS004703,VIP,Noida,Uttar Pradesh,India
CUS004704,STANDARD,Kochi,Kerala,India
CUS004705,VIP,Coimbatore,Tamil Nadu,India
CUS004706,STANDARD,Surat,Gujarat,India
CUS004707,STANDARD,Thiruvananthapuram,Kerala,India
CUS004708,PREMIUM,Madurai,Tamil Nadu,India
CUS004709,STANDARD,Thiruvananthapuram,Kerala,India
CUS004710,STANDARD,Pune,Maharashtra,India
CUS004711,PREMIUM,Coimbatore,Tamil Nadu,India
CUS004712,STANDARD,Gurugram,Haryana,India
CUS004713,PREMIUM,Nashik,Maharashtra,India
CUS004714,STANDARD,Kochi,Kerala,India
CUS004715,PREMIUM,Surat,Gujarat,India
CUS004716,VIP,Delhi,Delhi,India
CUS004717,PREMIUM,Indore,Madhya Pradesh,India
CUS004718,STANDARD,Lucknow,Uttar Pradesh,India
CUS004719,STANDARD,Nashik,Maharashtra,India
CUS004720,PREMIUM,Madurai,Tamil Nadu,India
CUS004721,VIP,Mysuru,Karnataka,India
CUS004722,STANDARD,Jaipur,Rajasthan,India
CUS004723,VIP,Kochi,Kerala,India
CUS004724,VIP,Madurai,Tamil Nadu,India
CUS004725,VIP,Chandigarh,Chandigarh,India
CUS004726,STANDARD,Thiruvananthapuram,Kerala,India
CUS004727,PREMIUM,Bhubaneswar,Odisha,India
CUS004728,PREMIUM,Kochi,Kerala,India
CUS004729,VIP,Bengaluru,Karnataka,India
CUS004730,PREMIUM,Kochi,Kerala,India
CUS004731,STANDARD,Coimbatore,Tamil Nadu,India
CUS004732,STANDARD,Nashik,Maharashtra,India
CUS004733,STANDARD,Nagpur,Maharashtra,India
CUS004734,VIP,Vijayawada,Andhra Pradesh,India
CUS004735,PREMIUM,Thiruvananthapuram,Kerala,India
CUS004736,STANDARD,Lucknow,Uttar Pradesh,India
CUS004737,PREMIUM,Surat,Gujarat,India
CUS004738,PREMIUM,Surat,Gujarat,India
CUS004739,VIP,Bengaluru,Karnataka,India
CUS004740,STANDARD,Indore,Madhya Pradesh,India
CUS004741,PREMIUM,Chandigarh,Chandigarh,India
CUS004742,PREMIUM,Gurugram,Haryana,India
CUS004743,VIP,Vijayawada,Andhra Pradesh,India
CUS004744,PREMIUM,Bhopal,Madhya Pradesh,India
CUS004745,PREMIUM,Mysuru,Karnataka,India
CUS004746,STANDARD,Delhi,Delhi,India
CUS004747,STANDARD,Chennai,Tamil Nadu,India
CUS004748,PREMIUM,Bhopal,Madhya Pradesh,India
CUS004749,PREMIUM,Gurugram,Haryana,India
CUS004750,STANDARD,Bhopal,Madhya Pradesh,India
CUS004751,PREMIUM,Madurai,Tamil Nadu,India
CUS004752,PREMIUM,Ahmedabad,Gujarat,India
CUS004753,STANDARD,Vijayawada,Andhra Pradesh,India
CUS004754,PREMIUM,Kolkata,West Bengal,India
CUS004755,VIP,Ahmedabad,Gujarat,India
CUS004756,VIP,Chandigarh,Chandigarh,India
CUS004757,STANDARD,Nashik,Maharashtra,India
CUS004758,STANDARD,Thiruvananthapuram,Kerala,India
CUS004759,PREMIUM,Gurugram,Haryana,India
CUS004760,STANDARD,Bhopal,Madhya Pradesh,India
CUS004761,PREMIUM,Mumbai,Maharashtra,India
CUS004762,STANDARD,Visakhapatnam,Andhra Pradesh,India
CUS004763,STANDARD,Nashik,Maharashtra,India
CUS004764,PREMIUM,Delhi,Delhi,India
CUS004765,VIP,Noida,Uttar Pradesh,India
CUS004766,STANDARD,Gurugram,Haryana,India
CUS004767,STANDARD,Ahmedabad,Gujarat,India
CUS004768,STANDARD,Bhubaneswar,Odisha,India
CUS004769,STANDARD,Nagpur,Maharashtra,India
CUS004770,STANDARD,Kolkata,West Bengal,India
CUS004771,PREMIUM,Coimbatore,Tamil Nadu,India
CUS004772,PREMIUM,Gurugram,Haryana,India
CUS004773,STANDARD,Thiruvananthapuram,Kerala,India
CUS004774,STANDARD,Lucknow,Uttar Pradesh,India
CUS004775,PREMIUM,Pune,Maharashtra,India
CUS004776,STANDARD,Chandigarh,Chandigarh,India
CUS004777,PREMIUM,Thiruvananthapuram,Kerala,India
CUS004778,STANDARD,Visakhapatnam,Andhra Pradesh,India
CUS004779,PREMIUM,Surat,Gujarat,India
CUS004780,STANDARD,Bhopal,Madhya Pradesh,India
CUS004781,STANDARD,Kolkata,West Bengal,India
CUS004782,PREMIUM,Jaipur,Rajasthan,India
CUS004783,STANDARD,Kolkata,West Bengal,India
CUS004784,STANDARD,Bhopal,Madhya Pradesh,India
CUS004785,STANDARD,Thiruvananthapuram,Kerala,India
CUS004786,STANDARD,Lucknow,Uttar Pradesh,India
CUS004787,STANDARD,Noida,Uttar Pradesh,India
CUS004788,STANDARD,Mysuru,Karnataka,India
CUS004789,PREMIUM,Delhi,Delhi,India
CUS004790,STANDARD,Ahmedabad,Gujarat,India
CUS004791,STANDARD,Surat,Gujarat,India
CUS004792,STANDARD,Bengaluru,Karnataka,India
CUS004793,PREMIUM,Indore,Madhya Pradesh,India
CUS004794,STANDARD,Hyderabad,Telangana,India
CUS004795,STANDARD,Ahmedabad,Gujarat,India
CUS004796,PREMIUM,Bengaluru,Karnataka,India
CUS004797,STANDARD,Kochi,Kerala,India
CUS004798,PREMIUM,Madurai,Tamil Nadu,India
CUS004799,STANDARD,Nagpur,Maharashtra,India
CUS004800,PREMIUM,Thiruvananthapuram,Kerala,India
CUS004801,STANDARD,Bhopal,Madhya Pradesh,India
CUS004802,STANDARD,Ahmedabad,Gujarat,India
CUS004803,VIP,Nagpur,Maharashtra,India
CUS004804,STANDARD,Indore,Madhya Pradesh,India
CUS004805,VIP,Kochi,Kerala,India
CUS004806,STANDARD,Kochi,Kerala,India
CUS004807,STANDARD,Bhopal,Madhya Pradesh,India
CUS004808,VIP,Surat,Gujarat,India
CUS004809,PREMIUM,Kochi,Kerala,India
CUS004810,STANDARD,Jaipur,Rajasthan,India
CUS004811,STANDARD,Hyderabad,Telangana,India
CUS004812,PREMIUM,Chennai,Tamil Nadu,India
CUS004813,STANDARD,Madurai,Tamil Nadu,India
CUS004814,STANDARD,Jaipur,Rajasthan,India
CUS004815,STANDARD,Nagpur,Maharashtra,India
CUS004816,PREMIUM,Nashik,Maharashtra,India
CUS004817,VIP,Nashik,Maharashtra,India
CUS004818,PREMIUM,Ahmedabad,Gujarat,India
CUS004819,STANDARD,Nagpur,Maharashtra,India
CUS004820,STANDARD,Kochi,Kerala,India
CUS004821,STANDARD,Coimbatore,Tamil Nadu,India
CUS004822,STANDARD,Bhubaneswar,Odisha,India
CUS004823,STANDARD,Delhi,Delhi,India
CUS004824,STANDARD,Bengaluru,Karnataka,India
CUS004825,PREMIUM,Nashik,Maharashtra,India
CUS004826,PREMIUM,Lucknow,Uttar Pradesh,India
CUS004827,STANDARD,Nashik,Maharashtra,India
CUS004828,PREMIUM,Gurugram,Haryana,India
CUS004829,STANDARD,Indore,Madhya Pradesh,India
CUS004830,PREMIUM,Surat,Gujarat,India
CUS004831,PREMIUM,Nashik,Maharashtra,India
CUS004832,VIP,Coimbatore,Tamil Nadu,India
CUS004833,STANDARD,Surat,Gujarat,India
CUS004834,STANDARD,Ahmedabad,Gujarat,India
CUS004835,STANDARD,Jaipur,Rajasthan,India
CUS004836,STANDARD,Pune,Maharashtra,India
CUS004837,PREMIUM,Chennai,Tamil Nadu,India
CUS004838,STANDARD,Gurugram,Haryana,India
CUS004839,VIP,Chandigarh,Chandigarh,India
CUS004840,PREMIUM,Thiruvananthapuram,Kerala,India
CUS004841,PREMIUM,Ahmedabad,Gujarat,India
CUS004842,PREMIUM,Madurai,Tamil Nadu,India
CUS004843,STANDARD,Surat,Gujarat,India
CUS004844,STANDARD,Bengaluru,Karnataka,India
CUS004845,PREMIUM,Thiruvananthapuram,Kerala,India
CUS004846,STANDARD,Bhopal,Madhya Pradesh,India
CUS004847,STANDARD,Thiruvananthapuram,Kerala,India
CUS004848,PREMIUM,Delhi,Delhi,India
CUS004849,VIP,Surat,Gujarat,India
CUS004850,STANDARD,Bengaluru,Karnataka,India
CUS004851,VIP,Indore,Madhya Pradesh,India
CUS004852,VIP,Coimbatore,Tamil Nadu,India
CUS004853,STANDARD,Bhubaneswar,Odisha,India
CUS004854,PREMIUM,Thiruvananthapuram,Kerala,India
CUS004855,VIP,Hyderabad,Telangana,India
CUS004856,STANDARD,Visakhapatnam,Andhra Pradesh,India
CUS004857,STANDARD,Visakhapatnam,Andhra Pradesh,India
CUS004858,PREMIUM,Chandigarh,Chandigarh,India
CUS004859,STANDARD,Kolkata,West Bengal,India
CUS004860,PREMIUM,Bengaluru,Karnataka,India
CUS004861,VIP,Kolkata,West Bengal,India
CUS004862,STANDARD,Lucknow,Uttar Pradesh,India
CUS004863,STANDARD,Kochi,Kerala,India
CUS004864,PREMIUM,Mysuru,Karnataka,India
CUS004865,STANDARD,Bhubaneswar,Odisha,India
CUS004866,VIP,Nagpur,Maharashtra,India
CUS004867,STANDARD,Nagpur,Maharashtra,India
CUS004868,STANDARD,Indore,Madhya Pradesh,India
CUS004869,STANDARD,Nagpur,Maharashtra,India
CUS004870,STANDARD,Surat,Gujarat,India
CUS004871,VIP,Nagpur,Maharashtra,India
CUS004872,PREMIUM,Mysuru,Karnataka,India
CUS004873,STANDARD,Vijayawada,Andhra Pradesh,India
CUS004874,VIP,Hyderabad,Telangana,India
CUS004875,VIP,Kolkata,West Bengal,India
CUS004876,PREMIUM,Delhi,Delhi,India
CUS004877,PREMIUM,Vijayawada,Andhra Pradesh,India
CUS004878,VIP,Thiruvananthapuram,Kerala,India
CUS004879,VIP,Ahmedabad,Gujarat,India
CUS004880,PREMIUM,Nashik,Maharashtra,India
CUS004881,PREMIUM,Mumbai,Maharashtra,India
CUS004882,VIP,Noida,Uttar Pradesh,India
CUS004883,VIP,Mumbai,Maharashtra,India
CUS004884,VIP,Hyderabad,Telangana,India
CUS004885,VIP,Ahmedabad,Gujarat,India
CUS004886,STANDARD,Coimbatore,Tamil Nadu,India
CUS004887,VIP,Indore,Madhya Pradesh,India
CUS004888,VIP,Kolkata,West Bengal,India
CUS004889,STANDARD,Jaipur,Rajasthan,India
CUS004890,PREMIUM,Jaipur,Rajasthan,India
CUS004891,VIP,Gurugram,Haryana,India
CUS004892,PREMIUM,Bhubaneswar,Odisha,India
CUS004893,STANDARD,Lucknow,Uttar Pradesh,India
CUS004894,STANDARD,Nagpur,Maharashtra,India
CUS004895,PREMIUM,Delhi,Delhi,India
CUS004896,STANDARD,Coimbatore,Tamil Nadu,India
CUS004897,PREMIUM,Hyderabad,Telangana,India
CUS004898,STANDARD,Madurai,Tamil Nadu,India
CUS004899,STANDARD,Coimbatore,Tamil Nadu,India
CUS004900,VIP,Chennai,Tamil Nadu,India
CUS004901,PREMIUM,Lucknow,Uttar Pradesh,India
CUS004902,STANDARD,Bhubaneswar,Odisha,India
CUS004903,STANDARD,Mysuru,Karnataka,India
CUS004904,STANDARD,Vijayawada,Andhra Pradesh,India
CUS004905,STANDARD,Bengaluru,Karnataka,India
CUS004906,VIP,Mumbai,Maharashtra,India
CUS004907,PREMIUM,Kochi,Kerala,India
CUS004908,STANDARD,Madurai,Tamil Nadu,India
CUS004909,VIP,Mysuru,Karnataka,India
CUS004910,STANDARD,Kolkata,West Bengal,India
CUS004911,PREMIUM,Visakhapatnam,Andhra Pradesh,India
CUS004912,STANDARD,Vijayawada,Andhra Pradesh,India
CUS004913,STANDARD,Coimbatore,Tamil Nadu,India
CUS004914,PREMIUM,Jaipur,Rajasthan,India
CUS004915,STANDARD,Chennai,Tamil Nadu,India
CUS004916,STANDARD,Coimbatore,Tamil Nadu,India
CUS004917,STANDARD,Mumbai,Maharashtra,India
CUS004918,STANDARD,Indore,Madhya Pradesh,India
CUS004919,STANDARD,Madurai,Tamil Nadu,India
CUS004920,STANDARD,Mumbai,Maharashtra,India
CUS004921,PREMIUM,Hyderabad,Telangana,India
CUS004922,STANDARD,Noida,Uttar Pradesh,India
CUS004923,PREMIUM,Kolkata,West Bengal,India
CUS004924,PREMIUM,Delhi,Delhi,India
CUS004925,PREMIUM,Nashik,Maharashtra,India
CUS004926,STANDARD,Mumbai,Maharashtra,India
CUS004927,VIP,Bhubaneswar,Odisha,India
CUS004928,STANDARD,Bengaluru,Karnataka,India
CUS004929,PREMIUM,Vijayawada,Andhra Pradesh,India
CUS004930,STANDARD,Coimbatore,Tamil Nadu,India
CUS004931,PREMIUM,Coimbatore,Tamil Nadu,India
CUS004932,PREMIUM,Gurugram,Haryana,India
CUS004933,STANDARD,Chandigarh,Chandigarh,India
CUS004934,PREMIUM,Nashik,Maharashtra,India
CUS004935,PREMIUM,Thiruvananthapuram,Kerala,India
CUS004936,STANDARD,Gurugram,Haryana,India
CUS004937,VIP,Coimbatore,Tamil Nadu,India
CUS004938,STANDARD,Hyderabad,Telangana,India
CUS004939,VIP,Coimbatore,Tamil Nadu,India
CUS004940,STANDARD,Noida,Uttar Pradesh,India
CUS004941,STANDARD,Noida,Uttar Pradesh,India
CUS004942,STANDARD,Pune,Maharashtra,India
CUS004943,PREMIUM,Madurai,Tamil Nadu,India
CUS004944,STANDARD,Indore,Madhya Pradesh,India
CUS004945,STANDARD,Pune,Maharashtra,India
CUS004946,STANDARD,Thiruvananthapuram,Kerala,India
CUS004947,VIP,Vijayawada,Andhra Pradesh,India
CUS004948,STANDARD,Bengaluru,Karnataka,India
CUS004949,PREMIUM,Hyderabad,Telangana,India
CUS004950,PREMIUM,Ahmedabad,Gujarat,India
CUS004951,VIP,Chandigarh,Chandigarh,India
CUS004952,STANDARD,Bhopal,Madhya Pradesh,India
CUS004953,PREMIUM,Chennai,Tamil Nadu,India
CUS004954,VIP,Kolkata,West Bengal,India
CUS004955,PREMIUM,Indore,Madhya Pradesh,India
CUS004956,STANDARD,Delhi,Delhi,India
CUS004957,STANDARD,Nashik,Maharashtra,India
CUS004958,STANDARD,Delhi,Delhi,India
CUS004959,PREMIUM,Coimbatore,Tamil Nadu,India
CUS004960,VIP,Mumbai,Maharashtra,India
CUS004961,STANDARD,Lucknow,Uttar Pradesh,India
CUS004962,STANDARD,Thiruvananthapuram,Kerala,India
CUS004963,PREMIUM,Hyderabad,Telangana,India
CUS004964,STANDARD,Indore,Madhya Pradesh,India
CUS004965,PREMIUM,Hyderabad,Telangana,India
CUS004966,STANDARD,Mysuru,Karnataka,India
CUS004967,STANDARD,Vijayawada,Andhra Pradesh,India
CUS004968,PREMIUM,Bhubaneswar,Odisha,India
CUS004969,PREMIUM,Lucknow,Uttar Pradesh,India
CUS004970,VIP,Delhi,Delhi,India
CUS004971,STANDARD,Kolkata,West Bengal,India
CUS004972,STANDARD,Lucknow,Uttar Pradesh,India
CUS004973,STANDARD,Bhubaneswar,Odisha,India
CUS004974,VIP,Bengaluru,Karnataka,India
CUS004975,VIP,Lucknow,Uttar Pradesh,India
CUS004976,STANDARD,Hyderabad,Telangana,India
CUS004977,VIP,Vijayawada,Andhra Pradesh,India
CUS004978,STANDARD,Chandigarh,Chandigarh,India
CUS004979,VIP,Bhopal,Madhya Pradesh,India
CUS004980,PREMIUM,Kolkata,West Bengal,India
CUS004981,STANDARD,Gurugram,Haryana,India
CUS004982,VIP,Surat,Gujarat,India
CUS004983,STANDARD,Kochi,Kerala,India
CUS004984,STANDARD,Lucknow,Uttar Pradesh,India
CUS004985,PREMIUM,Delhi,Delhi,India
CUS004986,STANDARD,Pune,Maharashtra,India
CUS004987,STANDARD,Noida,Uttar Pradesh,India
CUS004988,STANDARD,Hyderabad,Telangana,India
CUS004989,STANDARD,Jaipur,Rajasthan,India
CUS004990,STANDARD,Nagpur,Maharashtra,India
CUS004991,PREMIUM,Madurai,Tamil Nadu,India
CUS004992,STANDARD,Kolkata,West Bengal,India
CUS004993,VIP,Bhopal,Madhya Pradesh,India
CUS004994,STANDARD,Lucknow,Uttar Pradesh,India
CUS004995,PREMIUM,Chennai,Tamil Nadu,India
CUS004996,STANDARD,Vijayawada,Andhra Pradesh,India
CUS004997,PREMIUM,Kolkata,West Bengal,India
CUS004998,STANDARD,Kochi,Kerala,India
CUS004999,STANDARD,Mysuru,Karnataka,India
CUS005000,STANDARD,Bengaluru,Karnataka,India
CUS005001,STANDARD,Bengaluru,Karnataka,India
CUS005002,PREMIUM,Bhopal,Madhya Pradesh,India
CUS005003,STANDARD,Lucknow,Uttar Pradesh,India
CUS005004,STANDARD,Pune,Maharashtra,India
CUS005005,STANDARD,Pune,Maharashtra,India
CUS005006,VIP,Pune,Maharashtra,India
CUS005007,STANDARD,Indore,Madhya Pradesh,India
CUS005008,STANDARD,Noida,Uttar Pradesh,India
CUS005009,STANDARD,Vijayawada,Andhra Pradesh,India
CUS005010,STANDARD,Jaipur,Rajasthan,India
CUS005011,STANDARD,Hyderabad,Telangana,India
CUS005012,PREMIUM,Bengaluru,Karnataka,India
CUS005013,STANDARD,Coimbatore,Tamil Nadu,India
CUS005014,STANDARD,Mysuru,Karnataka,India
CUS005015,VIP,Nashik,Maharashtra,India
CUS005016,VIP,Mumbai,Maharashtra,India
CUS005017,STANDARD,Ahmedabad,Gujarat,India
CUS005018,STANDARD,Chennai,Tamil Nadu,India
CUS005019,STANDARD,Indore,Madhya Pradesh,India
CUS005020,PREMIUM,Indore,Madhya Pradesh,India
CUS005021,PREMIUM,Kolkata,West Bengal,India
CUS005022,STANDARD,Coimbatore,Tamil Nadu,India
CUS005023,STANDARD,Kochi,Kerala,India
CUS005024,PREMIUM,Noida,Uttar Pradesh,India
CUS005025,STANDARD,Madurai,Tamil Nadu,India
CUS005026,STANDARD,Nashik,Maharashtra,India
CUS005027,VIP,Kochi,Kerala,India
CUS005028,STANDARD,Jaipur,Rajasthan,India
CUS005029,PREMIUM,Pune,Maharashtra,India
CUS005030,STANDARD,Kochi,Kerala,India
CUS005031,VIP,Noida,Uttar Pradesh,India
CUS005032,STANDARD,Visakhapatnam,Andhra Pradesh,India
CUS005033,PREMIUM,Nagpur,Maharashtra,India
CUS005034,STANDARD,Jaipur,Rajasthan,India
CUS005035,VIP,Mysuru,Karnataka,India
CUS005036,STANDARD,Vijayawada,Andhra Pradesh,India
CUS005037,VIP,Ahmedabad,Gujarat,India
CUS005038,STANDARD,Delhi,Delhi,India
CUS005039,STANDARD,Delhi,Delhi,India
CUS005040,PREMIUM,Hyderabad,Telangana,India
CUS005041,STANDARD,Bhopal,Madhya Pradesh,India
CUS005042,PREMIUM,Bhubaneswar,Odisha,India
CUS005043,STANDARD,Coimbatore,Tamil Nadu,India
CUS005044,VIP,Visakhapatnam,Andhra Pradesh,India
CUS005045,STANDARD,Bhopal,Madhya Pradesh,India
CUS005046,STANDARD,Hyderabad,Telangana,India
CUS005047,PREMIUM,Vijayawada,Andhra Pradesh,India
CUS005048,PREMIUM,Kolkata,West Bengal,India
CUS005049,STANDARD,Chandigarh,Chandigarh,India
CUS005050,PREMIUM,Gurugram,Haryana,India
CUS005051,VIP,Bengaluru,Karnataka,India
CUS005052,STANDARD,Delhi,Delhi,India
CUS005053,PREMIUM,Pune,Maharashtra,India
CUS005054,VIP,Pune,Maharashtra,India
CUS005055,VIP,Noida,Uttar Pradesh,India
CUS005056,PREMIUM,Madurai,Tamil Nadu,India
CUS005057,PREMIUM,Thiruvananthapuram,Kerala,India
CUS005058,STANDARD,Kolkata,West Bengal,India
CUS005059,PREMIUM,Gurugram,Haryana,India
CUS005060,PREMIUM,Bhubaneswar,Odisha,India
CUS005061,PREMIUM,Madurai,Tamil Nadu,India
CUS005062,PREMIUM,Bhubaneswar,Odisha,India
CUS005063,PREMIUM,Madurai,Tamil Nadu,India
CUS005064,STANDARD,Bengaluru,Karnataka,India
CUS005065,STANDARD,Gurugram,Haryana,India
CUS005066,PREMIUM,Gurugram,Haryana,India
CUS005067,PREMIUM,Noida,Uttar Pradesh,India
CUS005068,STANDARD,Bhopal,Madhya Pradesh,India
CUS005069,PREMIUM,Chandigarh,Chandigarh,India
CUS005070,PREMIUM,Visakhapatnam,Andhra Pradesh,India
CUS005071,VIP,Bhopal,Madhya Pradesh,India
CUS005072,STANDARD,Kolkata,West Bengal,India
CUS005073,STANDARD,Mysuru,Karnataka,India
CUS005074,VIP,Mysuru,Karnataka,India
CUS005075,PREMIUM,Bengaluru,Karnataka,India
CUS005076,STANDARD,Nashik,Maharashtra,India
CUS005077,STANDARD,Lucknow,Uttar Pradesh,India
CUS005078,STANDARD,Ahmedabad,Gujarat,India
CUS005079,STANDARD,Mysuru,Karnataka,India
CUS005080,STANDARD,Kochi,Kerala,India
CUS005081,STANDARD,Bengaluru,Karnataka,India
CUS005082,STANDARD,Bengaluru,Karnataka,India
CUS005083,STANDARD,Kochi,Kerala,India
CUS005084,PREMIUM,Noida,Uttar Pradesh,India
CUS005085,STANDARD,Nashik,Maharashtra,India
CUS005086,STANDARD,Kochi,Kerala,India
CUS005087,PREMIUM,Kochi,Kerala,India
CUS005088,STANDARD,Coimbatore,Tamil Nadu,India
CUS005089,VIP,Nagpur,Maharashtra,India
CUS005090,STANDARD,Ahmedabad,Gujarat,India
CUS005091,STANDARD,Indore,Madhya Pradesh,India
CUS005092,PREMIUM,Hyderabad,Telangana,India
CUS005093,STANDARD,Mysuru,Karnataka,India
CUS005094,VIP,Pune,Maharashtra,India
CUS005095,STANDARD,Mumbai,Maharashtra,India
CUS005096,VIP,Lucknow,Uttar Pradesh,India
CUS005097,STANDARD,Bengaluru,Karnataka,India
CUS005098,STANDARD,Bengaluru,Karnataka,India
CUS005099,VIP,Ahmedabad,Gujarat,India
CUS005100,PREMIUM,Bhubaneswar,Odisha,India
CUS005101,VIP,Nashik,Maharashtra,India
CUS005102,VIP,Indore,Madhya Pradesh,India
CUS005103,VIP,Madurai,Tamil Nadu,India
CUS005104,VIP,Bengaluru,Karnataka,India
CUS005105,PREMIUM,Kochi,Kerala,India
CUS005106,STANDARD,Ahmedabad,Gujarat,India
CUS005107,STANDARD,Visakhapatnam,Andhra Pradesh,India
CUS005108,STANDARD,Chennai,Tamil Nadu,India
CUS005109,PREMIUM,Noida,Uttar Pradesh,India
CUS005110,PREMIUM,Kochi,Kerala,India
CUS005111,PREMIUM,Delhi,Delhi,India
CUS005112,VIP,Lucknow,Uttar Pradesh,India
CUS005113,PREMIUM,Indore,Madhya Pradesh,India
CUS005114,STANDARD,Coimbatore,Tamil Nadu,India
CUS005115,STANDARD,Vijayawada,Andhra Pradesh,India
CUS005116,STANDARD,Vijayawada,Andhra Pradesh,India
CUS005117,STANDARD,Visakhapatnam,Andhra Pradesh,India
CUS005118,STANDARD,Gurugram,Haryana,India
CUS005119,PREMIUM,Surat,Gujarat,India
CUS005120,STANDARD,Indore,Madhya Pradesh,India
CUS005121,STANDARD,Kochi,Kerala,India
CUS005122,STANDARD,Mumbai,Maharashtra,India
CUS005123,STANDARD,Gurugram,Haryana,India
CUS005124,VIP,Madurai,Tamil Nadu,India
CUS005125,STANDARD,Jaipur,Rajasthan,India
CUS005126,STANDARD,Nagpur,Maharashtra,India
CUS005127,PREMIUM,Nagpur,Maharashtra,India
CUS005128,PREMIUM,Lucknow,Uttar Pradesh,India
CUS005129,PREMIUM,Kochi,Kerala,India
CUS005130,VIP,Nashik,Maharashtra,India
CUS005131,STANDARD,Kolkata,West Bengal,India
CUS005132,STANDARD,Indore,Madhya Pradesh,India
CUS005133,STANDARD,Jaipur,Rajasthan,India
CUS005134,PREMIUM,Madurai,Tamil Nadu,India
CUS005135,STANDARD,Mumbai,Maharashtra,India
CUS005136,VIP,Mumbai,Maharashtra,India
CUS005137,STANDARD,Pune,Maharashtra,India
CUS005138,STANDARD,Lucknow,Uttar Pradesh,India
CUS005139,STANDARD,Bengaluru,Karnataka,India
CUS005140,PREMIUM,Kochi,Kerala,India
CUS005141,STANDARD,Mumbai,Maharashtra,India
CUS005142,STANDARD,Chandigarh,Chandigarh,India
CUS005143,VIP,Ahmedabad,Gujarat,India
CUS005144,VIP,Chennai,Tamil Nadu,India
CUS005145,STANDARD,Nagpur,Maharashtra,India
CUS005146,PREMIUM,Delhi,Delhi,India
CUS005147,PREMIUM,Bhubaneswar,Odisha,India
CUS005148,STANDARD,Visakhapatnam,Andhra Pradesh,India
CUS005149,STANDARD,Mysuru,Karnataka,India
CUS005150,STANDARD,Vijayawada,Andhra Pradesh,India
CUS005151,STANDARD,Lucknow,Uttar Pradesh,India
CUS005152,VIP,Ahmedabad,Gujarat,India
CUS005153,VIP,Bengaluru,Karnataka,India
CUS005154,STANDARD,Ahmedabad,Gujarat,India
CUS005155,STANDARD,Mumbai,Maharashtra,India
CUS005156,PREMIUM,Nashik,Maharashtra,India
CUS005157,STANDARD,Mysuru,Karnataka,India
CUS005158,PREMIUM,Kolkata,West Bengal,India
CUS005159,STANDARD,Delhi,Delhi,India
CUS005160,STANDARD,Lucknow,Uttar Pradesh,India
CUS005161,PREMIUM,Lucknow,Uttar Pradesh,India
CUS005162,STANDARD,Madurai,Tamil Nadu,India
CUS005163,VIP,Coimbatore,Tamil Nadu,India
CUS005164,STANDARD,Mysuru,Karnataka,India
CUS005165,PREMIUM,Thiruvananthapuram,Kerala,India
CUS005166,VIP,Thiruvananthapuram,Kerala,India
CUS005167,PREMIUM,Nashik,Maharashtra,India
CUS005168,STANDARD,Gurugram,Haryana,India
CUS005169,STANDARD,Lucknow,Uttar Pradesh,India
CUS005170,STANDARD,Mysuru,Karnataka,India
CUS005171,PREMIUM,Nagpur,Maharashtra,India
CUS005172,STANDARD,Chennai,Tamil Nadu,India
CUS005173,STANDARD,Coimbatore,Tamil Nadu,India
CUS005174,PREMIUM,Pune,Maharashtra,India
CUS005175,STANDARD,Delhi,Delhi,India
CUS005176,PREMIUM,Hyderabad,Telangana,India
CUS005177,PREMIUM,Chennai,Tamil Nadu,India
CUS005178,VIP,Gurugram,Haryana,India
CUS005179,STANDARD,Hyderabad,Telangana,India
CUS005180,VIP,Thiruvananthapuram,Kerala,India
CUS005181,PREMIUM,Mysuru,Karnataka,India
CUS005182,STANDARD,Mysuru,Karnataka,India
CUS005183,STANDARD,Nashik,Maharashtra,India
CUS005184,VIP,Vijayawada,Andhra Pradesh,India
CUS005185,STANDARD,Coimbatore,Tamil Nadu,India
CUS005186,VIP,Chandigarh,Chandigarh,India
CUS005187,STANDARD,Chandigarh,Chandigarh,India
CUS005188,STANDARD,Chandigarh,Chandigarh,India
CUS005189,VIP,Delhi,Delhi,India
CUS005190,STANDARD,Delhi,Delhi,India
CUS005191,PREMIUM,Delhi,Delhi,India
CUS005192,VIP,Visakhapatnam,Andhra Pradesh,India
CUS005193,PREMIUM,Chandigarh,Chandigarh,India
CUS005194,STANDARD,Nagpur,Maharashtra,India
CUS005195,PREMIUM,Surat,Gujarat,India
CUS005196,STANDARD,Indore,Madhya Pradesh,India
CUS005197,STANDARD,Delhi,Delhi,India
CUS005198,STANDARD,Chennai,Tamil Nadu,India
CUS005199,PREMIUM,Gurugram,Haryana,India
CUS005200,STANDARD,Coimbatore,Tamil Nadu,India
CUS005201,PREMIUM,Vijayawada,Andhra Pradesh,India
CUS005202,VIP,Vijayawada,Andhra Pradesh,India
CUS005203,PREMIUM,Hyderabad,Telangana,India
CUS005204,VIP,Chandigarh,Chandigarh,India
CUS005205,STANDARD,Chennai,Tamil Nadu,India
CUS005206,VIP,Chandigarh,Chandigarh,India
CUS005207,PREMIUM,Lucknow,Uttar Pradesh,India
CUS005208,PREMIUM,Hyderabad,Telangana,India
CUS005209,PREMIUM,Vijayawada,Andhra Pradesh,India
CUS005210,PREMIUM,Ahmedabad,Gujarat,India
CUS005211,PREMIUM,Ahmedabad,Gujarat,India
CUS005212,PREMIUM,Lucknow,Uttar Pradesh,India
CUS005213,PREMIUM,Nagpur,Maharashtra,India
CUS005214,PREMIUM,Bhopal,Madhya Pradesh,India
CUS005215,PREMIUM,Kolkata,West Bengal,India
CUS005216,VIP,Bhubaneswar,Odisha,India
CUS005217,VIP,Chandigarh,Chandigarh,India
CUS005218,VIP,Lucknow,Uttar Pradesh,India
CUS005219,STANDARD,Nagpur,Maharashtra,India
CUS005220,STANDARD,Coimbatore,Tamil Nadu,India
CUS005221,STANDARD,Noida,Uttar Pradesh,India
CUS005222,PREMIUM,Coimbatore,Tamil Nadu,India
CUS005223,STANDARD,Vijayawada,Andhra Pradesh,India
CUS005224,STANDARD,Nashik,Maharashtra,India
CUS005225,STANDARD,Coimbatore,Tamil Nadu,India
CUS005226,STANDARD,Bhubaneswar,Odisha,India
CUS005227,PREMIUM,Mysuru,Karnataka,India
CUS005228,PREMIUM,Delhi,Delhi,India
CUS005229,STANDARD,Hyderabad,Telangana,India
CUS005230,STANDARD,Noida,Uttar Pradesh,India
CUS005231,VIP,Pune,Maharashtra,India
CUS005232,STANDARD,Delhi,Delhi,India
CUS005233,VIP,Bhopal,Madhya Pradesh,India
CUS005234,PREMIUM,Delhi,Delhi,India
CUS005235,STANDARD,Indore,Madhya Pradesh,India
CUS005236,PREMIUM,Bhopal,Madhya Pradesh,India
CUS005237,STANDARD,Coimbatore,Tamil Nadu,India
CUS005238,STANDARD,Bhopal,Madhya Pradesh,India
CUS005239,PREMIUM,Thiruvananthapuram,Kerala,India
CUS005240,PREMIUM,Nagpur,Maharashtra,India
CUS005241,STANDARD,Jaipur,Rajasthan,India
CUS005242,STANDARD,Mumbai,Maharashtra,India
CUS005243,STANDARD,Coimbatore,Tamil Nadu,India
CUS005244,STANDARD,Nagpur,Maharashtra,India
CUS005245,STANDARD,Nagpur,Maharashtra,India
CUS005246,PREMIUM,Surat,Gujarat,India
CUS005247,STANDARD,Delhi,Delhi,India
CUS005248,VIP,Vijayawada,Andhra Pradesh,India
CUS005249,VIP,Delhi,Delhi,India
CUS005250,VIP,Kolkata,West Bengal,India
CUS005251,PREMIUM,Mysuru,Karnataka,India
CUS005252,VIP,Hyderabad,Telangana,India
CUS005253,PREMIUM,Chennai,Tamil Nadu,India
CUS005254,VIP,Chandigarh,Chandigarh,India
CUS005255,STANDARD,Bhopal,Madhya Pradesh,India
CUS005256,STANDARD,Mysuru,Karnataka,India
CUS005257,STANDARD,Delhi,Delhi,India
CUS005258,STANDARD,Kochi,Kerala,India
CUS005259,STANDARD,Jaipur,Rajasthan,India
CUS005260,STANDARD,Kolkata,West Bengal,India
CUS005261,PREMIUM,Mumbai,Maharashtra,India
CUS005262,VIP,Hyderabad,Telangana,India
CUS005263,PREMIUM,Visakhapatnam,Andhra Pradesh,India
CUS005264,STANDARD,Bhopal,Madhya Pradesh,India
CUS005265,PREMIUM,Surat,Gujarat,India
CUS005266,VIP,Mysuru,Karnataka,India
CUS005267,PREMIUM,Lucknow,Uttar Pradesh,India
CUS005268,STANDARD,Gurugram,Haryana,India
CUS005269,PREMIUM,Nagpur,Maharashtra,India
CUS005270,STANDARD,Madurai,Tamil Nadu,India
CUS005271,STANDARD,Indore,Madhya Pradesh,India
CUS005272,PREMIUM,Madurai,Tamil Nadu,India
CUS005273,STANDARD,Pune,Maharashtra,India
CUS005274,STANDARD,Madurai,Tamil Nadu,India
CUS005275,PREMIUM,Indore,Madhya Pradesh,India
CUS005276,STANDARD,Jaipur,Rajasthan,India
CUS005277,PREMIUM,Bhopal,Madhya Pradesh,India
CUS005278,STANDARD,Vijayawada,Andhra Pradesh,India
CUS005279,VIP,Kochi,Kerala,India
CUS005280,PREMIUM,Madurai,Tamil Nadu,India
CUS005281,STANDARD,Gurugram,Haryana,India
CUS005282,STANDARD,Chandigarh,Chandigarh,India
CUS005283,PREMIUM,Kochi,Kerala,India
CUS005284,STANDARD,Noida,Uttar Pradesh,India
CUS005285,STANDARD,Nashik,Maharashtra,India
CUS005286,STANDARD,Nagpur,Maharashtra,India
CUS005287,STANDARD,Jaipur,Rajasthan,India
CUS005288,STANDARD,Mumbai,Maharashtra,India
CUS005289,STANDARD,Mysuru,Karnataka,India
CUS005290,STANDARD,Ahmedabad,Gujarat,India
CUS005291,STANDARD,Nagpur,Maharashtra,India
CUS005292,STANDARD,Jaipur,Rajasthan,India
CUS005293,STANDARD,Bhubaneswar,Odisha,India
CUS005294,PREMIUM,Noida,Uttar Pradesh,India
CUS005295,VIP,Noida,Uttar Pradesh,India
CUS005296,STANDARD,Pune,Maharashtra,India
CUS005297,STANDARD,Bengaluru,Karnataka,India
CUS005298,PREMIUM,Surat,Gujarat,India
CUS005299,PREMIUM,Pune,Maharashtra,India
CUS005300,PREMIUM,Chandigarh,Chandigarh,India
CUS005301,STANDARD,Pune,Maharashtra,India
CUS005302,STANDARD,Chennai,Tamil Nadu,India
CUS005303,STANDARD,Mysuru,Karnataka,India
CUS005304,STANDARD,Coimbatore,Tamil Nadu,India
CUS005305,PREMIUM,Madurai,Tamil Nadu,India
CUS005306,STANDARD,Noida,Uttar Pradesh,India
CUS005307,PREMIUM,Bhubaneswar,Odisha,India
CUS005308,STANDARD,Indore,Madhya Pradesh,India
CUS005309,VIP,Delhi,Delhi,India
CUS005310,STANDARD,Thiruvananthapuram,Kerala,India
CUS005311,PREMIUM,Chennai,Tamil Nadu,India
CUS005312,PREMIUM,Indore,Madhya Pradesh,India
CUS005313,PREMIUM,Nashik,Maharashtra,India
CUS005314,STANDARD,Chandigarh,Chandigarh,India
CUS005315,PREMIUM,Mumbai,Maharashtra,India
CUS005316,PREMIUM,Chandigarh,Chandigarh,India
CUS005317,PREMIUM,Vijayawada,Andhra Pradesh,India
CUS005318,STANDARD,Pune,Maharashtra,India
CUS005319,STANDARD,Gurugram,Haryana,India
CUS005320,PREMIUM,Thiruvananthapuram,Kerala,India
CUS005321,VIP,Nagpur,Maharashtra,India
CUS005322,VIP,Nagpur,Maharashtra,India
CUS005323,STANDARD,Lucknow,Uttar Pradesh,India
CUS005324,VIP,Chandigarh,Chandigarh,India
CUS005325,STANDARD,Kochi,Kerala,India
CUS005326,VIP,Bhubaneswar,Odisha,India
CUS005327,PREMIUM,Gurugram,Haryana,India
CUS005328,VIP,Kolkata,West Bengal,India
CUS005329,VIP,Jaipur,Rajasthan,India
CUS005330,STANDARD,Kolkata,West Bengal,India
CUS005331,STANDARD,Visakhapatnam,Andhra Pradesh,India
CUS005332,STANDARD,Chennai,Tamil Nadu,India
CUS005333,PREMIUM,Coimbatore,Tamil Nadu,India
CUS005334,STANDARD,Hyderabad,Telangana,India
CUS005335,VIP,Bhopal,Madhya Pradesh,India
CUS005336,STANDARD,Madurai,Tamil Nadu,India
CUS005337,PREMIUM,Noida,Uttar Pradesh,India
CUS005338,STANDARD,Jaipur,Rajasthan,India
CUS005339,PREMIUM,Delhi,Delhi,India
CUS005340,PREMIUM,Kochi,Kerala,India
CUS005341,STANDARD,Nashik,Maharashtra,India
CUS005342,STANDARD,Delhi,Delhi,India
CUS005343,STANDARD,Ahmedabad,Gujarat,India
CUS005344,STANDARD,Vijayawada,Andhra Pradesh,India
CUS005345,STANDARD,Visakhapatnam,Andhra Pradesh,India
CUS005346,STANDARD,Gurugram,Haryana,India
CUS005347,STANDARD,Gurugram,Haryana,India
CUS005348,PREMIUM,Bengaluru,Karnataka,India
CUS005349,STANDARD,Coimbatore,Tamil Nadu,India
CUS005350,STANDARD,Nagpur,Maharashtra,India
CUS005351,VIP,Gurugram,Haryana,India
CUS005352,PREMIUM,Bhubaneswar,Odisha,India
CUS005353,PREMIUM,Bengaluru,Karnataka,India
CUS005354,PREMIUM,Bengaluru,Karnataka,India
CUS005355,STANDARD,Kochi,Kerala,India
CUS005356,PREMIUM,Nashik,Maharashtra,India
CUS005357,STANDARD,Vijayawada,Andhra Pradesh,India
CUS005358,STANDARD,Coimbatore,Tamil Nadu,India
CUS005359,PREMIUM,Madurai,Tamil Nadu,India
CUS005360,VIP,Jaipur,Rajasthan,India
CUS005361,PREMIUM,Delhi,Delhi,India
CUS005362,PREMIUM,Coimbatore,Tamil Nadu,India
CUS005363,STANDARD,Jaipur,Rajasthan,India
CUS005364,STANDARD,Coimbatore,Tamil Nadu,India
CUS005365,PREMIUM,Thiruvananthapuram,Kerala,India
CUS005366,PREMIUM,Kolkata,West Bengal,India
CUS005367,VIP,Bengaluru,Karnataka,India
CUS005368,PREMIUM,Pune,Maharashtra,India
CUS005369,STANDARD,Kochi,Kerala,India
CUS005370,STANDARD,Indore,Madhya Pradesh,India
CUS005371,PREMIUM,Bhopal,Madhya Pradesh,India
CUS005372,STANDARD,Mumbai,Maharashtra,India
CUS005373,STANDARD,Nashik,Maharashtra,India
CUS005374,STANDARD,Madurai,Tamil Nadu,India
CUS005375,PREMIUM,Surat,Gujarat,India
CUS005376,STANDARD,Nagpur,Maharashtra,India
CUS005377,PREMIUM,Madurai,Tamil Nadu,India
CUS005378,STANDARD,Thiruvananthapuram,Kerala,India
CUS005379,PREMIUM,Coimbatore,Tamil Nadu,India
CUS005380,VIP,Visakhapatnam,Andhra Pradesh,India
CUS005381,PREMIUM,Ahmedabad,Gujarat,India
CUS005382,STANDARD,Nashik,Maharashtra,India
CUS005383,VIP,Gurugram,Haryana,India
CUS005384,PREMIUM,Nashik,Maharashtra,India
CUS005385,PREMIUM,Bhubaneswar,Odisha,India
CUS005386,PREMIUM,Noida,Uttar Pradesh,India
CUS005387,STANDARD,Chennai,Tamil Nadu,India
CUS005388,STANDARD,Chennai,Tamil Nadu,India
CUS005389,PREMIUM,Jaipur,Rajasthan,India
CUS005390,VIP,Noida,Uttar Pradesh,India
CUS005391,PREMIUM,Indore,Madhya Pradesh,India
CUS005392,STANDARD,Nashik,Maharashtra,India
CUS005393,STANDARD,Visakhapatnam,Andhra Pradesh,India
CUS005394,STANDARD,Ahmedabad,Gujarat,India
CUS005395,STANDARD,Vijayawada,Andhra Pradesh,India
CUS005396,STANDARD,Kochi,Kerala,India
CUS005397,PREMIUM,Chennai,Tamil Nadu,India
CUS005398,PREMIUM,Pune,Maharashtra,India
CUS005399,PREMIUM,Bhubaneswar,Odisha,India
CUS005400,STANDARD,Pune,Maharashtra,India
CUS005401,PREMIUM,Chandigarh,Chandigarh,India
CUS005402,STANDARD,Vijayawada,Andhra Pradesh,India
CUS005403,STANDARD,Pune,Maharashtra,India
CUS005404,VIP,Mumbai,Maharashtra,India
CUS005405,STANDARD,Hyderabad,Telangana,India
CUS005406,VIP,Bengaluru,Karnataka,India
CUS005407,STANDARD,Gurugram,Haryana,India
CUS005408,STANDARD,Delhi,Delhi,India
CUS005409,PREMIUM,Bengaluru,Karnataka,India
CUS005410,STANDARD,Nagpur,Maharashtra,India
CUS005411,PREMIUM,Bhopal,Madhya Pradesh,India
CUS005412,PREMIUM,Hyderabad,Telangana,India
CUS005413,VIP,Noida,Uttar Pradesh,India
CUS005414,STANDARD,Bengaluru,Karnataka,India
CUS005415,STANDARD,Pune,Maharashtra,India
CUS005416,STANDARD,Hyderabad,Telangana,India
CUS005417,STANDARD,Bhubaneswar,Odisha,India
CUS005418,STANDARD,Gurugram,Haryana,India
CUS005419,PREMIUM,Coimbatore,Tamil Nadu,India
CUS005420,PREMIUM,Vijayawada,Andhra Pradesh,India
CUS005421,VIP,Ahmedabad,Gujarat,India
CUS005422,STANDARD,Chandigarh,Chandigarh,India
CUS005423,PREMIUM,Bhopal,Madhya Pradesh,India
CUS005424,VIP,Coimbatore,Tamil Nadu,India
CUS005425,PREMIUM,Surat,Gujarat,India
CUS005426,PREMIUM,Mumbai,Maharashtra,India
CUS005427,PREMIUM,Chandigarh,Chandigarh,India
CUS005428,STANDARD,Noida,Uttar Pradesh,India
CUS005429,VIP,Indore,Madhya Pradesh,India
CUS005430,PREMIUM,Surat,Gujarat,India
CUS005431,STANDARD,Delhi,Delhi,India
CUS005432,VIP,Thiruvananthapuram,Kerala,India
CUS005433,VIP,Indore,Madhya Pradesh,India
CUS005434,STANDARD,Indore,Madhya Pradesh,India
CUS005435,STANDARD,Mumbai,Maharashtra,India
CUS005436,STANDARD,Visakhapatnam,Andhra Pradesh,India
CUS005437,STANDARD,Vijayawada,Andhra Pradesh,India
CUS005438,VIP,Nashik,Maharashtra,India
CUS005439,STANDARD,Hyderabad,Telangana,India
CUS005440,VIP,Kolkata,West Bengal,India
CUS005441,PREMIUM,Mumbai,Maharashtra,India
CUS005442,VIP,Delhi,Delhi,India
CUS005443,VIP,Visakhapatnam,Andhra Pradesh,India
CUS005444,STANDARD,Surat,Gujarat,India
CUS005445,STANDARD,Pune,Maharashtra,India
CUS005446,STANDARD,Indore,Madhya Pradesh,India
CUS005447,VIP,Hyderabad,Telangana,India
CUS005448,STANDARD,Ahmedabad,Gujarat,India
CUS005449,PREMIUM,Jaipur,Rajasthan,India
CUS005450,STANDARD,Noida,Uttar Pradesh,India
CUS005451,STANDARD,Noida,Uttar Pradesh,India
CUS005452,PREMIUM,Thiruvananthapuram,Kerala,India
CUS005453,STANDARD,Mumbai,Maharashtra,India
CUS005454,STANDARD,Coimbatore,Tamil Nadu,India
CUS005455,STANDARD,Mysuru,Karnataka,India
CUS005456,STANDARD,Kolkata,West Bengal,India
CUS005457,PREMIUM,Bhopal,Madhya Pradesh,India
CUS005458,PREMIUM,Kochi,Kerala,India
CUS005459,PREMIUM,Hyderabad,Telangana,India
CUS005460,STANDARD,Coimbatore,Tamil Nadu,India
CUS005461,PREMIUM,Ahmedabad,Gujarat,India
CUS005462,STANDARD,Kolkata,West Bengal,India
CUS005463,STANDARD,Nashik,Maharashtra,India
CUS005464,PREMIUM,Visakhapatnam,Andhra Pradesh,India
CUS005465,STANDARD,Coimbatore,Tamil Nadu,India
CUS005466,PREMIUM,Ahmedabad,Gujarat,India
CUS005467,PREMIUM,Gurugram,Haryana,India
CUS005468,PREMIUM,Hyderabad,Telangana,India
CUS005469,VIP,Mysuru,Karnataka,India
CUS005470,VIP,Bhopal,Madhya Pradesh,India
CUS005471,VIP,Hyderabad,Telangana,India
CUS005472,VIP,Mysuru,Karnataka,India
CUS005473,STANDARD,Jaipur,Rajasthan,India
CUS005474,STANDARD,Nagpur,Maharashtra,India
CUS005475,VIP,Nagpur,Maharashtra,India
CUS005476,PREMIUM,Mumbai,Maharashtra,India
CUS005477,STANDARD,Hyderabad,Telangana,India
CUS005478,VIP,Vijayawada,Andhra Pradesh,India
CUS005479,PREMIUM,Bhubaneswar,Odisha,India
CUS005480,STANDARD,Ahmedabad,Gujarat,India
CUS005481,PREMIUM,Kochi,Kerala,India
CUS005482,PREMIUM,Kolkata,West Bengal,India
CUS005483,STANDARD,Chandigarh,Chandigarh,India
CUS005484,STANDARD,Thiruvananthapuram,Kerala,India
CUS005485,STANDARD,Hyderabad,Telangana,India
CUS005486,PREMIUM,Lucknow,Uttar Pradesh,India
CUS005487,PREMIUM,Ahmedabad,Gujarat,India
CUS005488,STANDARD,Nashik,Maharashtra,India
CUS005489,STANDARD,Vijayawada,Andhra Pradesh,India
CUS005490,PREMIUM,Coimbatore,Tamil Nadu,India
CUS005491,VIP,Hyderabad,Telangana,India
CUS005492,VIP,Bhopal,Madhya Pradesh,India
CUS005493,STANDARD,Madurai,Tamil Nadu,India
CUS005494,STANDARD,Coimbatore,Tamil Nadu,India
CUS005495,STANDARD,Kolkata,West Bengal,India
CUS005496,VIP,Bengaluru,Karnataka,India
CUS005497,STANDARD,Bengaluru,Karnataka,India
CUS005498,PREMIUM,Chandigarh,Chandigarh,India
CUS005499,STANDARD,Thiruvananthapuram,Kerala,India
CUS005500,PREMIUM,Mumbai,Maharashtra,India
CUS005501,STANDARD,Pune,Maharashtra,India
CUS005502,STANDARD,Mumbai,Maharashtra,India
CUS005503,STANDARD,Chandigarh,Chandigarh,India
CUS005504,VIP,Kolkata,West Bengal,India
CUS005505,STANDARD,Jaipur,Rajasthan,India
CUS005506,STANDARD,Chennai,Tamil Nadu,India
CUS005507,PREMIUM,Surat,Gujarat,India
CUS005508,PREMIUM,Lucknow,Uttar Pradesh,India
CUS005509,STANDARD,Madurai,Tamil Nadu,India
CUS005510,VIP,Jaipur,Rajasthan,India
CUS005511,STANDARD,Madurai,Tamil Nadu,India
CUS005512,PREMIUM,Chandigarh,Chandigarh,India
CUS005513,STANDARD,Hyderabad,Telangana,India
CUS005514,PREMIUM,Kochi,Kerala,India
CUS005515,STANDARD,Indore,Madhya Pradesh,India
CUS005516,STANDARD,Madurai,Tamil Nadu,India
CUS005517,STANDARD,Kolkata,West Bengal,India
CUS005518,STANDARD,Hyderabad,Telangana,India
CUS005519,VIP,Nashik,Maharashtra,India
CUS005520,STANDARD,Chandigarh,Chandigarh,India
CUS005521,STANDARD,Kolkata,West Bengal,India
CUS005522,PREMIUM,Kochi,Kerala,India
CUS005523,PREMIUM,Chandigarh,Chandigarh,India
CUS005524,VIP,Bhubaneswar,Odisha,India
CUS005525,PREMIUM,Bengaluru,Karnataka,India
CUS005526,STANDARD,Gurugram,Haryana,India
CUS005527,STANDARD,Noida,Uttar Pradesh,India
CUS005528,STANDARD,Nagpur,Maharashtra,India
CUS005529,STANDARD,Hyderabad,Telangana,India
CUS005530,PREMIUM,Kochi,Kerala,India
CUS005531,STANDARD,Delhi,Delhi,India
CUS005532,VIP,Jaipur,Rajasthan,India
CUS005533,STANDARD,Ahmedabad,Gujarat,India
CUS005534,PREMIUM,Surat,Gujarat,India
CUS005535,VIP,Mumbai,Maharashtra,India
CUS005536,STANDARD,Indore,Madhya Pradesh,India
CUS005537,VIP,Visakhapatnam,Andhra Pradesh,India
CUS005538,STANDARD,Kochi,Kerala,India
CUS005539,STANDARD,Gurugram,Haryana,India
CUS005540,STANDARD,Kochi,Kerala,India
CUS005541,STANDARD,Mysuru,Karnataka,India
CUS005542,STANDARD,Ahmedabad,Gujarat,India
CUS005543,PREMIUM,Indore,Madhya Pradesh,India
CUS005544,STANDARD,Bhubaneswar,Odisha,India
CUS005545,STANDARD,Thiruvananthapuram,Kerala,India
CUS005546,STANDARD,Bengaluru,Karnataka,India
CUS005547,VIP,Delhi,Delhi,India
CUS005548,VIP,Mumbai,Maharashtra,India
CUS005549,STANDARD,Surat,Gujarat,India
CUS005550,PREMIUM,Nashik,Maharashtra,India
CUS005551,STANDARD,Jaipur,Rajasthan,India
CUS005552,STANDARD,Nashik,Maharashtra,India
CUS005553,STANDARD,Mysuru,Karnataka,India
CUS005554,STANDARD,Gurugram,Haryana,India
CUS005555,PREMIUM,Nagpur,Maharashtra,India
CUS005556,STANDARD,Coimbatore,Tamil Nadu,India
CUS005557,STANDARD,Madurai,Tamil Nadu,India
CUS005558,STANDARD,Vijayawada,Andhra Pradesh,India
CUS005559,STANDARD,Hyderabad,Telangana,India
CUS005560,VIP,Vijayawada,Andhra Pradesh,India
CUS005561,STANDARD,Nagpur,Maharashtra,India
CUS005562,PREMIUM,Thiruvananthapuram,Kerala,India
CUS005563,STANDARD,Madurai,Tamil Nadu,India
CUS005564,PREMIUM,Kochi,Kerala,India
CUS005565,STANDARD,Chandigarh,Chandigarh,India
CUS005566,STANDARD,Gurugram,Haryana,India
CUS005567,STANDARD,Mumbai,Maharashtra,India
CUS005568,PREMIUM,Thiruvananthapuram,Kerala,India
CUS005569,PREMIUM,Kochi,Kerala,India
CUS005570,STANDARD,Pune,Maharashtra,India
CUS005571,STANDARD,Chennai,Tamil Nadu,India
CUS005572,PREMIUM,Vijayawada,Andhra Pradesh,India
CUS005573,PREMIUM,Jaipur,Rajasthan,India
CUS005574,STANDARD,Mumbai,Maharashtra,India
CUS005575,VIP,Kolkata,West Bengal,India
CUS005576,STANDARD,Bengaluru,Karnataka,India
CUS005577,PREMIUM,Noida,Uttar Pradesh,India
CUS005578,PREMIUM,Mumbai,Maharashtra,India
CUS005579,PREMIUM,Mumbai,Maharashtra,India
CUS005580,STANDARD,Kolkata,West Bengal,India
CUS005581,STANDARD,Noida,Uttar Pradesh,India
CUS005582,STANDARD,Nashik,Maharashtra,India
CUS005583,STANDARD,Mumbai,Maharashtra,India
CUS005584,STANDARD,Delhi,Delhi,India
CUS005585,VIP,Nagpur,Maharashtra,India
CUS005586,STANDARD,Bhopal,Madhya Pradesh,India
CUS005587,STANDARD,Bengaluru,Karnataka,India
CUS005588,STANDARD,Vijayawada,Andhra Pradesh,India
CUS005589,STANDARD,Nagpur,Maharashtra,India
CUS005590,PREMIUM,Bhopal,Madhya Pradesh,India
CUS005591,STANDARD,Kochi,Kerala,India
CUS005592,VIP,Visakhapatnam,Andhra Pradesh,India
CUS005593,PREMIUM,Chandigarh,Chandigarh,India
CUS005594,PREMIUM,Hyderabad,Telangana,India
CUS005595,STANDARD,Madurai,Tamil Nadu,India
CUS005596,STANDARD,Bengaluru,Karnataka,India
CUS005597,VIP,Noida,Uttar Pradesh,India
CUS005598,STANDARD,Bhopal,Madhya Pradesh,India
CUS005599,STANDARD,Madurai,Tamil Nadu,India
CUS005600,PREMIUM,Surat,Gujarat,India
CUS005601,STANDARD,Mysuru,Karnataka,India
CUS005602,STANDARD,Chandigarh,Chandigarh,India
CUS005603,PREMIUM,Indore,Madhya Pradesh,India
CUS005604,PREMIUM,Hyderabad,Telangana,India
CUS005605,PREMIUM,Hyderabad,Telangana,India
CUS005606,STANDARD,Indore,Madhya Pradesh,India
CUS005607,PREMIUM,Chennai,Tamil Nadu,India
CUS005608,PREMIUM,Nashik,Maharashtra,India
CUS005609,PREMIUM,Madurai,Tamil Nadu,India
CUS005610,PREMIUM,Noida,Uttar Pradesh,India
CUS005611,STANDARD,Coimbatore,Tamil Nadu,India
CUS005612,STANDARD,Kochi,Kerala,India
CUS005613,STANDARD,Visakhapatnam,Andhra Pradesh,India
CUS005614,PREMIUM,Pune,Maharashtra,India
CUS005615,PREMIUM,Bengaluru,Karnataka,India
CUS005616,STANDARD,Hyderabad,Telangana,India
CUS005617,VIP,Jaipur,Rajasthan,India
CUS005618,STANDARD,Kolkata,West Bengal,India
CUS005619,STANDARD,Madurai,Tamil Nadu,India
CUS005620,STANDARD,Nashik,Maharashtra,India
CUS005621,STANDARD,Chandigarh,Chandigarh,India
CUS005622,STANDARD,Hyderabad,Telangana,India
CUS005623,STANDARD,Coimbatore,Tamil Nadu,India
CUS005624,STANDARD,Nagpur,Maharashtra,India
CUS005625,STANDARD,Thiruvananthapuram,Kerala,India
CUS005626,STANDARD,Coimbatore,Tamil Nadu,India
CUS005627,STANDARD,Bhubaneswar,Odisha,India
CUS005628,STANDARD,Nashik,Maharashtra,India
CUS005629,VIP,Chennai,Tamil Nadu,India
CUS005630,VIP,Mumbai,Maharashtra,India
CUS005631,STANDARD,Chennai,Tamil Nadu,India
CUS005632,PREMIUM,Visakhapatnam,Andhra Pradesh,India
CUS005633,STANDARD,Chandigarh,Chandigarh,India
CUS005634,PREMIUM,Lucknow,Uttar Pradesh,India
CUS005635,PREMIUM,Nagpur,Maharashtra,India
CUS005636,PREMIUM,Mysuru,Karnataka,India
CUS005637,PREMIUM,Noida,Uttar Pradesh,India
CUS005638,STANDARD,Noida,Uttar Pradesh,India
CUS005639,STANDARD,Ahmedabad,Gujarat,India
CUS005640,PREMIUM,Bhopal,Madhya Pradesh,India
CUS005641,VIP,Chandigarh,Chandigarh,India
CUS005642,PREMIUM,Nagpur,Maharashtra,India
CUS005643,PREMIUM,Kochi,Kerala,India
CUS005644,PREMIUM,Thiruvananthapuram,Kerala,India
CUS005645,STANDARD,Chennai,Tamil Nadu,India
CUS005646,STANDARD,Noida,Uttar Pradesh,India
CUS005647,PREMIUM,Pune,Maharashtra,India
CUS005648,STANDARD,Vijayawada,Andhra Pradesh,India
CUS005649,PREMIUM,Bengaluru,Karnataka,India
CUS005650,STANDARD,Nashik,Maharashtra,India
CUS005651,STANDARD,Visakhapatnam,Andhra Pradesh,India
CUS005652,STANDARD,Jaipur,Rajasthan,India
CUS005653,PREMIUM,Surat,Gujarat,India
CUS005654,PREMIUM,Lucknow,Uttar Pradesh,India
CUS005655,STANDARD,Mumbai,Maharashtra,India
CUS005656,VIP,Mumbai,Maharashtra,India
CUS005657,PREMIUM,Chandigarh,Chandigarh,India
CUS005658,PREMIUM,Mumbai,Maharashtra,India
CUS005659,STANDARD,Mysuru,Karnataka,India
CUS005660,STANDARD,Madurai,Tamil Nadu,India
CUS005661,PREMIUM,Ahmedabad,Gujarat,India
CUS005662,STANDARD,Pune,Maharashtra,India
CUS005663,STANDARD,Kochi,Kerala,India
CUS005664,PREMIUM,Nagpur,Maharashtra,India
CUS005665,PREMIUM,Nashik,Maharashtra,India
CUS005666,STANDARD,Indore,Madhya Pradesh,India
CUS005667,STANDARD,Bengaluru,Karnataka,India
CUS005668,STANDARD,Bhubaneswar,Odisha,India
CUS005669,STANDARD,Madurai,Tamil Nadu,India
CUS005670,STANDARD,Ahmedabad,Gujarat,India
CUS005671,PREMIUM,Vijayawada,Andhra Pradesh,India
CUS005672,PREMIUM,Pune,Maharashtra,India
CUS005673,VIP,Mysuru,Karnataka,India
CUS005674,PREMIUM,Visakhapatnam,Andhra Pradesh,India
CUS005675,STANDARD,Kochi,Kerala,India
CUS005676,PREMIUM,Coimbatore,Tamil Nadu,India
CUS005677,STANDARD,Nashik,Maharashtra,India
CUS005678,STANDARD,Lucknow,Uttar Pradesh,India
CUS005679,STANDARD,Mumbai,Maharashtra,India
CUS005680,STANDARD,Nashik,Maharashtra,India
CUS005681,VIP,Bhopal,Madhya Pradesh,India
CUS005682,STANDARD,Hyderabad,Telangana,India
CUS005683,STANDARD,Gurugram,Haryana,India
CUS005684,VIP,Noida,Uttar Pradesh,India
CUS005685,STANDARD,Chandigarh,Chandigarh,India
CUS005686,STANDARD,Ahmedabad,Gujarat,India
CUS005687,STANDARD,Bhopal,Madhya Pradesh,India
CUS005688,STANDARD,Bengaluru,Karnataka,India
CUS005689,STANDARD,Nashik,Maharashtra,India
CUS005690,STANDARD,Mysuru,Karnataka,India
CUS005691,STANDARD,Bengaluru,Karnataka,India
CUS005692,PREMIUM,Bhopal,Madhya Pradesh,India
CUS005693,PREMIUM,Chandigarh,Chandigarh,India
CUS005694,VIP,Bengaluru,Karnataka,India
CUS005695,STANDARD,Gurugram,Haryana,India
CUS005696,PREMIUM,Surat,Gujarat,India
CUS005697,STANDARD,Nashik,Maharashtra,India
CUS005698,STANDARD,Chennai,Tamil Nadu,India
CUS005699,PREMIUM,Bhubaneswar,Odisha,India
CUS005700,VIP,Hyderabad,Telangana,India
CUS005701,VIP,Visakhapatnam,Andhra Pradesh,India
CUS005702,PREMIUM,Nashik,Maharashtra,India
CUS005703,STANDARD,Kolkata,West Bengal,India
CUS005704,PREMIUM,Surat,Gujarat,India
CUS005705,PREMIUM,Thiruvananthapuram,Kerala,India
CUS005706,STANDARD,Bengaluru,Karnataka,India
CUS005707,VIP,Bhubaneswar,Odisha,India
CUS005708,STANDARD,Vijayawada,Andhra Pradesh,India
CUS005709,STANDARD,Nagpur,Maharashtra,India
CUS005710,STANDARD,Bhubaneswar,Odisha,India
CUS005711,STANDARD,Bhopal,Madhya Pradesh,India
CUS005712,PREMIUM,Coimbatore,Tamil Nadu,India
CUS005713,VIP,Lucknow,Uttar Pradesh,India
CUS005714,VIP,Kochi,Kerala,India
CUS005715,VIP,Noida,Uttar Pradesh,India
CUS005716,STANDARD,Nagpur,Maharashtra,India
CUS005717,STANDARD,Vijayawada,Andhra Pradesh,India
CUS005718,STANDARD,Noida,Uttar Pradesh,India
CUS005719,STANDARD,Thiruvananthapuram,Kerala,India
CUS005720,PREMIUM,Visakhapatnam,Andhra Pradesh,India
CUS005721,PREMIUM,Noida,Uttar Pradesh,India
CUS005722,STANDARD,Nashik,Maharashtra,India
CUS005723,PREMIUM,Noida,Uttar Pradesh,India
CUS005724,PREMIUM,Bhubaneswar,Odisha,India
CUS005725,STANDARD,Kolkata,West Bengal,India
CUS005726,STANDARD,Bhubaneswar,Odisha,India
CUS005727,PREMIUM,Bhopal,Madhya Pradesh,India
CUS005728,STANDARD,Kochi,Kerala,India
CUS005729,STANDARD,Kolkata,West Bengal,India
CUS005730,STANDARD,Delhi,Delhi,India
CUS005731,PREMIUM,Coimbatore,Tamil Nadu,India
CUS005732,PREMIUM,Visakhapatnam,Andhra Pradesh,India
CUS005733,STANDARD,Kolkata,West Bengal,India
CUS005734,PREMIUM,Bhubaneswar,Odisha,India
CUS005735,STANDARD,Noida,Uttar Pradesh,India
CUS005736,PREMIUM,Bengaluru,Karnataka,India
CUS005737,VIP,Gurugram,Haryana,India
CUS005738,PREMIUM,Mysuru,Karnataka,India
CUS005739,STANDARD,Kochi,Kerala,India
CUS005740,PREMIUM,Delhi,Delhi,India
CUS005741,VIP,Nashik,Maharashtra,India
CUS005742,STANDARD,Nashik,Maharashtra,India
CUS005743,PREMIUM,Mumbai,Maharashtra,India
CUS005744,STANDARD,Gurugram,Haryana,India
CUS005745,PREMIUM,Mumbai,Maharashtra,India
CUS005746,PREMIUM,Thiruvananthapuram,Kerala,India
CUS005747,STANDARD,Visakhapatnam,Andhra Pradesh,India
CUS005748,STANDARD,Bengaluru,Karnataka,India
CUS005749,STANDARD,Ahmedabad,Gujarat,India
CUS005750,PREMIUM,Coimbatore,Tamil Nadu,India
CUS005751,STANDARD,Noida,Uttar Pradesh,India
CUS005752,PREMIUM,Madurai,Tamil Nadu,India
CUS005753,PREMIUM,Hyderabad,Telangana,India
CUS005754,STANDARD,Chennai,Tamil Nadu,India
CUS005755,STANDARD,Visakhapatnam,Andhra Pradesh,India
CUS005756,STANDARD,Coimbatore,Tamil Nadu,India
CUS005757,VIP,Pune,Maharashtra,India
CUS005758,VIP,Madurai,Tamil Nadu,India
CUS005759,STANDARD,Hyderabad,Telangana,India
CUS005760,STANDARD,Mysuru,Karnataka,India
CUS005761,STANDARD,Madurai,Tamil Nadu,India
CUS005762,STANDARD,Jaipur,Rajasthan,India
CUS005763,PREMIUM,Kolkata,West Bengal,India
CUS005764,PREMIUM,Vijayawada,Andhra Pradesh,India
CUS005765,STANDARD,Hyderabad,Telangana,India
CUS005766,STANDARD,Thiruvananthapuram,Kerala,India
CUS005767,STANDARD,Kochi,Kerala,India
CUS005768,STANDARD,Nashik,Maharashtra,India
CUS005769,STANDARD,Nashik,Maharashtra,India
CUS005770,PREMIUM,Pune,Maharashtra,India
CUS005771,STANDARD,Bengaluru,Karnataka,India
CUS005772,PREMIUM,Nagpur,Maharashtra,India
CUS005773,STANDARD,Nashik,Maharashtra,India
CUS005774,PREMIUM,Lucknow,Uttar Pradesh,India
CUS005775,VIP,Bhopal,Madhya Pradesh,India
CUS005776,PREMIUM,Madurai,Tamil Nadu,India
CUS005777,STANDARD,Madurai,Tamil Nadu,India
CUS005778,VIP,Lucknow,Uttar Pradesh,India
CUS005779,STANDARD,Bhopal,Madhya Pradesh,India
CUS005780,STANDARD,Vijayawada,Andhra Pradesh,India
CUS005781,STANDARD,Gurugram,Haryana,India
CUS005782,VIP,Coimbatore,Tamil Nadu,India
CUS005783,VIP,Mysuru,Karnataka,India
CUS005784,STANDARD,Jaipur,Rajasthan,India
CUS005785,STANDARD,Indore,Madhya Pradesh,India
CUS005786,STANDARD,Nashik,Maharashtra,India
CUS005787,VIP,Kolkata,West Bengal,India
CUS005788,PREMIUM,Jaipur,Rajasthan,India
CUS005789,STANDARD,Indore,Madhya Pradesh,India
CUS005790,STANDARD,Bhopal,Madhya Pradesh,India
CUS005791,STANDARD,Gurugram,Haryana,India
CUS005792,STANDARD,Thiruvananthapuram,Kerala,India
CUS005793,STANDARD,Gurugram,Haryana,India
CUS005794,PREMIUM,Chennai,Tamil Nadu,India
CUS005795,STANDARD,Delhi,Delhi,India
CUS005796,PREMIUM,Thiruvananthapuram,Kerala,India
CUS005797,STANDARD,Hyderabad,Telangana,India
CUS005798,STANDARD,Mumbai,Maharashtra,India
CUS005799,STANDARD,Bengaluru,Karnataka,India
CUS005800,VIP,Gurugram,Haryana,India
CUS005801,STANDARD,Bhubaneswar,Odisha,India
CUS005802,STANDARD,Jaipur,Rajasthan,India
CUS005803,PREMIUM,Vijayawada,Andhra Pradesh,India
CUS005804,PREMIUM,Mumbai,Maharashtra,India
CUS005805,PREMIUM,Lucknow,Uttar Pradesh,India
CUS005806,STANDARD,Nashik,Maharashtra,India
CUS005807,PREMIUM,Mumbai,Maharashtra,India
CUS005808,STANDARD,Thiruvananthapuram,Kerala,India
CUS005809,PREMIUM,Lucknow,Uttar Pradesh,India
CUS005810,STANDARD,Kolkata,West Bengal,India
CUS005811,STANDARD,Bhubaneswar,Odisha,India
CUS005812,STANDARD,Bhubaneswar,Odisha,India
CUS005813,STANDARD,Nashik,Maharashtra,India
CUS005814,VIP,Chandigarh,Chandigarh,India
CUS005815,PREMIUM,Chennai,Tamil Nadu,India
CUS005816,VIP,Vijayawada,Andhra Pradesh,India
CUS005817,PREMIUM,Coimbatore,Tamil Nadu,India
CUS005818,VIP,Bengaluru,Karnataka,India
CUS005819,STANDARD,Vijayawada,Andhra Pradesh,India
CUS005820,PREMIUM,Coimbatore,Tamil Nadu,India
CUS005821,STANDARD,Mumbai,Maharashtra,India
CUS005822,VIP,Mysuru,Karnataka,India
CUS005823,PREMIUM,Chennai,Tamil Nadu,India
CUS005824,VIP,Bhubaneswar,Odisha,India
CUS005825,PREMIUM,Jaipur,Rajasthan,India
CUS005826,STANDARD,Nashik,Maharashtra,India
CUS005827,PREMIUM,Thiruvananthapuram,Kerala,India
CUS005828,VIP,Indore,Madhya Pradesh,India
CUS005829,STANDARD,Mumbai,Maharashtra,India
CUS005830,STANDARD,Hyderabad,Telangana,India
CUS005831,STANDARD,Thiruvananthapuram,Kerala,India
CUS005832,PREMIUM,Coimbatore,Tamil Nadu,India
CUS005833,STANDARD,Mumbai,Maharashtra,India
CUS005834,VIP,Surat,Gujarat,India
CUS005835,PREMIUM,Bhopal,Madhya Pradesh,India
CUS005836,STANDARD,Coimbatore,Tamil Nadu,India
CUS005837,STANDARD,Indore,Madhya Pradesh,India
CUS005838,PREMIUM,Noida,Uttar Pradesh,India
CUS005839,STANDARD,Kochi,Kerala,India
CUS005840,VIP,Bengaluru,Karnataka,India
CUS005841,PREMIUM,Thiruvananthapuram,Kerala,India
CUS005842,PREMIUM,Visakhapatnam,Andhra Pradesh,India
CUS005843,STANDARD,Gurugram,Haryana,India
CUS005844,STANDARD,Thiruvananthapuram,Kerala,India
CUS005845,PREMIUM,Chennai,Tamil Nadu,India
CUS005846,PREMIUM,Surat,Gujarat,India
CUS005847,STANDARD,Bengaluru,Karnataka,India
CUS005848,STANDARD,Noida,Uttar Pradesh,India
CUS005849,PREMIUM,Surat,Gujarat,India
CUS005850,STANDARD,Bhopal,Madhya Pradesh,India
CUS005851,STANDARD,Jaipur,Rajasthan,India
CUS005852,PREMIUM,Hyderabad,Telangana,India
CUS005853,STANDARD,Surat,Gujarat,India
CUS005854,STANDARD,Mysuru,Karnataka,India
CUS005855,PREMIUM,Mumbai,Maharashtra,India
CUS005856,STANDARD,Thiruvananthapuram,Kerala,India
CUS005857,VIP,Visakhapatnam,Andhra Pradesh,India
CUS005858,PREMIUM,Delhi,Delhi,India
CUS005859,PREMIUM,Mysuru,Karnataka,India
CUS005860,VIP,Ahmedabad,Gujarat,India
CUS005861,STANDARD,Gurugram,Haryana,India
CUS005862,STANDARD,Vijayawada,Andhra Pradesh,India
CUS005863,STANDARD,Nagpur,Maharashtra,India
CUS005864,PREMIUM,Mumbai,Maharashtra,India
CUS005865,STANDARD,Pune,Maharashtra,India
CUS005866,PREMIUM,Mysuru,Karnataka,India
CUS005867,STANDARD,Nashik,Maharashtra,India
CUS005868,STANDARD,Vijayawada,Andhra Pradesh,India
CUS005869,PREMIUM,Mumbai,Maharashtra,India
CUS005870,VIP,Coimbatore,Tamil Nadu,India
CUS005871,STANDARD,Mumbai,Maharashtra,India
CUS005872,STANDARD,Bengaluru,Karnataka,India
CUS005873,STANDARD,Coimbatore,Tamil Nadu,India
CUS005874,PREMIUM,Chandigarh,Chandigarh,India
CUS005875,PREMIUM,Thiruvananthapuram,Kerala,India
CUS005876,STANDARD,Delhi,Delhi,India
CUS005877,STANDARD,Bhopal,Madhya Pradesh,India
CUS005878,VIP,Delhi,Delhi,India
CUS005879,PREMIUM,Noida,Uttar Pradesh,India
CUS005880,STANDARD,Surat,Gujarat,India
CUS005881,STANDARD,Mysuru,Karnataka,India
CUS005882,PREMIUM,Pune,Maharashtra,India
CUS005883,STANDARD,Coimbatore,Tamil Nadu,India
CUS005884,VIP,Chandigarh,Chandigarh,India
CUS005885,PREMIUM,Kochi,Kerala,India
CUS005886,PREMIUM,Hyderabad,Telangana,India
CUS005887,STANDARD,Nashik,Maharashtra,India
CUS005888,PREMIUM,Mysuru,Karnataka,India
CUS005889,STANDARD,Mysuru,Karnataka,India
CUS005890,PREMIUM,Surat,Gujarat,India
CUS005891,STANDARD,Thiruvananthapuram,Kerala,India
CUS005892,PREMIUM,Chandigarh,Chandigarh,India
CUS005893,VIP,Delhi,Delhi,India
CUS005894,STANDARD,Bhubaneswar,Odisha,India
CUS005895,STANDARD,Bengaluru,Karnataka,India
CUS005896,PREMIUM,Hyderabad,Telangana,India
CUS005897,STANDARD,Noida,Uttar Pradesh,India
CUS005898,STANDARD,Mysuru,Karnataka,India
CUS005899,PREMIUM,Mysuru,Karnataka,India
CUS005900,PREMIUM,Kochi,Kerala,India
CUS005901,STANDARD,Ahmedabad,Gujarat,India
CUS005902,PREMIUM,Madurai,Tamil Nadu,India
CUS005903,STANDARD,Nashik,Maharashtra,India
CUS005904,PREMIUM,Kolkata,West Bengal,India
CUS005905,STANDARD,Bhopal,Madhya Pradesh,India
CUS005906,VIP,Kolkata,West Bengal,India
CUS005907,STANDARD,Bhopal,Madhya Pradesh,India
CUS005908,STANDARD,Visakhapatnam,Andhra Pradesh,India
CUS005909,PREMIUM,Hyderabad,Telangana,India
CUS005910,PREMIUM,Hyderabad,Telangana,India
CUS005911,STANDARD,Visakhapatnam,Andhra Pradesh,India
CUS005912,STANDARD,Ahmedabad,Gujarat,India
CUS005913,PREMIUM,Bhubaneswar,Odisha,India
CUS005914,STANDARD,Nagpur,Maharashtra,India
CUS005915,STANDARD,Jaipur,Rajasthan,India
CUS005916,STANDARD,Chandigarh,Chandigarh,India
CUS005917,PREMIUM,Surat,Gujarat,India
CUS005918,STANDARD,Coimbatore,Tamil Nadu,India
CUS005919,PREMIUM,Jaipur,Rajasthan,India
CUS005920,STANDARD,Surat,Gujarat,India
CUS005921,PREMIUM,Pune,Maharashtra,India
CUS005922,PREMIUM,Delhi,Delhi,India
CUS005923,STANDARD,Thiruvananthapuram,Kerala,India
CUS005924,PREMIUM,Visakhapatnam,Andhra Pradesh,India
CUS005925,STANDARD,Visakhapatnam,Andhra Pradesh,India
CUS005926,STANDARD,Nagpur,Maharashtra,India
CUS005927,VIP,Bengaluru,Karnataka,India
CUS005928,STANDARD,Nashik,Maharashtra,India
CUS005929,STANDARD,Jaipur,Rajasthan,India
CUS005930,PREMIUM,Mysuru,Karnataka,India
CUS005931,VIP,Vijayawada,Andhra Pradesh,India
CUS005932,STANDARD,Chennai,Tamil Nadu,India
CUS005933,VIP,Nashik,Maharashtra,India
CUS005934,VIP,Surat,Gujarat,India
CUS005935,VIP,Kolkata,West Bengal,India
CUS005936,STANDARD,Bhopal,Madhya Pradesh,India
CUS005937,STANDARD,Bhopal,Madhya Pradesh,India
CUS005938,STANDARD,Kolkata,West Bengal,India
CUS005939,VIP,Ahmedabad,Gujarat,India
CUS005940,STANDARD,Vijayawada,Andhra Pradesh,India
CUS005941,VIP,Lucknow,Uttar Pradesh,India
CUS005942,STANDARD,Kochi,Kerala,India
CUS005943,VIP,Mysuru,Karnataka,India
CUS005944,VIP,Mysuru,Karnataka,India
CUS005945,PREMIUM,Mumbai,Maharashtra,India
CUS005946,VIP,Jaipur,Rajasthan,India
CUS005947,STANDARD,Noida,Uttar Pradesh,India
CUS005948,STANDARD,Nagpur,Maharashtra,India
CUS005949,PREMIUM,Delhi,Delhi,India
CUS005950,PREMIUM,Nashik,Maharashtra,India
CUS005951,STANDARD,Nashik,Maharashtra,India
CUS005952,STANDARD,Noida,Uttar Pradesh,India
CUS005953,STANDARD,Vijayawada,Andhra Pradesh,India
CUS005954,PREMIUM,Kolkata,West Bengal,India
CUS005955,STANDARD,Madurai,Tamil Nadu,India
CUS005956,STANDARD,Nashik,Maharashtra,India
CUS005957,PREMIUM,Madurai,Tamil Nadu,India
CUS005958,STANDARD,Gurugram,Haryana,India
CUS005959,STANDARD,Ahmedabad,Gujarat,India
CUS005960,VIP,Jaipur,Rajasthan,India
CUS005961,VIP,Visakhapatnam,Andhra Pradesh,India
CUS005962,STANDARD,Jaipur,Rajasthan,India
CUS005963,STANDARD,Hyderabad,Telangana,India
CUS005964,STANDARD,Kochi,Kerala,India
CUS005965,STANDARD,Gurugram,Haryana,India
CUS005966,VIP,Indore,Madhya Pradesh,India
CUS005967,STANDARD,Lucknow,Uttar Pradesh,India
CUS005968,VIP,Kolkata,West Bengal,India
CUS005969,PREMIUM,Bhopal,Madhya Pradesh,India
CUS005970,PREMIUM,Noida,Uttar Pradesh,India
CUS005971,STANDARD,Vijayawada,Andhra Pradesh,India
CUS005972,VIP,Mysuru,Karnataka,India
CUS005973,PREMIUM,Nashik,Maharashtra,India
CUS005974,STANDARD,Vijayawada,Andhra Pradesh,India
CUS005975,STANDARD,Thiruvananthapuram,Kerala,India
CUS005976,PREMIUM,Madurai,Tamil Nadu,India
CUS005977,STANDARD,Bhopal,Madhya Pradesh,India
CUS005978,PREMIUM,Visakhapatnam,Andhra Pradesh,India
CUS005979,STANDARD,Hyderabad,Telangana,India
CUS005980,STANDARD,Mumbai,Maharashtra,India
CUS005981,STANDARD,Visakhapatnam,Andhra Pradesh,India
CUS005982,PREMIUM,Surat,Gujarat,India
CUS005983,PREMIUM,Mumbai,Maharashtra,India
CUS005984,STANDARD,Mysuru,Karnataka,India
CUS005985,VIP,Kochi,Kerala,India
CUS005986,PREMIUM,Thiruvananthapuram,Kerala,India
CUS005987,STANDARD,Visakhapatnam,Andhra Pradesh,India
CUS005988,STANDARD,Coimbatore,Tamil Nadu,India
CUS005989,VIP,Visakhapatnam,Andhra Pradesh,India
CUS005990,STANDARD,Visakhapatnam,Andhra Pradesh,India
CUS005991,STANDARD,Mumbai,Maharashtra,India
CUS005992,PREMIUM,Coimbatore,Tamil Nadu,India
CUS005993,STANDARD,Kolkata,West Bengal,India
CUS005994,VIP,Coimbatore,Tamil Nadu,India
CUS005995,PREMIUM,Kolkata,West Bengal,India
CUS005996,STANDARD,Kolkata,West Bengal,India
CUS005997,VIP,Gurugram,Haryana,India
CUS005998,STANDARD,Delhi,Delhi,India
CUS005999,VIP,Kochi,Kerala,India
CUS006000,STANDARD,Surat,Gujarat,India
CUS006001,VIP,Visakhapatnam,Andhra Pradesh,India
CUS006002,STANDARD,Chandigarh,Chandigarh,India
CUS006003,VIP,Bengaluru,Karnataka,India
CUS006004,PREMIUM,Mysuru,Karnataka,India
CUS006005,VIP,Nagpur,Maharashtra,India
CUS006006,PREMIUM,Vijayawada,Andhra Pradesh,India
CUS006007,PREMIUM,Vijayawada,Andhra Pradesh,India
CUS006008,STANDARD,Thiruvananthapuram,Kerala,India
CUS006009,VIP,Surat,Gujarat,India
CUS006010,VIP,Kolkata,West Bengal,India
CUS006011,STANDARD,Kolkata,West Bengal,India
CUS006012,VIP,Delhi,Delhi,India
CUS006013,PREMIUM,Chennai,Tamil Nadu,India
CUS006014,STANDARD,Surat,Gujarat,India
CUS006015,PREMIUM,Surat,Gujarat,India
CUS006016,STANDARD,Madurai,Tamil Nadu,India
CUS006017,STANDARD,Pune,Maharashtra,India
CUS006018,STANDARD,Indore,Madhya Pradesh,India
CUS006019,STANDARD,Lucknow,Uttar Pradesh,India
CUS006020,STANDARD,Thiruvananthapuram,Kerala,India
CUS006021,VIP,Vijayawada,Andhra Pradesh,India
CUS006022,STANDARD,Vijayawada,Andhra Pradesh,India
CUS006023,STANDARD,Bhubaneswar,Odisha,India
CUS006024,VIP,Bhubaneswar,Odisha,India
CUS006025,STANDARD,Chandigarh,Chandigarh,India
CUS006026,STANDARD,Nashik,Maharashtra,India
CUS006027,PREMIUM,Indore,Madhya Pradesh,India
CUS006028,PREMIUM,Bhubaneswar,Odisha,India
CUS006029,STANDARD,Nagpur,Maharashtra,India
CUS006030,STANDARD,Jaipur,Rajasthan,India
CUS006031,STANDARD,Nashik,Maharashtra,India
CUS006032,STANDARD,Indore,Madhya Pradesh,India
CUS006033,STANDARD,Visakhapatnam,Andhra Pradesh,India
CUS006034,VIP,Jaipur,Rajasthan,India
CUS006035,STANDARD,Mumbai,Maharashtra,India
CUS006036,STANDARD,Chennai,Tamil Nadu,India
CUS006037,PREMIUM,Bhopal,Madhya Pradesh,India
CUS006038,STANDARD,Madurai,Tamil Nadu,India
CUS006039,PREMIUM,Kochi,Kerala,India
CUS006040,STANDARD,Ahmedabad,Gujarat,India
CUS006041,STANDARD,Noida,Uttar Pradesh,India
CUS006042,PREMIUM,Vijayawada,Andhra Pradesh,India
CUS006043,STANDARD,Thiruvananthapuram,Kerala,India
CUS006044,STANDARD,Lucknow,Uttar Pradesh,India
CUS006045,STANDARD,Indore,Madhya Pradesh,India
CUS006046,PREMIUM,Hyderabad,Telangana,India
CUS006047,STANDARD,Chandigarh,Chandigarh,India
CUS006048,PREMIUM,Nagpur,Maharashtra,India
CUS006049,VIP,Mumbai,Maharashtra,India
CUS006050,STANDARD,Thiruvananthapuram,Kerala,India
CUS006051,STANDARD,Noida,Uttar Pradesh,India
CUS006052,STANDARD,Chandigarh,Chandigarh,India
CUS006053,STANDARD,Mumbai,Maharashtra,India
CUS006054,PREMIUM,Bhubaneswar,Odisha,India
CUS006055,PREMIUM,Surat,Gujarat,India
CUS006056,STANDARD,Nagpur,Maharashtra,India
CUS006057,VIP,Gurugram,Haryana,India
CUS006058,VIP,Indore,Madhya Pradesh,India
CUS006059,PREMIUM,Kochi,Kerala,India
CUS006060,STANDARD,Vijayawada,Andhra Pradesh,India
CUS006061,PREMIUM,Noida,Uttar Pradesh,India
CUS006062,PREMIUM,Vijayawada,Andhra Pradesh,India
CUS006063,STANDARD,Coimbatore,Tamil Nadu,India
CUS006064,PREMIUM,Jaipur,Rajasthan,India
CUS006065,STANDARD,Delhi,Delhi,India
CUS006066,PREMIUM,Visakhapatnam,Andhra Pradesh,India
CUS006067,PREMIUM,Kochi,Kerala,India
CUS006068,PREMIUM,Nagpur,Maharashtra,India
CUS006069,STANDARD,Nagpur,Maharashtra,India
CUS006070,PREMIUM,Chandigarh,Chandigarh,India
CUS006071,STANDARD,Mysuru,Karnataka,India
CUS006072,PREMIUM,Nashik,Maharashtra,India
CUS006073,STANDARD,Lucknow,Uttar Pradesh,India
CUS006074,PREMIUM,Jaipur,Rajasthan,India
CUS006075,STANDARD,Chennai,Tamil Nadu,India
CUS006076,STANDARD,Lucknow,Uttar Pradesh,India
CUS006077,PREMIUM,Bengaluru,Karnataka,India
CUS006078,STANDARD,Bhopal,Madhya Pradesh,India
CUS006079,STANDARD,Nagpur,Maharashtra,India
CUS006080,STANDARD,Mysuru,Karnataka,India
CUS006081,PREMIUM,Ahmedabad,Gujarat,India
CUS006082,PREMIUM,Lucknow,Uttar Pradesh,India
CUS006083,PREMIUM,Jaipur,Rajasthan,India
CUS006084,PREMIUM,Mysuru,Karnataka,India
CUS006085,STANDARD,Jaipur,Rajasthan,India
CUS006086,VIP,Ahmedabad,Gujarat,India
CUS006087,PREMIUM,Nashik,Maharashtra,India
CUS006088,STANDARD,Vijayawada,Andhra Pradesh,India
CUS006089,STANDARD,Kochi,Kerala,India
CUS006090,STANDARD,Pune,Maharashtra,India
CUS006091,STANDARD,Hyderabad,Telangana,India
CUS006092,STANDARD,Noida,Uttar Pradesh,India
CUS006093,STANDARD,Bhubaneswar,Odisha,India
CUS006094,STANDARD,Delhi,Delhi,India
CUS006095,VIP,Ahmedabad,Gujarat,India
CUS006096,VIP,Chennai,Tamil Nadu,India
CUS006097,STANDARD,Pune,Maharashtra,India
CUS006098,STANDARD,Vijayawada,Andhra Pradesh,India
CUS006099,PREMIUM,Chandigarh,Chandigarh,India
CUS006100,VIP,Jaipur,Rajasthan,India
CUS006101,STANDARD,Bhubaneswar,Odisha,India
CUS006102,STANDARD,Coimbatore,Tamil Nadu,India
CUS006103,PREMIUM,Hyderabad,Telangana,India
CUS006104,PREMIUM,Indore,Madhya Pradesh,India
CUS006105,PREMIUM,Nagpur,Maharashtra,India
CUS006106,STANDARD,Vijayawada,Andhra Pradesh,India
CUS006107,VIP,Bengaluru,Karnataka,India
CUS006108,STANDARD,Pune,Maharashtra,India
CUS006109,PREMIUM,Pune,Maharashtra,India
CUS006110,STANDARD,Kolkata,West Bengal,India
CUS006111,STANDARD,Kochi,Kerala,India
CUS006112,PREMIUM,Hyderabad,Telangana,India
CUS006113,STANDARD,Mysuru,Karnataka,India
CUS006114,STANDARD,Mumbai,Maharashtra,India
CUS006115,STANDARD,Mumbai,Maharashtra,India
CUS006116,PREMIUM,Ahmedabad,Gujarat,India
CUS006117,VIP,Madurai,Tamil Nadu,India
CUS006118,VIP,Thiruvananthapuram,Kerala,India
CUS006119,PREMIUM,Mumbai,Maharashtra,India
CUS006120,STANDARD,Vijayawada,Andhra Pradesh,India
CUS006121,PREMIUM,Madurai,Tamil Nadu,India
CUS006122,STANDARD,Bhopal,Madhya Pradesh,India
CUS006123,VIP,Hyderabad,Telangana,India
CUS006124,PREMIUM,Hyderabad,Telangana,India
CUS006125,STANDARD,Delhi,Delhi,India
CUS006126,STANDARD,Visakhapatnam,Andhra Pradesh,India
CUS006127,STANDARD,Jaipur,Rajasthan,India
CUS006128,STANDARD,Coimbatore,Tamil Nadu,India
CUS006129,PREMIUM,Chennai,Tamil Nadu,India
CUS006130,STANDARD,Pune,Maharashtra,India
CUS006131,STANDARD,Lucknow,Uttar Pradesh,India
CUS006132,STANDARD,Surat,Gujarat,India
CUS006133,PREMIUM,Lucknow,Uttar Pradesh,India
CUS006134,PREMIUM,Indore,Madhya Pradesh,India
CUS006135,STANDARD,Surat,Gujarat,India
CUS006136,STANDARD,Chandigarh,Chandigarh,India
CUS006137,STANDARD,Indore,Madhya Pradesh,India
CUS006138,STANDARD,Pune,Maharashtra,India
CUS006139,STANDARD,Pune,Maharashtra,India
CUS006140,STANDARD,Visakhapatnam,Andhra Pradesh,India
CUS006141,STANDARD,Mysuru,Karnataka,India
CUS006142,STANDARD,Chennai,Tamil Nadu,India
CUS006143,VIP,Jaipur,Rajasthan,India
CUS006144,STANDARD,Lucknow,Uttar Pradesh,India
CUS006145,PREMIUM,Delhi,Delhi,India
CUS006146,PREMIUM,Madurai,Tamil Nadu,India
CUS006147,STANDARD,Thiruvananthapuram,Kerala,India
CUS006148,STANDARD,Thiruvananthapuram,Kerala,India
CUS006149,STANDARD,Nagpur,Maharashtra,India
CUS006150,STANDARD,Ahmedabad,Gujarat,India
CUS006151,VIP,Vijayawada,Andhra Pradesh,India
CUS006152,STANDARD,Indore,Madhya Pradesh,India
CUS006153,PREMIUM,Lucknow,Uttar Pradesh,India
CUS006154,STANDARD,Bhopal,Madhya Pradesh,India
CUS006155,PREMIUM,Coimbatore,Tamil Nadu,India
CUS006156,VIP,Mysuru,Karnataka,India
CUS006157,PREMIUM,Lucknow,Uttar Pradesh,India
CUS006158,STANDARD,Bengaluru,Karnataka,India
CUS006159,PREMIUM,Bhopal,Madhya Pradesh,India
CUS006160,STANDARD,Kolkata,West Bengal,India
CUS006161,STANDARD,Pune,Maharashtra,India
CUS006162,VIP,Hyderabad,Telangana,India
CUS006163,PREMIUM,Jaipur,Rajasthan,India
CUS006164,STANDARD,Bengaluru,Karnataka,India
CUS006165,STANDARD,Noida,Uttar Pradesh,India
CUS006166,STANDARD,Kolkata,West Bengal,India
CUS006167,VIP,Mysuru,Karnataka,India
CUS006168,STANDARD,Ahmedabad,Gujarat,India
CUS006169,STANDARD,Nashik,Maharashtra,India
CUS006170,STANDARD,Indore,Madhya Pradesh,India
CUS006171,STANDARD,Pune,Maharashtra,India
CUS006172,PREMIUM,Bhopal,Madhya Pradesh,India
CUS006173,PREMIUM,Kochi,Kerala,India
CUS006174,STANDARD,Nashik,Maharashtra,India
CUS006175,STANDARD,Vijayawada,Andhra Pradesh,India
CUS006176,STANDARD,Bengaluru,Karnataka,India
CUS006177,PREMIUM,Surat,Gujarat,India
CUS006178,STANDARD,Mysuru,Karnataka,India
CUS006179,STANDARD,Pune,Maharashtra,India
CUS006180,PREMIUM,Jaipur,Rajasthan,India
CUS006181,STANDARD,Vijayawada,Andhra Pradesh,India
CUS006182,PREMIUM,Madurai,Tamil Nadu,India
CUS006183,STANDARD,Visakhapatnam,Andhra Pradesh,India
CUS006184,STANDARD,Lucknow,Uttar Pradesh,India
CUS006185,STANDARD,Madurai,Tamil Nadu,India
CUS006186,PREMIUM,Thiruvananthapuram,Kerala,India
CUS006187,STANDARD,Ahmedabad,Gujarat,India
CUS006188,STANDARD,Thiruvananthapuram,Kerala,India
CUS006189,PREMIUM,Pune,Maharashtra,India
CUS006190,STANDARD,Bhubaneswar,Odisha,India
CUS006191,PREMIUM,Mumbai,Maharashtra,India
CUS006192,STANDARD,Bhubaneswar,Odisha,India
CUS006193,PREMIUM,Bengaluru,Karnataka,India
CUS006194,STANDARD,Noida,Uttar Pradesh,India
CUS006195,VIP,Chennai,Tamil Nadu,India
CUS006196,PREMIUM,Jaipur,Rajasthan,India
CUS006197,VIP,Hyderabad,Telangana,India
CUS006198,STANDARD,Indore,Madhya Pradesh,India
CUS006199,STANDARD,Chandigarh,Chandigarh,India
CUS006200,PREMIUM,Ahmedabad,Gujarat,India
CUS006201,VIP,Indore,Madhya Pradesh,India
CUS006202,PREMIUM,Mysuru,Karnataka,India
CUS006203,PREMIUM,Visakhapatnam,Andhra Pradesh,India
CUS006204,VIP,Surat,Gujarat,India
CUS006205,PREMIUM,Surat,Gujarat,India
CUS006206,STANDARD,Bengaluru,Karnataka,India
CUS006207,PREMIUM,Madurai,Tamil Nadu,India
CUS006208,STANDARD,Indore,Madhya Pradesh,India
CUS006209,STANDARD,Delhi,Delhi,India
CUS006210,VIP,Bengaluru,Karnataka,India
CUS006211,STANDARD,Bengaluru,Karnataka,India
CUS006212,PREMIUM,Lucknow,Uttar Pradesh,India
CUS006213,STANDARD,Mysuru,Karnataka,India
CUS006214,PREMIUM,Surat,Gujarat,India
CUS006215,PREMIUM,Pune,Maharashtra,India
CUS006216,STANDARD,Bengaluru,Karnataka,India
CUS006217,VIP,Bengaluru,Karnataka,India
CUS006218,VIP,Bengaluru,Karnataka,India
CUS006219,PREMIUM,Chandigarh,Chandigarh,India
CUS006220,STANDARD,Mumbai,Maharashtra,India
CUS006221,PREMIUM,Mysuru,Karnataka,India
CUS006222,STANDARD,Thiruvananthapuram,Kerala,India
CUS006223,STANDARD,Bengaluru,Karnataka,India
CUS006224,PREMIUM,Visakhapatnam,Andhra Pradesh,India
CUS006225,PREMIUM,Mumbai,Maharashtra,India
CUS006226,PREMIUM,Mumbai,Maharashtra,India
CUS006227,STANDARD,Pune,Maharashtra,India
CUS006228,VIP,Vijayawada,Andhra Pradesh,India
CUS006229,STANDARD,Ahmedabad,Gujarat,India
CUS006230,STANDARD,Hyderabad,Telangana,India
CUS006231,STANDARD,Surat,Gujarat,India
CUS006232,PREMIUM,Bengaluru,Karnataka,India
CUS006233,STANDARD,Ahmedabad,Gujarat,India
CUS006234,PREMIUM,Nagpur,Maharashtra,India
CUS006235,STANDARD,Gurugram,Haryana,India
CUS006236,STANDARD,Bhubaneswar,Odisha,India
CUS006237,PREMIUM,Bengaluru,Karnataka,India
CUS006238,STANDARD,Delhi,Delhi,India
CUS006239,STANDARD,Kochi,Kerala,India
CUS006240,PREMIUM,Delhi,Delhi,India
CUS006241,STANDARD,Kochi,Kerala,India
CUS006242,STANDARD,Lucknow,Uttar Pradesh,India
CUS006243,STANDARD,Kochi,Kerala,India
CUS006244,VIP,Gurugram,Haryana,India
CUS006245,PREMIUM,Kolkata,West Bengal,India
CUS006246,STANDARD,Surat,Gujarat,India
CUS006247,PREMIUM,Pune,Maharashtra,India
CUS006248,STANDARD,Bhopal,Madhya Pradesh,India
CUS006249,VIP,Pune,Maharashtra,India
CUS006250,STANDARD,Bengaluru,Karnataka,India
CUS006251,VIP,Mumbai,Maharashtra,India
CUS006252,PREMIUM,Coimbatore,Tamil Nadu,India
CUS006253,STANDARD,Bhopal,Madhya Pradesh,India
CUS006254,STANDARD,Jaipur,Rajasthan,India
CUS006255,STANDARD,Coimbatore,Tamil Nadu,India
CUS006256,PREMIUM,Nagpur,Maharashtra,India
CUS006257,STANDARD,Visakhapatnam,Andhra Pradesh,India
CUS006258,STANDARD,Kolkata,West Bengal,India
CUS006259,STANDARD,Lucknow,Uttar Pradesh,India
CUS006260,PREMIUM,Chennai,Tamil Nadu,India
CUS006261,VIP,Coimbatore,Tamil Nadu,India
CUS006262,STANDARD,Hyderabad,Telangana,India
CUS006263,PREMIUM,Kochi,Kerala,India
CUS006264,STANDARD,Mysuru,Karnataka,India
CUS006265,STANDARD,Mumbai,Maharashtra,India
CUS006266,STANDARD,Jaipur,Rajasthan,India
CUS006267,PREMIUM,Chennai,Tamil Nadu,India
CUS006268,STANDARD,Kochi,Kerala,India
CUS006269,STANDARD,Vijayawada,Andhra Pradesh,India
CUS006270,STANDARD,Jaipur,Rajasthan,India
CUS006271,STANDARD,Gurugram,Haryana,India
CUS006272,STANDARD,Pune,Maharashtra,India
CUS006273,PREMIUM,Delhi,Delhi,India
CUS006274,STANDARD,Mumbai,Maharashtra,India
CUS006275,STANDARD,Jaipur,Rajasthan,India
CUS006276,STANDARD,Chandigarh,Chandigarh,India
CUS006277,VIP,Kolkata,West Bengal,India
CUS006278,VIP,Bhubaneswar,Odisha,India
CUS006279,PREMIUM,Kolkata,West Bengal,India
CUS006280,STANDARD,Bhopal,Madhya Pradesh,India
CUS006281,PREMIUM,Noida,Uttar Pradesh,India
CUS006282,STANDARD,Surat,Gujarat,India
CUS006283,VIP,Thiruvananthapuram,Kerala,India
CUS006284,PREMIUM,Delhi,Delhi,India
CUS006285,VIP,Bhubaneswar,Odisha,India
CUS006286,STANDARD,Nagpur,Maharashtra,India
CUS006287,PREMIUM,Lucknow,Uttar Pradesh,India
CUS006288,PREMIUM,Kolkata,West Bengal,India
CUS006289,PREMIUM,Kochi,Kerala,India
CUS006290,PREMIUM,Indore,Madhya Pradesh,India
CUS006291,VIP,Ahmedabad,Gujarat,India
CUS006292,PREMIUM,Nashik,Maharashtra,India
CUS006293,STANDARD,Chandigarh,Chandigarh,India
CUS006294,PREMIUM,Jaipur,Rajasthan,India
CUS006295,PREMIUM,Thiruvananthapuram,Kerala,India
CUS006296,PREMIUM,Kolkata,West Bengal,India
CUS006297,STANDARD,Chennai,Tamil Nadu,India
CUS006298,PREMIUM,Noida,Uttar Pradesh,India
CUS006299,STANDARD,Mysuru,Karnataka,India
CUS006300,STANDARD,Chennai,Tamil Nadu,India
CUS006301,STANDARD,Chandigarh,Chandigarh,India
CUS006302,PREMIUM,Lucknow,Uttar Pradesh,India
CUS006303,VIP,Chennai,Tamil Nadu,India
CUS006304,VIP,Nashik,Maharashtra,India
CUS006305,PREMIUM,Lucknow,Uttar Pradesh,India
CUS006306,PREMIUM,Indore,Madhya Pradesh,India
CUS006307,STANDARD,Coimbatore,Tamil Nadu,India
CUS006308,PREMIUM,Coimbatore,Tamil Nadu,India
CUS006309,STANDARD,Kolkata,West Bengal,India
CUS006310,VIP,Coimbatore,Tamil Nadu,India
CUS006311,PREMIUM,Vijayawada,Andhra Pradesh,India
CUS006312,PREMIUM,Lucknow,Uttar Pradesh,India
CUS006313,PREMIUM,Chandigarh,Chandigarh,India
CUS006314,PREMIUM,Lucknow,Uttar Pradesh,India
CUS006315,PREMIUM,Delhi,Delhi,India
CUS006316,PREMIUM,Lucknow,Uttar Pradesh,India
CUS006317,PREMIUM,Thiruvananthapuram,Kerala,India
CUS006318,STANDARD,Thiruvananthapuram,Kerala,India
CUS006319,STANDARD,Jaipur,Rajasthan,India
CUS006320,STANDARD,Chandigarh,Chandigarh,India
CUS006321,STANDARD,Chennai,Tamil Nadu,India
CUS006322,STANDARD,Nashik,Maharashtra,India
CUS006323,PREMIUM,Hyderabad,Telangana,India
CUS006324,STANDARD,Kolkata,West Bengal,India
CUS006325,PREMIUM,Surat,Gujarat,India
CUS006326,STANDARD,Kochi,Kerala,India
CUS006327,PREMIUM,Gurugram,Haryana,India
CUS006328,STANDARD,Mumbai,Maharashtra,India
CUS006329,PREMIUM,Nashik,Maharashtra,India
CUS006330,PREMIUM,Bengaluru,Karnataka,India
CUS006331,PREMIUM,Bhopal,Madhya Pradesh,India
CUS006332,STANDARD,Indore,Madhya Pradesh,India
CUS006333,STANDARD,Delhi,Delhi,India
CUS006334,STANDARD,Hyderabad,Telangana,India
CUS006335,STANDARD,Bhopal,Madhya Pradesh,India
CUS006336,STANDARD,Nagpur,Maharashtra,India
CUS006337,PREMIUM,Kolkata,West Bengal,India
CUS006338,PREMIUM,Madurai,Tamil Nadu,India
CUS006339,STANDARD,Coimbatore,Tamil Nadu,India
CUS006340,VIP,Madurai,Tamil Nadu,India
CUS006341,STANDARD,Ahmedabad,Gujarat,India
CUS006342,STANDARD,Bhopal,Madhya Pradesh,India
CUS006343,STANDARD,Nashik,Maharashtra,India
CUS006344,PREMIUM,Chennai,Tamil Nadu,India
CUS006345,PREMIUM,Jaipur,Rajasthan,India
CUS006346,VIP,Nashik,Maharashtra,India
CUS006347,STANDARD,Pune,Maharashtra,India
CUS006348,STANDARD,Indore,Madhya Pradesh,India
CUS006349,PREMIUM,Visakhapatnam,Andhra Pradesh,India
CUS006350,PREMIUM,Kochi,Kerala,India
CUS006351,PREMIUM,Indore,Madhya Pradesh,India
CUS006352,PREMIUM,Mysuru,Karnataka,India
CUS006353,STANDARD,Bhopal,Madhya Pradesh,India
CUS006354,STANDARD,Indore,Madhya Pradesh,India
CUS006355,PREMIUM,Indore,Madhya Pradesh,India
CUS006356,STANDARD,Kolkata,West Bengal,India
CUS006357,STANDARD,Delhi,Delhi,India
CUS006358,PREMIUM,Surat,Gujarat,India
CUS006359,VIP,Coimbatore,Tamil Nadu,India
CUS006360,PREMIUM,Kochi,Kerala,India
CUS006361,STANDARD,Madurai,Tamil Nadu,India
CUS006362,STANDARD,Visakhapatnam,Andhra Pradesh,India
CUS006363,VIP,Kolkata,West Bengal,India
CUS006364,STANDARD,Surat,Gujarat,India
CUS006365,STANDARD,Bhubaneswar,Odisha,India
CUS006366,STANDARD,Lucknow,Uttar Pradesh,India
CUS006367,STANDARD,Vijayawada,Andhra Pradesh,India
CUS006368,PREMIUM,Pune,Maharashtra,India
CUS006369,PREMIUM,Kolkata,West Bengal,India
CUS006370,PREMIUM,Surat,Gujarat,India
CUS006371,STANDARD,Hyderabad,Telangana,India
CUS006372,PREMIUM,Chennai,Tamil Nadu,India
CUS006373,STANDARD,Chennai,Tamil Nadu,India
CUS006374,STANDARD,Delhi,Delhi,India
CUS006375,VIP,Indore,Madhya Pradesh,India
CUS006376,PREMIUM,Noida,Uttar Pradesh,India
CUS006377,STANDARD,Kolkata,West Bengal,India
CUS006378,PREMIUM,Surat,Gujarat,India
CUS006379,STANDARD,Chennai,Tamil Nadu,India
CUS006380,STANDARD,Coimbatore,Tamil Nadu,India
CUS006381,STANDARD,Gurugram,Haryana,India
CUS006382,STANDARD,Mysuru,Karnataka,India
CUS006383,PREMIUM,Vijayawada,Andhra Pradesh,India
CUS006384,STANDARD,Lucknow,Uttar Pradesh,India
CUS006385,STANDARD,Mysuru,Karnataka,India
CUS006386,STANDARD,Jaipur,Rajasthan,India
CUS006387,VIP,Lucknow,Uttar Pradesh,India
CUS006388,STANDARD,Bengaluru,Karnataka,India
CUS006389,STANDARD,Nashik,Maharashtra,India
CUS006390,PREMIUM,Ahmedabad,Gujarat,India
CUS006391,STANDARD,Bhubaneswar,Odisha,India
CUS006392,PREMIUM,Mumbai,Maharashtra,India
CUS006393,PREMIUM,Pune,Maharashtra,India
CUS006394,STANDARD,Ahmedabad,Gujarat,India
CUS006395,PREMIUM,Mumbai,Maharashtra,India
CUS006396,STANDARD,Mumbai,Maharashtra,India
CUS006397,STANDARD,Noida,Uttar Pradesh,India
CUS006398,PREMIUM,Surat,Gujarat,India
CUS006399,PREMIUM,Indore,Madhya Pradesh,India
CUS006400,STANDARD,Kolkata,West Bengal,India
CUS006401,STANDARD,Visakhapatnam,Andhra Pradesh,India
CUS006402,VIP,Nashik,Maharashtra,India
CUS006403,STANDARD,Bhopal,Madhya Pradesh,India
CUS006404,PREMIUM,Visakhapatnam,Andhra Pradesh,India
CUS006405,STANDARD,Vijayawada,Andhra Pradesh,India
CUS006406,STANDARD,Nagpur,Maharashtra,India
CUS006407,VIP,Bengaluru,Karnataka,India
CUS006408,STANDARD,Thiruvananthapuram,Kerala,India
CUS006409,STANDARD,Coimbatore,Tamil Nadu,India
CUS006410,STANDARD,Indore,Madhya Pradesh,India
CUS006411,STANDARD,Indore,Madhya Pradesh,India
CUS006412,STANDARD,Chennai,Tamil Nadu,India
CUS006413,STANDARD,Kolkata,West Bengal,India
CUS006414,PREMIUM,Bengaluru,Karnataka,India
CUS006415,VIP,Kochi,Kerala,India
CUS006416,VIP,Kolkata,West Bengal,India
CUS006417,STANDARD,Bhubaneswar,Odisha,India
CUS006418,VIP,Bhopal,Madhya Pradesh,India
CUS006419,STANDARD,Chennai,Tamil Nadu,India
CUS006420,STANDARD,Hyderabad,Telangana,India
CUS006421,PREMIUM,Bhopal,Madhya Pradesh,India
CUS006422,STANDARD,Chennai,Tamil Nadu,India
CUS006423,VIP,Ahmedabad,Gujarat,India
CUS006424,STANDARD,Kochi,Kerala,India
CUS006425,VIP,Kochi,Kerala,India
CUS006426,STANDARD,Mumbai,Maharashtra,India
CUS006427,PREMIUM,Delhi,Delhi,India
CUS006428,STANDARD,Madurai,Tamil Nadu,India
CUS006429,STANDARD,Thiruvananthapuram,Kerala,India
CUS006430,PREMIUM,Bengaluru,Karnataka,India
CUS006431,PREMIUM,Delhi,Delhi,India
CUS006432,VIP,Gurugram,Haryana,India
CUS006433,STANDARD,Vijayawada,Andhra Pradesh,India
CUS006434,STANDARD,Delhi,Delhi,India
CUS006435,STANDARD,Kochi,Kerala,India
CUS006436,VIP,Kolkata,West Bengal,India
CUS006437,STANDARD,Indore,Madhya Pradesh,India
CUS006438,PREMIUM,Mumbai,Maharashtra,India
CUS006439,PREMIUM,Nagpur,Maharashtra,India
CUS006440,PREMIUM,Ahmedabad,Gujarat,India
CUS006441,VIP,Noida,Uttar Pradesh,India
CUS006442,STANDARD,Gurugram,Haryana,India
CUS006443,VIP,Hyderabad,Telangana,India
CUS006444,PREMIUM,Bengaluru,Karnataka,India
CUS006445,VIP,Madurai,Tamil Nadu,India
CUS006446,STANDARD,Surat,Gujarat,India
CUS006447,STANDARD,Kochi,Kerala,India
CUS006448,PREMIUM,Vijayawada,Andhra Pradesh,India
CUS006449,STANDARD,Thiruvananthapuram,Kerala,India
CUS006450,STANDARD,Mysuru,Karnataka,India
CUS006451,VIP,Mysuru,Karnataka,India
CUS006452,PREMIUM,Vijayawada,Andhra Pradesh,India
CUS006453,VIP,Chandigarh,Chandigarh,India
CUS006454,PREMIUM,Madurai,Tamil Nadu,India
CUS006455,PREMIUM,Coimbatore,Tamil Nadu,India
CUS006456,STANDARD,Vijayawada,Andhra Pradesh,India
CUS006457,STANDARD,Nashik,Maharashtra,India
CUS006458,STANDARD,Nashik,Maharashtra,India
CUS006459,PREMIUM,Hyderabad,Telangana,India
CUS006460,STANDARD,Chennai,Tamil Nadu,India
CUS006461,PREMIUM,Thiruvananthapuram,Kerala,India
CUS006462,STANDARD,Nashik,Maharashtra,India
CUS006463,STANDARD,Visakhapatnam,Andhra Pradesh,India
CUS006464,STANDARD,Thiruvananthapuram,Kerala,India
CUS006465,VIP,Coimbatore,Tamil Nadu,India
CUS006466,VIP,Madurai,Tamil Nadu,India
CUS006467,PREMIUM,Delhi,Delhi,India
CUS006468,PREMIUM,Chandigarh,Chandigarh,India
CUS006469,PREMIUM,Jaipur,Rajasthan,India
CUS006470,STANDARD,Thiruvananthapuram,Kerala,India
CUS006471,STANDARD,Mumbai,Maharashtra,India
CUS006472,PREMIUM,Bengaluru,Karnataka,India
CUS006473,PREMIUM,Noida,Uttar Pradesh,India
CUS006474,PREMIUM,Pune,Maharashtra,India
CUS006475,STANDARD,Bhubaneswar,Odisha,India
CUS006476,VIP,Bengaluru,Karnataka,India
CUS006477,PREMIUM,Chennai,Tamil Nadu,India
CUS006478,PREMIUM,Madurai,Tamil Nadu,India
CUS006479,PREMIUM,Hyderabad,Telangana,India
CUS006480,STANDARD,Bengaluru,Karnataka,India
CUS006481,PREMIUM,Bengaluru,Karnataka,India
CUS006482,STANDARD,Indore,Madhya Pradesh,India
CUS006483,VIP,Chennai,Tamil Nadu,India
CUS006484,STANDARD,Pune,Maharashtra,India
CUS006485,PREMIUM,Visakhapatnam,Andhra Pradesh,India
CUS006486,PREMIUM,Lucknow,Uttar Pradesh,India
CUS006487,PREMIUM,Gurugram,Haryana,India
CUS006488,VIP,Noida,Uttar Pradesh,India
CUS006489,PREMIUM,Nashik,Maharashtra,India
CUS006490,STANDARD,Jaipur,Rajasthan,India
CUS006491,PREMIUM,Delhi,Delhi,India
CUS006492,STANDARD,Ahmedabad,Gujarat,India
CUS006493,STANDARD,Indore,Madhya Pradesh,India
CUS006494,PREMIUM,Chandigarh,Chandigarh,India
CUS006495,VIP,Nagpur,Maharashtra,India
CUS006496,STANDARD,Chennai,Tamil Nadu,India
CUS006497,PREMIUM,Bhubaneswar,Odisha,India
CUS006498,VIP,Nagpur,Maharashtra,India
CUS006499,PREMIUM,Pune,Maharashtra,India
CUS006500,STANDARD,Noida,Uttar Pradesh,India
CUS006501,STANDARD,Ahmedabad,Gujarat,India
CUS006502,PREMIUM,Gurugram,Haryana,India
CUS006503,VIP,Madurai,Tamil Nadu,India
CUS006504,STANDARD,Lucknow,Uttar Pradesh,India
CUS006505,STANDARD,Chandigarh,Chandigarh,India
CUS006506,STANDARD,Coimbatore,Tamil Nadu,India
CUS006507,STANDARD,Hyderabad,Telangana,India
CUS006508,VIP,Ahmedabad,Gujarat,India
CUS006509,STANDARD,Lucknow,Uttar Pradesh,India
CUS006510,STANDARD,Pune,Maharashtra,India
CUS006511,PREMIUM,Bhubaneswar,Odisha,India
CUS006512,PREMIUM,Nashik,Maharashtra,India
CUS006513,PREMIUM,Madurai,Tamil Nadu,India
CUS006514,STANDARD,Pune,Maharashtra,India
CUS006515,STANDARD,Mysuru,Karnataka,India
CUS006516,STANDARD,Mumbai,Maharashtra,India
CUS006517,VIP,Kochi,Kerala,India
CUS006518,STANDARD,Lucknow,Uttar Pradesh,India
CUS006519,VIP,Bengaluru,Karnataka,India
CUS006520,PREMIUM,Nashik,Maharashtra,India
CUS006521,PREMIUM,Kochi,Kerala,India
CUS006522,VIP,Delhi,Delhi,India
CUS006523,STANDARD,Bengaluru,Karnataka,India
CUS006524,STANDARD,Nagpur,Maharashtra,India
CUS006525,VIP,Kolkata,West Bengal,India
CUS006526,VIP,Bhopal,Madhya Pradesh,India
CUS006527,STANDARD,Hyderabad,Telangana,India
CUS006528,VIP,Mumbai,Maharashtra,India
CUS006529,PREMIUM,Ahmedabad,Gujarat,India
CUS006530,STANDARD,Delhi,Delhi,India
CUS006531,PREMIUM,Indore,Madhya Pradesh,India
CUS006532,PREMIUM,Chandigarh,Chandigarh,India
CUS006533,PREMIUM,Noida,Uttar Pradesh,India
CUS006534,STANDARD,Mysuru,Karnataka,India
CUS006535,PREMIUM,Hyderabad,Telangana,India
CUS006536,STANDARD,Indore,Madhya Pradesh,India
CUS006537,STANDARD,Mysuru,Karnataka,India
CUS006538,STANDARD,Visakhapatnam,Andhra Pradesh,India
CUS006539,STANDARD,Nashik,Maharashtra,India
CUS006540,PREMIUM,Kochi,Kerala,India
CUS006541,PREMIUM,Vijayawada,Andhra Pradesh,India
CUS006542,PREMIUM,Mysuru,Karnataka,India
CUS006543,STANDARD,Nagpur,Maharashtra,India
CUS006544,PREMIUM,Hyderabad,Telangana,India
CUS006545,PREMIUM,Bengaluru,Karnataka,India
CUS006546,VIP,Mysuru,Karnataka,India
CUS006547,PREMIUM,Ahmedabad,Gujarat,India
CUS006548,PREMIUM,Lucknow,Uttar Pradesh,India
CUS006549,PREMIUM,Mumbai,Maharashtra,India
CUS006550,PREMIUM,Indore,Madhya Pradesh,India
CUS006551,PREMIUM,Coimbatore,Tamil Nadu,India
CUS006552,STANDARD,Bhopal,Madhya Pradesh,India
CUS006553,STANDARD,Visakhapatnam,Andhra Pradesh,India
CUS006554,STANDARD,Surat,Gujarat,India
CUS006555,STANDARD,Madurai,Tamil Nadu,India
CUS006556,STANDARD,Visakhapatnam,Andhra Pradesh,India
CUS006557,PREMIUM,Vijayawada,Andhra Pradesh,India
CUS006558,VIP,Nashik,Maharashtra,India
CUS006559,STANDARD,Mysuru,Karnataka,India
CUS006560,VIP,Delhi,Delhi,India
CUS006561,STANDARD,Nagpur,Maharashtra,India
CUS006562,STANDARD,Ahmedabad,Gujarat,India
CUS006563,PREMIUM,Noida,Uttar Pradesh,India
CUS006564,STANDARD,Surat,Gujarat,India
CUS006565,STANDARD,Nagpur,Maharashtra,India
CUS006566,PREMIUM,Madurai,Tamil Nadu,India
CUS006567,PREMIUM,Vijayawada,Andhra Pradesh,India
CUS006568,PREMIUM,Indore,Madhya Pradesh,India
CUS006569,STANDARD,Bhubaneswar,Odisha,India
CUS006570,PREMIUM,Pune,Maharashtra,India
CUS006571,PREMIUM,Bengaluru,Karnataka,India
CUS006572,VIP,Mysuru,Karnataka,India
CUS006573,STANDARD,Chennai,Tamil Nadu,India
CUS006574,STANDARD,Pune,Maharashtra,India
CUS006575,PREMIUM,Bhopal,Madhya Pradesh,India
CUS006576,PREMIUM,Jaipur,Rajasthan,India
CUS006577,STANDARD,Mumbai,Maharashtra,India
CUS006578,STANDARD,Bhopal,Madhya Pradesh,India
CUS006579,PREMIUM,Bhubaneswar,Odisha,India
CUS006580,PREMIUM,Chandigarh,Chandigarh,India
CUS006581,PREMIUM,Ahmedabad,Gujarat,India
CUS006582,VIP,Chennai,Tamil Nadu,India
CUS006583,STANDARD,Lucknow,Uttar Pradesh,India
CUS006584,VIP,Visakhapatnam,Andhra Pradesh,India
CUS006585,PREMIUM,Vijayawada,Andhra Pradesh,India
CUS006586,VIP,Ahmedabad,Gujarat,India
CUS006587,STANDARD,Indore,Madhya Pradesh,India
CUS006588,PREMIUM,Nashik,Maharashtra,India
CUS006589,STANDARD,Bhopal,Madhya Pradesh,India
CUS006590,STANDARD,Madurai,Tamil Nadu,India
CUS006591,STANDARD,Bhubaneswar,Odisha,India
CUS006592,PREMIUM,Gurugram,Haryana,India
CUS006593,STANDARD,Indore,Madhya Pradesh,India
CUS006594,STANDARD,Gurugram,Haryana,India
CUS006595,STANDARD,Visakhapatnam,Andhra Pradesh,India
CUS006596,PREMIUM,Pune,Maharashtra,India
CUS006597,STANDARD,Vijayawada,Andhra Pradesh,India
CUS006598,PREMIUM,Kochi,Kerala,India
CUS006599,STANDARD,Vijayawada,Andhra Pradesh,India
CUS006600,PREMIUM,Indore,Madhya Pradesh,India
CUS006601,PREMIUM,Hyderabad,Telangana,India
CUS006602,STANDARD,Mumbai,Maharashtra,India
CUS006603,PREMIUM,Nashik,Maharashtra,India
CUS006604,VIP,Mysuru,Karnataka,India
CUS006605,STANDARD,Thiruvananthapuram,Kerala,India
CUS006606,STANDARD,Kolkata,West Bengal,India
CUS006607,STANDARD,Jaipur,Rajasthan,India
CUS006608,VIP,Surat,Gujarat,India
CUS006609,STANDARD,Gurugram,Haryana,India
CUS006610,PREMIUM,Mysuru,Karnataka,India
CUS006611,STANDARD,Thiruvananthapuram,Kerala,India
CUS006612,PREMIUM,Chandigarh,Chandigarh,India
CUS006613,STANDARD,Bhopal,Madhya Pradesh,India
CUS006614,PREMIUM,Kolkata,West Bengal,India
CUS006615,PREMIUM,Bengaluru,Karnataka,India
CUS006616,STANDARD,Visakhapatnam,Andhra Pradesh,India
CUS006617,VIP,Chennai,Tamil Nadu,India
CUS006618,STANDARD,Indore,Madhya Pradesh,India
CUS006619,PREMIUM,Gurugram,Haryana,India
CUS006620,PREMIUM,Bhopal,Madhya Pradesh,India
CUS006621,STANDARD,Mumbai,Maharashtra,India
CUS006622,STANDARD,Hyderabad,Telangana,India
CUS006623,PREMIUM,Delhi,Delhi,India
CUS006624,STANDARD,Nagpur,Maharashtra,India
CUS006625,VIP,Mysuru,Karnataka,India
CUS006626,STANDARD,Noida,Uttar Pradesh,India
CUS006627,STANDARD,Bhopal,Madhya Pradesh,India
CUS006628,PREMIUM,Ahmedabad,Gujarat,India
CUS006629,STANDARD,Chennai,Tamil Nadu,India
CUS006630,PREMIUM,Pune,Maharashtra,India
CUS006631,PREMIUM,Visakhapatnam,Andhra Pradesh,India
CUS006632,STANDARD,Gurugram,Haryana,India
CUS006633,VIP,Coimbatore,Tamil Nadu,India
CUS006634,STANDARD,Ahmedabad,Gujarat,India
CUS006635,VIP,Coimbatore,Tamil Nadu,India
CUS006636,STANDARD,Mumbai,Maharashtra,India
CUS006637,STANDARD,Bengaluru,Karnataka,India
CUS006638,PREMIUM,Hyderabad,Telangana,India
CUS006639,STANDARD,Indore,Madhya Pradesh,India
CUS006640,PREMIUM,Coimbatore,Tamil Nadu,India
CUS006641,PREMIUM,Bhubaneswar,Odisha,India
CUS006642,PREMIUM,Bengaluru,Karnataka,India
CUS006643,VIP,Ahmedabad,Gujarat,India
CUS006644,STANDARD,Thiruvananthapuram,Kerala,India
CUS006645,PREMIUM,Nagpur,Maharashtra,India
CUS006646,STANDARD,Delhi,Delhi,India
CUS006647,STANDARD,Indore,Madhya Pradesh,India
CUS006648,STANDARD,Bengaluru,Karnataka,India
CUS006649,PREMIUM,Bengaluru,Karnataka,India
CUS006650,STANDARD,Nashik,Maharashtra,India
CUS006651,PREMIUM,Chandigarh,Chandigarh,India
CUS006652,VIP,Surat,Gujarat,India
CUS006653,PREMIUM,Bhubaneswar,Odisha,India
CUS006654,PREMIUM,Chennai,Tamil Nadu,India
CUS006655,PREMIUM,Bhubaneswar,Odisha,India
CUS006656,STANDARD,Jaipur,Rajasthan,India
CUS006657,VIP,Chandigarh,Chandigarh,India
CUS006658,VIP,Jaipur,Rajasthan,India
CUS006659,STANDARD,Vijayawada,Andhra Pradesh,India
CUS006660,STANDARD,Gurugram,Haryana,India
CUS006661,STANDARD,Chandigarh,Chandigarh,India
CUS006662,STANDARD,Noida,Uttar Pradesh,India
CUS006663,PREMIUM,Chandigarh,Chandigarh,India
CUS006664,STANDARD,Delhi,Delhi,India
CUS006665,PREMIUM,Gurugram,Haryana,India
CUS006666,STANDARD,Mumbai,Maharashtra,India
CUS006667,STANDARD,Nagpur,Maharashtra,India
CUS006668,PREMIUM,Delhi,Delhi,India
CUS006669,PREMIUM,Chandigarh,Chandigarh,India
CUS006670,VIP,Hyderabad,Telangana,India
CUS006671,STANDARD,Vijayawada,Andhra Pradesh,India
CUS006672,PREMIUM,Mysuru,Karnataka,India
CUS006673,STANDARD,Bhubaneswar,Odisha,India
CUS006674,PREMIUM,Lucknow,Uttar Pradesh,India
CUS006675,PREMIUM,Madurai,Tamil Nadu,India
CUS006676,PREMIUM,Bhubaneswar,Odisha,India
CUS006677,PREMIUM,Bhopal,Madhya Pradesh,India
CUS006678,STANDARD,Coimbatore,Tamil Nadu,India
CUS006679,STANDARD,Kolkata,West Bengal,India
CUS006680,STANDARD,Kolkata,West Bengal,India
CUS006681,STANDARD,Jaipur,Rajasthan,India
CUS006682,VIP,Gurugram,Haryana,India
CUS006683,VIP,Bengaluru,Karnataka,India
CUS006684,PREMIUM,Delhi,Delhi,India
CUS006685,PREMIUM,Ahmedabad,Gujarat,India
CUS006686,VIP,Vijayawada,Andhra Pradesh,India
CUS006687,STANDARD,Chandigarh,Chandigarh,India
CUS006688,STANDARD,Thiruvananthapuram,Kerala,India
CUS006689,PREMIUM,Ahmedabad,Gujarat,India
CUS006690,STANDARD,Kochi,Kerala,India
CUS006691,STANDARD,Gurugram,Haryana,India
CUS006692,PREMIUM,Coimbatore,Tamil Nadu,India
CUS006693,VIP,Bhubaneswar,Odisha,India
CUS006694,VIP,Coimbatore,Tamil Nadu,India
CUS006695,STANDARD,Hyderabad,Telangana,India
CUS006696,PREMIUM,Jaipur,Rajasthan,India
CUS006697,PREMIUM,Noida,Uttar Pradesh,India
CUS006698,STANDARD,Coimbatore,Tamil Nadu,India
CUS006699,STANDARD,Indore,Madhya Pradesh,India
CUS006700,PREMIUM,Noida,Uttar Pradesh,India
CUS006701,PREMIUM,Coimbatore,Tamil Nadu,India
CUS006702,STANDARD,Noida,Uttar Pradesh,India
CUS006703,STANDARD,Surat,Gujarat,India
CUS006704,STANDARD,Chennai,Tamil Nadu,India
CUS006705,STANDARD,Coimbatore,Tamil Nadu,India
CUS006706,STANDARD,Kolkata,West Bengal,India
CUS006707,STANDARD,Jaipur,Rajasthan,India
CUS006708,VIP,Pune,Maharashtra,India
CUS006709,VIP,Bengaluru,Karnataka,India
CUS006710,PREMIUM,Vijayawada,Andhra Pradesh,India
CUS006711,VIP,Pune,Maharashtra,India
CUS006712,STANDARD,Bhopal,Madhya Pradesh,India
CUS006713,VIP,Bengaluru,Karnataka,India
CUS006714,PREMIUM,Pune,Maharashtra,India
CUS006715,VIP,Mumbai,Maharashtra,India
CUS006716,PREMIUM,Vijayawada,Andhra Pradesh,India
CUS006717,PREMIUM,Kochi,Kerala,India
CUS006718,STANDARD,Vijayawada,Andhra Pradesh,India
CUS006719,VIP,Vijayawada,Andhra Pradesh,India
CUS006720,PREMIUM,Kochi,Kerala,India
CUS006721,STANDARD,Chandigarh,Chandigarh,India
CUS006722,STANDARD,Pune,Maharashtra,India
CUS006723,PREMIUM,Mumbai,Maharashtra,India
CUS006724,STANDARD,Bhopal,Madhya Pradesh,India
CUS006725,VIP,Bhopal,Madhya Pradesh,India
CUS006726,STANDARD,Gurugram,Haryana,India
CUS006727,PREMIUM,Nagpur,Maharashtra,India
CUS006728,STANDARD,Nashik,Maharashtra,India
CUS006729,VIP,Visakhapatnam,Andhra Pradesh,India
CUS006730,STANDARD,Bhopal,Madhya Pradesh,India
CUS006731,STANDARD,Chennai,Tamil Nadu,India
CUS006732,STANDARD,Ahmedabad,Gujarat,India
CUS006733,VIP,Noida,Uttar Pradesh,India
CUS006734,VIP,Jaipur,Rajasthan,India
CUS006735,STANDARD,Mumbai,Maharashtra,India
CUS006736,STANDARD,Thiruvananthapuram,Kerala,India
CUS006737,STANDARD,Bhopal,Madhya Pradesh,India
CUS006738,VIP,Surat,Gujarat,India
CUS006739,PREMIUM,Coimbatore,Tamil Nadu,India
CUS006740,VIP,Mumbai,Maharashtra,India
CUS006741,PREMIUM,Madurai,Tamil Nadu,India
CUS006742,VIP,Thiruvananthapuram,Kerala,India
CUS006743,STANDARD,Pune,Maharashtra,India
CUS006744,PREMIUM,Noida,Uttar Pradesh,India
CUS006745,VIP,Delhi,Delhi,India
CUS006746,STANDARD,Bengaluru,Karnataka,India
CUS006747,PREMIUM,Gurugram,Haryana,India
CUS006748,STANDARD,Pune,Maharashtra,India
CUS006749,STANDARD,Jaipur,Rajasthan,India
CUS006750,PREMIUM,Bhopal,Madhya Pradesh,India
CUS006751,STANDARD,Hyderabad,Telangana,India
CUS006752,VIP,Kochi,Kerala,India
CUS006753,STANDARD,Mumbai,Maharashtra,India
CUS006754,PREMIUM,Bengaluru,Karnataka,India
CUS006755,STANDARD,Coimbatore,Tamil Nadu,India
CUS006756,PREMIUM,Chennai,Tamil Nadu,India
CUS006757,VIP,Surat,Gujarat,India
CUS006758,PREMIUM,Nagpur,Maharashtra,India
CUS006759,STANDARD,Visakhapatnam,Andhra Pradesh,India
CUS006760,STANDARD,Nashik,Maharashtra,India
CUS006761,VIP,Gurugram,Haryana,India
CUS006762,STANDARD,Nagpur,Maharashtra,India
CUS006763,PREMIUM,Chennai,Tamil Nadu,India
CUS006764,STANDARD,Kochi,Kerala,India
CUS006765,STANDARD,Bhubaneswar,Odisha,India
CUS006766,STANDARD,Chandigarh,Chandigarh,India
CUS006767,VIP,Noida,Uttar Pradesh,India
CUS006768,PREMIUM,Coimbatore,Tamil Nadu,India
CUS006769,VIP,Nagpur,Maharashtra,India
CUS006770,STANDARD,Lucknow,Uttar Pradesh,India
CUS006771,VIP,Thiruvananthapuram,Kerala,India
CUS006772,VIP,Noida,Uttar Pradesh,India
CUS006773,VIP,Bhubaneswar,Odisha,India
CUS006774,STANDARD,Delhi,Delhi,India
CUS006775,PREMIUM,Pune,Maharashtra,India
CUS006776,STANDARD,Bhopal,Madhya Pradesh,India
CUS006777,STANDARD,Gurugram,Haryana,India
CUS006778,PREMIUM,Delhi,Delhi,India
CUS006779,PREMIUM,Chennai,Tamil Nadu,India
CUS006780,STANDARD,Lucknow,Uttar Pradesh,India
CUS006781,STANDARD,Bengaluru,Karnataka,India
CUS006782,STANDARD,Gurugram,Haryana,India
CUS006783,VIP,Bengaluru,Karnataka,India
CUS006784,STANDARD,Visakhapatnam,Andhra Pradesh,India
CUS006785,PREMIUM,Nagpur,Maharashtra,India
CUS006786,PREMIUM,Coimbatore,Tamil Nadu,India
CUS006787,STANDARD,Coimbatore,Tamil Nadu,India
CUS006788,VIP,Bhubaneswar,Odisha,India
CUS006789,PREMIUM,Kolkata,West Bengal,India
CUS006790,VIP,Kochi,Kerala,India
CUS006791,STANDARD,Gurugram,Haryana,India
CUS006792,PREMIUM,Surat,Gujarat,India
CUS006793,PREMIUM,Delhi,Delhi,India
CUS006794,STANDARD,Surat,Gujarat,India
CUS006795,PREMIUM,Bhopal,Madhya Pradesh,India
CUS006796,VIP,Coimbatore,Tamil Nadu,India
CUS006797,VIP,Chandigarh,Chandigarh,India
CUS006798,STANDARD,Chandigarh,Chandigarh,India
CUS006799,STANDARD,Noida,Uttar Pradesh,India
CUS006800,PREMIUM,Bhopal,Madhya Pradesh,India
CUS006801,VIP,Ahmedabad,Gujarat,India
CUS006802,STANDARD,Chandigarh,Chandigarh,India
CUS006803,PREMIUM,Nagpur,Maharashtra,India
CUS006804,STANDARD,Bhubaneswar,Odisha,India
CUS006805,STANDARD,Bengaluru,Karnataka,India
CUS006806,STANDARD,Visakhapatnam,Andhra Pradesh,India
CUS006807,STANDARD,Pune,Maharashtra,India
CUS006808,VIP,Kolkata,West Bengal,India
CUS006809,STANDARD,Kochi,Kerala,India
CUS006810,STANDARD,Vijayawada,Andhra Pradesh,India
CUS006811,PREMIUM,Visakhapatnam,Andhra Pradesh,India
CUS006812,STANDARD,Chennai,Tamil Nadu,India
CUS006813,PREMIUM,Surat,Gujarat,India
CUS006814,PREMIUM,Thiruvananthapuram,Kerala,India
CUS006815,STANDARD,Pune,Maharashtra,India
CUS006816,STANDARD,Bhopal,Madhya Pradesh,India
CUS006817,STANDARD,Kochi,Kerala,India
CUS006818,STANDARD,Mumbai,Maharashtra,India
CUS006819,PREMIUM,Hyderabad,Telangana,India
CUS006820,STANDARD,Chennai,Tamil Nadu,India
CUS006821,STANDARD,Kochi,Kerala,India
CUS006822,STANDARD,Gurugram,Haryana,India
CUS006823,STANDARD,Mysuru,Karnataka,India
CUS006824,PREMIUM,Visakhapatnam,Andhra Pradesh,India
CUS006825,STANDARD,Gurugram,Haryana,India
CUS006826,PREMIUM,Visakhapatnam,Andhra Pradesh,India
CUS006827,PREMIUM,Visakhapatnam,Andhra Pradesh,India
CUS006828,VIP,Surat,Gujarat,India
CUS006829,VIP,Hyderabad,Telangana,India
CUS006830,PREMIUM,Madurai,Tamil Nadu,India
CUS006831,STANDARD,Lucknow,Uttar Pradesh,India
CUS006832,STANDARD,Indore,Madhya Pradesh,India
CUS006833,STANDARD,Jaipur,Rajasthan,India
CUS006834,VIP,Vijayawada,Andhra Pradesh,India
CUS006835,STANDARD,Madurai,Tamil Nadu,India
CUS006836,STANDARD,Pune,Maharashtra,India
CUS006837,PREMIUM,Bhubaneswar,Odisha,India
CUS006838,PREMIUM,Nashik,Maharashtra,India
CUS006839,STANDARD,Hyderabad,Telangana,India
CUS006840,PREMIUM,Surat,Gujarat,India
CUS006841,STANDARD,Surat,Gujarat,India
CUS006842,PREMIUM,Gurugram,Haryana,India
CUS006843,STANDARD,Gurugram,Haryana,India
CUS006844,VIP,Jaipur,Rajasthan,India
CUS006845,STANDARD,Kolkata,West Bengal,India
CUS006846,STANDARD,Surat,Gujarat,India
CUS006847,VIP,Delhi,Delhi,India
CUS006848,STANDARD,Chennai,Tamil Nadu,India
CUS006849,STANDARD,Nagpur,Maharashtra,India
CUS006850,STANDARD,Chandigarh,Chandigarh,India
CUS006851,STANDARD,Chandigarh,Chandigarh,India
CUS006852,PREMIUM,Visakhapatnam,Andhra Pradesh,India
CUS006853,PREMIUM,Gurugram,Haryana,India
CUS006854,VIP,Mumbai,Maharashtra,India
CUS006855,STANDARD,Delhi,Delhi,India
CUS006856,STANDARD,Gurugram,Haryana,India
CUS006857,STANDARD,Mysuru,Karnataka,India
CUS006858,STANDARD,Gurugram,Haryana,India
CUS006859,PREMIUM,Noida,Uttar Pradesh,India
CUS006860,VIP,Nagpur,Maharashtra,India
CUS006861,STANDARD,Lucknow,Uttar Pradesh,India
CUS006862,PREMIUM,Thiruvananthapuram,Kerala,India
CUS006863,STANDARD,Bhubaneswar,Odisha,India
CUS006864,PREMIUM,Mumbai,Maharashtra,India
CUS006865,STANDARD,Gurugram,Haryana,India
CUS006866,PREMIUM,Nashik,Maharashtra,India
CUS006867,VIP,Ahmedabad,Gujarat,India
CUS006868,VIP,Madurai,Tamil Nadu,India
CUS006869,PREMIUM,Noida,Uttar Pradesh,India
CUS006870,PREMIUM,Thiruvananthapuram,Kerala,India
CUS006871,VIP,Visakhapatnam,Andhra Pradesh,India
CUS006872,STANDARD,Lucknow,Uttar Pradesh,India
CUS006873,STANDARD,Madurai,Tamil Nadu,India
CUS006874,STANDARD,Chennai,Tamil Nadu,India
CUS006875,STANDARD,Madurai,Tamil Nadu,India
CUS006876,VIP,Mysuru,Karnataka,India
CUS006877,PREMIUM,Indore,Madhya Pradesh,India
CUS006878,PREMIUM,Jaipur,Rajasthan,India
CUS006879,STANDARD,Ahmedabad,Gujarat,India
CUS006880,PREMIUM,Coimbatore,Tamil Nadu,India
CUS006881,VIP,Thiruvananthapuram,Kerala,India
CUS006882,STANDARD,Surat,Gujarat,India
CUS006883,PREMIUM,Lucknow,Uttar Pradesh,India
CUS006884,STANDARD,Gurugram,Haryana,India
CUS006885,STANDARD,Coimbatore,Tamil Nadu,India
CUS006886,PREMIUM,Chennai,Tamil Nadu,India
CUS006887,PREMIUM,Mumbai,Maharashtra,India
CUS006888,PREMIUM,Jaipur,Rajasthan,India
CUS006889,VIP,Nagpur,Maharashtra,India
CUS006890,STANDARD,Lucknow,Uttar Pradesh,India
CUS006891,STANDARD,Vijayawada,Andhra Pradesh,India
CUS006892,STANDARD,Pune,Maharashtra,India
CUS006893,PREMIUM,Mysuru,Karnataka,India
CUS006894,STANDARD,Nagpur,Maharashtra,India
CUS006895,VIP,Madurai,Tamil Nadu,India
CUS006896,PREMIUM,Gurugram,Haryana,India
CUS006897,STANDARD,Delhi,Delhi,India
CUS006898,PREMIUM,Mysuru,Karnataka,India
CUS006899,PREMIUM,Thiruvananthapuram,Kerala,India
CUS006900,STANDARD,Pune,Maharashtra,India
CUS006901,STANDARD,Hyderabad,Telangana,India
CUS006902,PREMIUM,Gurugram,Haryana,India
CUS006903,PREMIUM,Thiruvananthapuram,Kerala,India
CUS006904,PREMIUM,Nashik,Maharashtra,India
CUS006905,STANDARD,Chandigarh,Chandigarh,India
CUS006906,VIP,Coimbatore,Tamil Nadu,India
CUS006907,STANDARD,Indore,Madhya Pradesh,India
CUS006908,PREMIUM,Kochi,Kerala,India
CUS006909,STANDARD,Chandigarh,Chandigarh,India
CUS006910,STANDARD,Gurugram,Haryana,India
CUS006911,PREMIUM,Delhi,Delhi,India
CUS006912,PREMIUM,Kolkata,West Bengal,India
CUS006913,PREMIUM,Thiruvananthapuram,Kerala,India
CUS006914,PREMIUM,Mumbai,Maharashtra,India
CUS006915,VIP,Kochi,Kerala,India
CUS006916,PREMIUM,Madurai,Tamil Nadu,India
CUS006917,STANDARD,Bhubaneswar,Odisha,India
CUS006918,PREMIUM,Mysuru,Karnataka,India
CUS006919,VIP,Bengaluru,Karnataka,India
CUS006920,STANDARD,Kochi,Kerala,India
CUS006921,PREMIUM,Jaipur,Rajasthan,India
CUS006922,STANDARD,Kolkata,West Bengal,India
CUS006923,PREMIUM,Bhubaneswar,Odisha,India
CUS006924,STANDARD,Bhopal,Madhya Pradesh,India
CUS006925,STANDARD,Ahmedabad,Gujarat,India
CUS006926,STANDARD,Nashik,Maharashtra,India
CUS006927,PREMIUM,Hyderabad,Telangana,India
CUS006928,PREMIUM,Bhubaneswar,Odisha,India
CUS006929,STANDARD,Thiruvananthapuram,Kerala,India
CUS006930,STANDARD,Delhi,Delhi,India
CUS006931,VIP,Chennai,Tamil Nadu,India
CUS006932,STANDARD,Surat,Gujarat,India
CUS006933,PREMIUM,Noida,Uttar Pradesh,India
CUS006934,VIP,Jaipur,Rajasthan,India
CUS006935,PREMIUM,Visakhapatnam,Andhra Pradesh,India
CUS006936,PREMIUM,Pune,Maharashtra,India
CUS006937,STANDARD,Mysuru,Karnataka,India
CUS006938,PREMIUM,Nashik,Maharashtra,India
CUS006939,STANDARD,Visakhapatnam,Andhra Pradesh,India
CUS006940,PREMIUM,Pune,Maharashtra,India
CUS006941,STANDARD,Thiruvananthapuram,Kerala,India
CUS006942,PREMIUM,Bengaluru,Karnataka,India
CUS006943,VIP,Chennai,Tamil Nadu,India
CUS006944,STANDARD,Mysuru,Karnataka,India
CUS006945,STANDARD,Ahmedabad,Gujarat,India
CUS006946,STANDARD,Gurugram,Haryana,India
CUS006947,PREMIUM,Coimbatore,Tamil Nadu,India
CUS006948,PREMIUM,Mumbai,Maharashtra,India
CUS006949,STANDARD,Chennai,Tamil Nadu,India
CUS006950,STANDARD,Kochi,Kerala,India
CUS006951,STANDARD,Jaipur,Rajasthan,India
CUS006952,VIP,Coimbatore,Tamil Nadu,India
CUS006953,PREMIUM,Pune,Maharashtra,India
CUS006954,PREMIUM,Indore,Madhya Pradesh,India
CUS006955,STANDARD,Lucknow,Uttar Pradesh,India
CUS006956,PREMIUM,Nagpur,Maharashtra,India
CUS006957,STANDARD,Nashik,Maharashtra,India
CUS006958,STANDARD,Indore,Madhya Pradesh,India
CUS006959,PREMIUM,Kochi,Kerala,India
CUS006960,STANDARD,Hyderabad,Telangana,India
CUS006961,PREMIUM,Coimbatore,Tamil Nadu,India
CUS006962,PREMIUM,Bhopal,Madhya Pradesh,India
CUS006963,VIP,Lucknow,Uttar Pradesh,India
CUS006964,PREMIUM,Kolkata,West Bengal,India
CUS006965,STANDARD,Visakhapatnam,Andhra Pradesh,India
CUS006966,STANDARD,Nagpur,Maharashtra,India
CUS006967,STANDARD,Coimbatore,Tamil Nadu,India
CUS006968,PREMIUM,Delhi,Delhi,India
CUS006969,VIP,Indore,Madhya Pradesh,India
CUS006970,STANDARD,Chandigarh,Chandigarh,India
CUS006971,PREMIUM,Madurai,Tamil Nadu,India
CUS006972,STANDARD,Indore,Madhya Pradesh,India
CUS006973,VIP,Chennai,Tamil Nadu,India
CUS006974,STANDARD,Indore,Madhya Pradesh,India
CUS006975,PREMIUM,Hyderabad,Telangana,India
CUS006976,STANDARD,Mumbai,Maharashtra,India
CUS006977,STANDARD,Indore,Madhya Pradesh,India
CUS006978,VIP,Indore,Madhya Pradesh,India
CUS006979,STANDARD,Indore,Madhya Pradesh,India
CUS006980,STANDARD,Hyderabad,Telangana,India
CUS006981,STANDARD,Chandigarh,Chandigarh,India
CUS006982,STANDARD,Surat,Gujarat,India
CUS006983,PREMIUM,Mysuru,Karnataka,India
CUS006984,PREMIUM,Kolkata,West Bengal,India
CUS006985,STANDARD,Chandigarh,Chandigarh,India
CUS006986,STANDARD,Bhopal,Madhya Pradesh,India
CUS006987,PREMIUM,Coimbatore,Tamil Nadu,India
CUS006988,STANDARD,Vijayawada,Andhra Pradesh,India
CUS006989,PREMIUM,Bhubaneswar,Odisha,India
CUS006990,VIP,Bengaluru,Karnataka,India
CUS006991,STANDARD,Bhopal,Madhya Pradesh,India
CUS006992,PREMIUM,Bengaluru,Karnataka,India
CUS006993,STANDARD,Thiruvananthapuram,Kerala,India
CUS006994,PREMIUM,Jaipur,Rajasthan,India
CUS006995,VIP,Gurugram,Haryana,India
CUS006996,STANDARD,Mysuru,Karnataka,India
CUS006997,PREMIUM,Mumbai,Maharashtra,India
CUS006998,STANDARD,Noida,Uttar Pradesh,India
CUS006999,PREMIUM,Chandigarh,Chandigarh,India
CUS007000,STANDARD,Thiruvananthapuram,Kerala,India
CUS007001,STANDARD,Bengaluru,Karnataka,India
CUS007002,PREMIUM,Visakhapatnam,Andhra Pradesh,India
CUS007003,VIP,Chandigarh,Chandigarh,India
CUS007004,STANDARD,Chennai,Tamil Nadu,India
CUS007005,STANDARD,Lucknow,Uttar Pradesh,India
CUS007006,VIP,Mumbai,Maharashtra,India
CUS007007,STANDARD,Chennai,Tamil Nadu,India
CUS007008,PREMIUM,Nagpur,Maharashtra,India
CUS007009,VIP,Mysuru,Karnataka,India
CUS007010,PREMIUM,Bhopal,Madhya Pradesh,India
CUS007011,PREMIUM,Visakhapatnam,Andhra Pradesh,India
CUS007012,VIP,Hyderabad,Telangana,India
CUS007013,STANDARD,Jaipur,Rajasthan,India
CUS007014,PREMIUM,Ahmedabad,Gujarat,India
CUS007015,PREMIUM,Vijayawada,Andhra Pradesh,India
CUS007016,STANDARD,Mumbai,Maharashtra,India
CUS007017,STANDARD,Chennai,Tamil Nadu,India
CUS007018,PREMIUM,Coimbatore,Tamil Nadu,India
CUS007019,PREMIUM,Delhi,Delhi,India
CUS007020,PREMIUM,Indore,Madhya Pradesh,India
CUS007021,PREMIUM,Noida,Uttar Pradesh,India
CUS007022,STANDARD,Bhopal,Madhya Pradesh,India
CUS007023,PREMIUM,Thiruvananthapuram,Kerala,India
CUS007024,PREMIUM,Bengaluru,Karnataka,India
CUS007025,VIP,Pune,Maharashtra,India
CUS007026,STANDARD,Surat,Gujarat,India
CUS007027,PREMIUM,Kochi,Kerala,India
CUS007028,STANDARD,Ahmedabad,Gujarat,India
CUS007029,STANDARD,Nagpur,Maharashtra,India
CUS007030,PREMIUM,Indore,Madhya Pradesh,India
CUS007031,STANDARD,Coimbatore,Tamil Nadu,India
CUS007032,STANDARD,Mysuru,Karnataka,India
CUS007033,VIP,Visakhapatnam,Andhra Pradesh,India
CUS007034,STANDARD,Visakhapatnam,Andhra Pradesh,India
CUS007035,PREMIUM,Delhi,Delhi,India
CUS007036,STANDARD,Surat,Gujarat,India
CUS007037,STANDARD,Jaipur,Rajasthan,India
CUS007038,PREMIUM,Surat,Gujarat,India
CUS007039,STANDARD,Hyderabad,Telangana,India
CUS007040,STANDARD,Bhubaneswar,Odisha,India
CUS007041,VIP,Ahmedabad,Gujarat,India
CUS007042,STANDARD,Vijayawada,Andhra Pradesh,India
CUS007043,PREMIUM,Madurai,Tamil Nadu,India
CUS007044,PREMIUM,Delhi,Delhi,India
CUS007045,STANDARD,Jaipur,Rajasthan,India
CUS007046,PREMIUM,Nashik,Maharashtra,India
CUS007047,STANDARD,Noida,Uttar Pradesh,India
CUS007048,PREMIUM,Nashik,Maharashtra,India
CUS007049,STANDARD,Mysuru,Karnataka,India
CUS007050,VIP,Gurugram,Haryana,India
CUS007051,PREMIUM,Madurai,Tamil Nadu,India
CUS007052,STANDARD,Hyderabad,Telangana,India
CUS007053,STANDARD,Bhubaneswar,Odisha,India
CUS007054,PREMIUM,Hyderabad,Telangana,India
CUS007055,STANDARD,Bengaluru,Karnataka,India
CUS007056,STANDARD,Bhubaneswar,Odisha,India
CUS007057,STANDARD,Kochi,Kerala,India
CUS007058,VIP,Thiruvananthapuram,Kerala,India
CUS007059,VIP,Kochi,Kerala,India
CUS007060,PREMIUM,Chennai,Tamil Nadu,India
CUS007061,PREMIUM,Ahmedabad,Gujarat,India
CUS007062,STANDARD,Madurai,Tamil Nadu,India
CUS007063,PREMIUM,Madurai,Tamil Nadu,India
CUS007064,PREMIUM,Bhubaneswar,Odisha,India
CUS007065,PREMIUM,Mysuru,Karnataka,India
CUS007066,STANDARD,Gurugram,Haryana,India
CUS007067,STANDARD,Madurai,Tamil Nadu,India
CUS007068,PREMIUM,Mumbai,Maharashtra,India
CUS007069,PREMIUM,Chennai,Tamil Nadu,India
CUS007070,STANDARD,Kochi,Kerala,India
CUS007071,STANDARD,Thiruvananthapuram,Kerala,India
CUS007072,PREMIUM,Madurai,Tamil Nadu,India
CUS007073,PREMIUM,Kochi,Kerala,India
CUS007074,PREMIUM,Hyderabad,Telangana,India
CUS007075,VIP,Noida,Uttar Pradesh,India
CUS007076,PREMIUM,Mumbai,Maharashtra,India
CUS007077,STANDARD,Lucknow,Uttar Pradesh,India
CUS007078,PREMIUM,Jaipur,Rajasthan,India
CUS007079,STANDARD,Kolkata,West Bengal,India
CUS007080,PREMIUM,Jaipur,Rajasthan,India
CUS007081,PREMIUM,Indore,Madhya Pradesh,India
CUS007082,STANDARD,Mumbai,Maharashtra,India
CUS007083,STANDARD,Jaipur,Rajasthan,India
CUS007084,PREMIUM,Gurugram,Haryana,India
CUS007085,PREMIUM,Kochi,Kerala,India
CUS007086,STANDARD,Thiruvananthapuram,Kerala,India
CUS007087,STANDARD,Coimbatore,Tamil Nadu,India
CUS007088,PREMIUM,Indore,Madhya Pradesh,India
CUS007089,VIP,Chandigarh,Chandigarh,India
CUS007090,PREMIUM,Madurai,Tamil Nadu,India
CUS007091,STANDARD,Kolkata,West Bengal,India
CUS007092,PREMIUM,Gurugram,Haryana,India
CUS007093,VIP,Coimbatore,Tamil Nadu,India
CUS007094,STANDARD,Lucknow,Uttar Pradesh,India
CUS007095,VIP,Vijayawada,Andhra Pradesh,India
CUS007096,STANDARD,Noida,Uttar Pradesh,India
CUS007097,STANDARD,Delhi,Delhi,India
CUS007098,STANDARD,Nagpur,Maharashtra,India
CUS007099,PREMIUM,Noida,Uttar Pradesh,India
CUS007100,PREMIUM,Visakhapatnam,Andhra Pradesh,India
CUS007101,VIP,Lucknow,Uttar Pradesh,India
CUS007102,PREMIUM,Jaipur,Rajasthan,India
CUS007103,STANDARD,Lucknow,Uttar Pradesh,India
CUS007104,PREMIUM,Visakhapatnam,Andhra Pradesh,India
CUS007105,STANDARD,Kochi,Kerala,India
CUS007106,PREMIUM,Chandigarh,Chandigarh,India
CUS007107,STANDARD,Chennai,Tamil Nadu,India
CUS007108,PREMIUM,Lucknow,Uttar Pradesh,India
CUS007109,STANDARD,Indore,Madhya Pradesh,India
CUS007110,VIP,Mumbai,Maharashtra,India
CUS007111,VIP,Pune,Maharashtra,India
CUS007112,PREMIUM,Thiruvananthapuram,Kerala,India
CUS007113,PREMIUM,Kolkata,West Bengal,India
CUS007114,STANDARD,Madurai,Tamil Nadu,India
CUS007115,PREMIUM,Chandigarh,Chandigarh,India
CUS007116,VIP,Bengaluru,Karnataka,India
CUS007117,STANDARD,Ahmedabad,Gujarat,India
CUS007118,PREMIUM,Bhopal,Madhya Pradesh,India
CUS007119,PREMIUM,Kochi,Kerala,India
CUS007120,STANDARD,Bhopal,Madhya Pradesh,India
CUS007121,PREMIUM,Visakhapatnam,Andhra Pradesh,India
CUS007122,STANDARD,Indore,Madhya Pradesh,India
CUS007123,PREMIUM,Mysuru,Karnataka,India
CUS007124,STANDARD,Indore,Madhya Pradesh,India
CUS007125,PREMIUM,Coimbatore,Tamil Nadu,India
CUS007126,PREMIUM,Bhopal,Madhya Pradesh,India
CUS007127,VIP,Kochi,Kerala,India
CUS007128,PREMIUM,Visakhapatnam,Andhra Pradesh,India
CUS007129,STANDARD,Chandigarh,Chandigarh,India
CUS007130,STANDARD,Nashik,Maharashtra,India
CUS007131,PREMIUM,Bengaluru,Karnataka,India
CUS007132,STANDARD,Bhubaneswar,Odisha,India
CUS007133,STANDARD,Indore,Madhya Pradesh,India
CUS007134,PREMIUM,Coimbatore,Tamil Nadu,India
CUS007135,STANDARD,Thiruvananthapuram,Kerala,India
CUS007136,STANDARD,Delhi,Delhi,India
CUS007137,PREMIUM,Chandigarh,Chandigarh,India
CUS007138,STANDARD,Noida,Uttar Pradesh,India
CUS007139,STANDARD,Nashik,Maharashtra,India
CUS007140,VIP,Kochi,Kerala,India
CUS007141,PREMIUM,Nagpur,Maharashtra,India
CUS007142,PREMIUM,Bhopal,Madhya Pradesh,India
CUS007143,STANDARD,Bhubaneswar,Odisha,India
CUS007144,STANDARD,Bhubaneswar,Odisha,India
CUS007145,STANDARD,Chennai,Tamil Nadu,India
CUS007146,PREMIUM,Bhopal,Madhya Pradesh,India
CUS007147,PREMIUM,Chennai,Tamil Nadu,India
CUS007148,STANDARD,Bhopal,Madhya Pradesh,India
CUS007149,STANDARD,Surat,Gujarat,India
CUS007150,STANDARD,Jaipur,Rajasthan,India
CUS007151,STANDARD,Bhubaneswar,Odisha,India
CUS007152,PREMIUM,Delhi,Delhi,India
CUS007153,STANDARD,Mysuru,Karnataka,India
CUS007154,STANDARD,Lucknow,Uttar Pradesh,India
CUS007155,STANDARD,Surat,Gujarat,India
CUS007156,STANDARD,Bhopal,Madhya Pradesh,India
CUS007157,VIP,Mysuru,Karnataka,India
CUS007158,PREMIUM,Gurugram,Haryana,India
CUS007159,STANDARD,Kochi,Kerala,India
CUS007160,VIP,Vijayawada,Andhra Pradesh,India
CUS007161,VIP,Visakhapatnam,Andhra Pradesh,India
CUS007162,STANDARD,Mysuru,Karnataka,India
CUS007163,VIP,Indore,Madhya Pradesh,India
CUS007164,STANDARD,Delhi,Delhi,India
CUS007165,STANDARD,Jaipur,Rajasthan,India
CUS007166,STANDARD,Madurai,Tamil Nadu,India
CUS007167,STANDARD,Kochi,Kerala,India
CUS007168,STANDARD,Mumbai,Maharashtra,India
CUS007169,STANDARD,Surat,Gujarat,India
CUS007170,PREMIUM,Delhi,Delhi,India
CUS007171,STANDARD,Mumbai,Maharashtra,India
CUS007172,VIP,Coimbatore,Tamil Nadu,India
CUS007173,VIP,Kolkata,West Bengal,India
CUS007174,PREMIUM,Kolkata,West Bengal,India
CUS007175,PREMIUM,Vijayawada,Andhra Pradesh,India
CUS007176,STANDARD,Gurugram,Haryana,India
CUS007177,STANDARD,Kochi,Kerala,India
CUS007178,PREMIUM,Surat,Gujarat,India
CUS007179,PREMIUM,Chennai,Tamil Nadu,India
CUS007180,PREMIUM,Coimbatore,Tamil Nadu,India
CUS007181,VIP,Vijayawada,Andhra Pradesh,India
CUS007182,PREMIUM,Gurugram,Haryana,India
CUS007183,STANDARD,Vijayawada,Andhra Pradesh,India
CUS007184,PREMIUM,Vijayawada,Andhra Pradesh,India
CUS007185,VIP,Mumbai,Maharashtra,India
CUS007186,STANDARD,Nagpur,Maharashtra,India
CUS007187,STANDARD,Lucknow,Uttar Pradesh,India
CUS007188,STANDARD,Noida,Uttar Pradesh,India
CUS007189,STANDARD,Delhi,Delhi,India
CUS007190,VIP,Jaipur,Rajasthan,India
CUS007191,STANDARD,Chandigarh,Chandigarh,India
CUS007192,STANDARD,Kochi,Kerala,India
CUS007193,PREMIUM,Coimbatore,Tamil Nadu,India
CUS007194,PREMIUM,Visakhapatnam,Andhra Pradesh,India
CUS007195,STANDARD,Kochi,Kerala,India
CUS007196,PREMIUM,Indore,Madhya Pradesh,India
CUS007197,VIP,Lucknow,Uttar Pradesh,India
CUS007198,STANDARD,Noida,Uttar Pradesh,India
CUS007199,STANDARD,Thiruvananthapuram,Kerala,India
CUS007200,VIP,Madurai,Tamil Nadu,India
CUS007201,STANDARD,Nashik,Maharashtra,India
CUS007202,STANDARD,Kolkata,West Bengal,India
CUS007203,PREMIUM,Bengaluru,Karnataka,India
CUS007204,VIP,Ahmedabad,Gujarat,India
CUS007205,STANDARD,Ahmedabad,Gujarat,India
CUS007206,STANDARD,Chandigarh,Chandigarh,India
CUS007207,PREMIUM,Visakhapatnam,Andhra Pradesh,India
CUS007208,STANDARD,Kolkata,West Bengal,India
CUS007209,STANDARD,Lucknow,Uttar Pradesh,India
CUS007210,VIP,Chandigarh,Chandigarh,India
CUS007211,VIP,Gurugram,Haryana,India
CUS007212,STANDARD,Kochi,Kerala,India
CUS007213,VIP,Lucknow,Uttar Pradesh,India
CUS007214,PREMIUM,Bhopal,Madhya Pradesh,India
CUS007215,STANDARD,Gurugram,Haryana,India
CUS007216,STANDARD,Jaipur,Rajasthan,India
CUS007217,STANDARD,Ahmedabad,Gujarat,India
CUS007218,VIP,Nagpur,Maharashtra,India
CUS007219,VIP,Noida,Uttar Pradesh,India
CUS007220,STANDARD,Nagpur,Maharashtra,India
CUS007221,STANDARD,Kolkata,West Bengal,India
CUS007222,STANDARD,Pune,Maharashtra,India
CUS007223,STANDARD,Lucknow,Uttar Pradesh,India
CUS007224,PREMIUM,Surat,Gujarat,India
CUS007225,PREMIUM,Vijayawada,Andhra Pradesh,India
CUS007226,PREMIUM,Nashik,Maharashtra,India
CUS007227,STANDARD,Chandigarh,Chandigarh,India
CUS007228,VIP,Chennai,Tamil Nadu,India
CUS007229,STANDARD,Nagpur,Maharashtra,India
CUS007230,STANDARD,Vijayawada,Andhra Pradesh,India
CUS007231,STANDARD,Visakhapatnam,Andhra Pradesh,India
CUS007232,STANDARD,Vijayawada,Andhra Pradesh,India
CUS007233,PREMIUM,Nashik,Maharashtra,India
CUS007234,STANDARD,Surat,Gujarat,India
CUS007235,PREMIUM,Jaipur,Rajasthan,India
CUS007236,PREMIUM,Mysuru,Karnataka,India
CUS007237,PREMIUM,Mumbai,Maharashtra,India
CUS007238,STANDARD,Hyderabad,Telangana,India
CUS007239,PREMIUM,Indore,Madhya Pradesh,India
CUS007240,VIP,Bhubaneswar,Odisha,India
CUS007241,PREMIUM,Noida,Uttar Pradesh,India
CUS007242,VIP,Chandigarh,Chandigarh,India
CUS007243,PREMIUM,Jaipur,Rajasthan,India
CUS007244,STANDARD,Mumbai,Maharashtra,India
CUS007245,PREMIUM,Bhubaneswar,Odisha,India
CUS007246,STANDARD,Jaipur,Rajasthan,India
CUS007247,VIP,Vijayawada,Andhra Pradesh,India
CUS007248,STANDARD,Gurugram,Haryana,India
CUS007249,PREMIUM,Kolkata,West Bengal,India
CUS007250,STANDARD,Kolkata,West Bengal,India
CUS007251,STANDARD,Kochi,Kerala,India
CUS007252,PREMIUM,Bengaluru,Karnataka,India
CUS007253,STANDARD,Lucknow,Uttar Pradesh,India
CUS007254,VIP,Bengaluru,Karnataka,India
CUS007255,PREMIUM,Ahmedabad,Gujarat,India
CUS007256,VIP,Mysuru,Karnataka,India
CUS007257,STANDARD,Visakhapatnam,Andhra Pradesh,India
CUS007258,STANDARD,Bhubaneswar,Odisha,India
CUS007259,STANDARD,Vijayawada,Andhra Pradesh,India
CUS007260,PREMIUM,Chennai,Tamil Nadu,India
CUS007261,PREMIUM,Vijayawada,Andhra Pradesh,India
CUS007262,STANDARD,Gurugram,Haryana,India
CUS007263,PREMIUM,Nagpur,Maharashtra,India
CUS007264,STANDARD,Thiruvananthapuram,Kerala,India
CUS007265,PREMIUM,Nashik,Maharashtra,India
CUS007266,VIP,Chennai,Tamil Nadu,India
CUS007267,PREMIUM,Thiruvananthapuram,Kerala,India
CUS007268,STANDARD,Gurugram,Haryana,India
CUS007269,STANDARD,Bhubaneswar,Odisha,India
CUS007270,STANDARD,Bhubaneswar,Odisha,India
CUS007271,STANDARD,Noida,Uttar Pradesh,India
CUS007272,STANDARD,Kolkata,West Bengal,India
CUS007273,PREMIUM,Chennai,Tamil Nadu,India
CUS007274,STANDARD,Vijayawada,Andhra Pradesh,India
CUS007275,STANDARD,Thiruvananthapuram,Kerala,India
CUS007276,STANDARD,Jaipur,Rajasthan,India
CUS007277,VIP,Surat,Gujarat,India
CUS007278,STANDARD,Delhi,Delhi,India
CUS007279,STANDARD,Gurugram,Haryana,India
CUS007280,PREMIUM,Bhubaneswar,Odisha,India
CUS007281,STANDARD,Chandigarh,Chandigarh,India
CUS007282,PREMIUM,Gurugram,Haryana,India
CUS007283,STANDARD,Thiruvananthapuram,Kerala,India
CUS007284,PREMIUM,Chennai,Tamil Nadu,India
CUS007285,VIP,Vijayawada,Andhra Pradesh,India
CUS007286,PREMIUM,Jaipur,Rajasthan,India
CUS007287,VIP,Bhubaneswar,Odisha,India
CUS007288,STANDARD,Bengaluru,Karnataka,India
CUS007289,PREMIUM,Bengaluru,Karnataka,India
CUS007290,STANDARD,Mysuru,Karnataka,India
CUS007291,STANDARD,Delhi,Delhi,India
CUS007292,VIP,Chennai,Tamil Nadu,India
CUS007293,VIP,Coimbatore,Tamil Nadu,India
CUS007294,PREMIUM,Chennai,Tamil Nadu,India
CUS007295,PREMIUM,Mysuru,Karnataka,India
CUS007296,PREMIUM,Surat,Gujarat,India
CUS007297,PREMIUM,Bhubaneswar,Odisha,India
CUS007298,PREMIUM,Mumbai,Maharashtra,India
CUS007299,PREMIUM,Pune,Maharashtra,India
CUS007300,VIP,Coimbatore,Tamil Nadu,India
CUS007301,STANDARD,Chandigarh,Chandigarh,India
CUS007302,STANDARD,Visakhapatnam,Andhra Pradesh,India
CUS007303,VIP,Mumbai,Maharashtra,India
CUS007304,STANDARD,Noida,Uttar Pradesh,India
CUS007305,VIP,Thiruvananthapuram,Kerala,India
CUS007306,STANDARD,Bengaluru,Karnataka,India
CUS007307,STANDARD,Coimbatore,Tamil Nadu,India
CUS007308,PREMIUM,Chennai,Tamil Nadu,India
CUS007309,PREMIUM,Chandigarh,Chandigarh,India
CUS007310,PREMIUM,Chennai,Tamil Nadu,India
CUS007311,VIP,Ahmedabad,Gujarat,India
CUS007312,STANDARD,Noida,Uttar Pradesh,India
CUS007313,PREMIUM,Jaipur,Rajasthan,India
CUS007314,STANDARD,Visakhapatnam,Andhra Pradesh,India
CUS007315,STANDARD,Nashik,Maharashtra,India
CUS007316,STANDARD,Lucknow,Uttar Pradesh,India
CUS007317,VIP,Chennai,Tamil Nadu,India
CUS007318,VIP,Vijayawada,Andhra Pradesh,India
CUS007319,PREMIUM,Surat,Gujarat,India
CUS007320,VIP,Pune,Maharashtra,India
CUS007321,VIP,Madurai,Tamil Nadu,India
CUS007322,PREMIUM,Bhopal,Madhya Pradesh,India
CUS007323,STANDARD,Lucknow,Uttar Pradesh,India
CUS007324,PREMIUM,Jaipur,Rajasthan,India
CUS007325,STANDARD,Madurai,Tamil Nadu,India
CUS007326,STANDARD,Nashik,Maharashtra,India
CUS007327,STANDARD,Kochi,Kerala,India
CUS007328,PREMIUM,Bengaluru,Karnataka,India
CUS007329,PREMIUM,Coimbatore,Tamil Nadu,India
CUS007330,STANDARD,Mysuru,Karnataka,India
CUS007331,STANDARD,Vijayawada,Andhra Pradesh,India
CUS007332,STANDARD,Indore,Madhya Pradesh,India
CUS007333,VIP,Chennai,Tamil Nadu,India
CUS007334,STANDARD,Hyderabad,Telangana,India
CUS007335,PREMIUM,Delhi,Delhi,India
CUS007336,PREMIUM,Mysuru,Karnataka,India
CUS007337,PREMIUM,Noida,Uttar Pradesh,India
CUS007338,PREMIUM,Nagpur,Maharashtra,India
CUS007339,STANDARD,Lucknow,Uttar Pradesh,India
CUS007340,PREMIUM,Surat,Gujarat,India
CUS007341,VIP,Bhubaneswar,Odisha,India
CUS007342,PREMIUM,Bengaluru,Karnataka,India
CUS007343,STANDARD,Kolkata,West Bengal,India
CUS007344,STANDARD,Bhopal,Madhya Pradesh,India
CUS007345,STANDARD,Delhi,Delhi,India
CUS007346,VIP,Chandigarh,Chandigarh,India
CUS007347,VIP,Bhopal,Madhya Pradesh,India
CUS007348,STANDARD,Chennai,Tamil Nadu,India
CUS007349,PREMIUM,Bhubaneswar,Odisha,India
CUS007350,STANDARD,Indore,Madhya Pradesh,India
CUS007351,STANDARD,Gurugram,Haryana,India
CUS007352,STANDARD,Visakhapatnam,Andhra Pradesh,India
CUS007353,STANDARD,Visakhapatnam,Andhra Pradesh,India
CUS007354,STANDARD,Chennai,Tamil Nadu,India
CUS007355,VIP,Thiruvananthapuram,Kerala,India
CUS007356,STANDARD,Bengaluru,Karnataka,India
CUS007357,VIP,Jaipur,Rajasthan,India
CUS007358,STANDARD,Mumbai,Maharashtra,India
CUS007359,VIP,Nashik,Maharashtra,India
CUS007360,PREMIUM,Hyderabad,Telangana,India
CUS007361,PREMIUM,Madurai,Tamil Nadu,India
CUS007362,STANDARD,Chandigarh,Chandigarh,India
CUS007363,STANDARD,Kolkata,West Bengal,India
CUS007364,STANDARD,Kolkata,West Bengal,India
CUS007365,PREMIUM,Mumbai,Maharashtra,India
CUS007366,STANDARD,Hyderabad,Telangana,India
CUS007367,STANDARD,Kolkata,West Bengal,India
CUS007368,PREMIUM,Chandigarh,Chandigarh,India
CUS007369,STANDARD,Vijayawada,Andhra Pradesh,India
CUS007370,STANDARD,Surat,Gujarat,India
CUS007371,STANDARD,Kochi,Kerala,India
CUS007372,STANDARD,Indore,Madhya Pradesh,India
CUS007373,STANDARD,Surat,Gujarat,India
CUS007374,STANDARD,Ahmedabad,Gujarat,India
CUS007375,STANDARD,Ahmedabad,Gujarat,India
CUS007376,PREMIUM,Chandigarh,Chandigarh,India
CUS007377,PREMIUM,Nagpur,Maharashtra,India
CUS007378,PREMIUM,Visakhapatnam,Andhra Pradesh,India
CUS007379,STANDARD,Kochi,Kerala,India
CUS007380,STANDARD,Bhubaneswar,Odisha,India
CUS007381,VIP,Bhubaneswar,Odisha,India
CUS007382,STANDARD,Hyderabad,Telangana,India
CUS007383,PREMIUM,Visakhapatnam,Andhra Pradesh,India
CUS007384,STANDARD,Indore,Madhya Pradesh,India
CUS007385,STANDARD,Kochi,Kerala,India
CUS007386,STANDARD,Nagpur,Maharashtra,India
CUS007387,PREMIUM,Kochi,Kerala,India
CUS007388,PREMIUM,Chennai,Tamil Nadu,India
CUS007389,VIP,Kolkata,West Bengal,India
CUS007390,PREMIUM,Indore,Madhya Pradesh,India
CUS007391,PREMIUM,Mumbai,Maharashtra,India
CUS007392,STANDARD,Surat,Gujarat,India
CUS007393,PREMIUM,Mumbai,Maharashtra,India
CUS007394,STANDARD,Madurai,Tamil Nadu,India
CUS007395,STANDARD,Mumbai,Maharashtra,India
CUS007396,PREMIUM,Chennai,Tamil Nadu,India
CUS007397,STANDARD,Delhi,Delhi,India
CUS007398,PREMIUM,Lucknow,Uttar Pradesh,India
CUS007399,STANDARD,Thiruvananthapuram,Kerala,India
CUS007400,PREMIUM,Ahmedabad,Gujarat,India
CUS007401,VIP,Kochi,Kerala,India
CUS007402,PREMIUM,Noida,Uttar Pradesh,India
CUS007403,VIP,Coimbatore,Tamil Nadu,India
CUS007404,STANDARD,Surat,Gujarat,India
CUS007405,STANDARD,Noida,Uttar Pradesh,India
CUS007406,STANDARD,Noida,Uttar Pradesh,India
CUS007407,STANDARD,Gurugram,Haryana,India
CUS007408,PREMIUM,Mumbai,Maharashtra,India
CUS007409,STANDARD,Jaipur,Rajasthan,India
CUS007410,STANDARD,Bhubaneswar,Odisha,India
CUS007411,STANDARD,Ahmedabad,Gujarat,India
CUS007412,STANDARD,Nagpur,Maharashtra,India
CUS007413,STANDARD,Chennai,Tamil Nadu,India
CUS007414,STANDARD,Thiruvananthapuram,Kerala,India
CUS007415,STANDARD,Noida,Uttar Pradesh,India
CUS007416,PREMIUM,Gurugram,Haryana,India
CUS007417,STANDARD,Bengaluru,Karnataka,India
CUS007418,STANDARD,Noida,Uttar Pradesh,India
CUS007419,STANDARD,Mumbai,Maharashtra,India
CUS007420,STANDARD,Visakhapatnam,Andhra Pradesh,India
CUS007421,STANDARD,Madurai,Tamil Nadu,India
CUS007422,VIP,Visakhapatnam,Andhra Pradesh,India
CUS007423,STANDARD,Indore,Madhya Pradesh,India
CUS007424,STANDARD,Madurai,Tamil Nadu,India
CUS007425,PREMIUM,Visakhapatnam,Andhra Pradesh,India
CUS007426,STANDARD,Madurai,Tamil Nadu,India
CUS007427,PREMIUM,Noida,Uttar Pradesh,India
CUS007428,STANDARD,Surat,Gujarat,India
CUS007429,STANDARD,Nagpur,Maharashtra,India
CUS007430,PREMIUM,Kolkata,West Bengal,India
CUS007431,PREMIUM,Indore,Madhya Pradesh,India
CUS007432,STANDARD,Nashik,Maharashtra,India
CUS007433,STANDARD,Bhubaneswar,Odisha,India
CUS007434,PREMIUM,Nashik,Maharashtra,India
CUS007435,PREMIUM,Indore,Madhya Pradesh,India
CUS007436,VIP,Coimbatore,Tamil Nadu,India
CUS007437,PREMIUM,Chennai,Tamil Nadu,India
CUS007438,STANDARD,Noida,Uttar Pradesh,India
CUS007439,PREMIUM,Nagpur,Maharashtra,India
CUS007440,PREMIUM,Coimbatore,Tamil Nadu,India
CUS007441,PREMIUM,Bengaluru,Karnataka,India
CUS007442,PREMIUM,Nashik,Maharashtra,India
CUS007443,STANDARD,Mumbai,Maharashtra,India
CUS007444,PREMIUM,Madurai,Tamil Nadu,India
CUS007445,STANDARD,Madurai,Tamil Nadu,India
CUS007446,STANDARD,Coimbatore,Tamil Nadu,India
CUS007447,STANDARD,Mysuru,Karnataka,India
CUS007448,VIP,Hyderabad,Telangana,India
CUS007449,STANDARD,Mysuru,Karnataka,India
CUS007450,STANDARD,Bhopal,Madhya Pradesh,India
CUS007451,VIP,Kochi,Kerala,India
CUS007452,PREMIUM,Chandigarh,Chandigarh,India
CUS007453,STANDARD,Vijayawada,Andhra Pradesh,India
CUS007454,VIP,Bengaluru,Karnataka,India
CUS007455,STANDARD,Kochi,Kerala,India
CUS007456,STANDARD,Pune,Maharashtra,India
CUS007457,STANDARD,Lucknow,Uttar Pradesh,India
CUS007458,STANDARD,Surat,Gujarat,India
CUS007459,PREMIUM,Delhi,Delhi,India
CUS007460,STANDARD,Delhi,Delhi,India
CUS007461,PREMIUM,Bhopal,Madhya Pradesh,India
CUS007462,STANDARD,Bhubaneswar,Odisha,India
CUS007463,PREMIUM,Pune,Maharashtra,India
CUS007464,STANDARD,Chandigarh,Chandigarh,India
CUS007465,VIP,Indore,Madhya Pradesh,India
CUS007466,STANDARD,Mysuru,Karnataka,India
CUS007467,PREMIUM,Jaipur,Rajasthan,India
CUS007468,PREMIUM,Gurugram,Haryana,India
CUS007469,STANDARD,Gurugram,Haryana,India
CUS007470,STANDARD,Kolkata,West Bengal,India
CUS007471,VIP,Indore,Madhya Pradesh,India
CUS007472,STANDARD,Gurugram,Haryana,India
CUS007473,STANDARD,Nashik,Maharashtra,India
CUS007474,PREMIUM,Mumbai,Maharashtra,India
CUS007475,STANDARD,Noida,Uttar Pradesh,India
CUS007476,VIP,Madurai,Tamil Nadu,India
CUS007477,STANDARD,Coimbatore,Tamil Nadu,India
CUS007478,STANDARD,Jaipur,Rajasthan,India
CUS007479,STANDARD,Mumbai,Maharashtra,India
CUS007480,STANDARD,Chennai,Tamil Nadu,India
CUS007481,STANDARD,Vijayawada,Andhra Pradesh,India
CUS007482,STANDARD,Indore,Madhya Pradesh,India
CUS007483,STANDARD,Hyderabad,Telangana,India
CUS007484,PREMIUM,Ahmedabad,Gujarat,India
CUS007485,PREMIUM,Bhubaneswar,Odisha,India
CUS007486,PREMIUM,Indore,Madhya Pradesh,India
CUS007487,STANDARD,Gurugram,Haryana,India
CUS007488,STANDARD,Nashik,Maharashtra,India
CUS007489,STANDARD,Coimbatore,Tamil Nadu,India
CUS007490,PREMIUM,Nagpur,Maharashtra,India
CUS007491,STANDARD,Nagpur,Maharashtra,India
CUS007492,PREMIUM,Vijayawada,Andhra Pradesh,India
CUS007493,PREMIUM,Hyderabad,Telangana,India
CUS007494,STANDARD,Visakhapatnam,Andhra Pradesh,India
CUS007495,VIP,Jaipur,Rajasthan,India
CUS007496,STANDARD,Mumbai,Maharashtra,India
CUS007497,PREMIUM,Vijayawada,Andhra Pradesh,India
CUS007498,STANDARD,Bengaluru,Karnataka,India
CUS007499,VIP,Chennai,Tamil Nadu,India
CUS007500,STANDARD,Ahmedabad,Gujarat,India
CUS007501,VIP,Jaipur,Rajasthan,India
CUS007502,STANDARD,Bhopal,Madhya Pradesh,India
CUS007503,PREMIUM,Vijayawada,Andhra Pradesh,India
CUS007504,PREMIUM,Indore,Madhya Pradesh,India
CUS007505,STANDARD,Noida,Uttar Pradesh,India
CUS007506,PREMIUM,Lucknow,Uttar Pradesh,India
CUS007507,STANDARD,Delhi,Delhi,India
CUS007508,VIP,Lucknow,Uttar Pradesh,India
CUS007509,VIP,Nagpur,Maharashtra,India
CUS007510,VIP,Nashik,Maharashtra,India
CUS007511,STANDARD,Madurai,Tamil Nadu,India
CUS007512,STANDARD,Jaipur,Rajasthan,India
CUS007513,STANDARD,Lucknow,Uttar Pradesh,India
CUS007514,STANDARD,Bengaluru,Karnataka,India
CUS007515,VIP,Indore,Madhya Pradesh,India
CUS007516,STANDARD,Mysuru,Karnataka,India
CUS007517,PREMIUM,Bhopal,Madhya Pradesh,India
CUS007518,PREMIUM,Thiruvananthapuram,Kerala,India
CUS007519,PREMIUM,Kolkata,West Bengal,India
CUS007520,STANDARD,Surat,Gujarat,India
CUS007521,STANDARD,Bhubaneswar,Odisha,India
CUS007522,PREMIUM,Chennai,Tamil Nadu,India
CUS007523,VIP,Coimbatore,Tamil Nadu,India
CUS007524,PREMIUM,Delhi,Delhi,India
CUS007525,STANDARD,Indore,Madhya Pradesh,India
CUS007526,PREMIUM,Indore,Madhya Pradesh,India
CUS007527,STANDARD,Kochi,Kerala,India
CUS007528,STANDARD,Chandigarh,Chandigarh,India
CUS007529,STANDARD,Gurugram,Haryana,India
CUS007530,VIP,Delhi,Delhi,India
CUS007531,STANDARD,Pune,Maharashtra,India
CUS007532,PREMIUM,Gurugram,Haryana,India
CUS007533,STANDARD,Chennai,Tamil Nadu,India
CUS007534,PREMIUM,Surat,Gujarat,India
CUS007535,STANDARD,Vijayawada,Andhra Pradesh,India
CUS007536,VIP,Noida,Uttar Pradesh,India
CUS007537,PREMIUM,Surat,Gujarat,India
CUS007538,STANDARD,Visakhapatnam,Andhra Pradesh,India
CUS007539,PREMIUM,Visakhapatnam,Andhra Pradesh,India
CUS007540,PREMIUM,Bengaluru,Karnataka,India
CUS007541,STANDARD,Visakhapatnam,Andhra Pradesh,India
CUS007542,STANDARD,Indore,Madhya Pradesh,India
CUS007543,PREMIUM,Kochi,Kerala,India
CUS007544,STANDARD,Chennai,Tamil Nadu,India
CUS007545,STANDARD,Gurugram,Haryana,India
CUS007546,PREMIUM,Chennai,Tamil Nadu,India
CUS007547,PREMIUM,Bhubaneswar,Odisha,India
CUS007548,VIP,Visakhapatnam,Andhra Pradesh,India
CUS007549,VIP,Nashik,Maharashtra,India
CUS007550,PREMIUM,Chennai,Tamil Nadu,India
CUS007551,STANDARD,Bengaluru,Karnataka,India
CUS007552,STANDARD,Chandigarh,Chandigarh,India
CUS007553,VIP,Hyderabad,Telangana,India
CUS007554,PREMIUM,Mumbai,Maharashtra,India
CUS007555,STANDARD,Delhi,Delhi,India
CUS007556,PREMIUM,Lucknow,Uttar Pradesh,India
CUS007557,STANDARD,Nashik,Maharashtra,India
CUS007558,VIP,Ahmedabad,Gujarat,India
CUS007559,STANDARD,Mysuru,Karnataka,India
CUS007560,STANDARD,Coimbatore,Tamil Nadu,India
CUS007561,PREMIUM,Visakhapatnam,Andhra Pradesh,India
CUS007562,STANDARD,Ahmedabad,Gujarat,India
CUS007563,STANDARD,Kolkata,West Bengal,India
CUS007564,PREMIUM,Madurai,Tamil Nadu,India
CUS007565,STANDARD,Noida,Uttar Pradesh,India
CUS007566,STANDARD,Thiruvananthapuram,Kerala,India
CUS007567,STANDARD,Bhubaneswar,Odisha,India
CUS007568,VIP,Noida,Uttar Pradesh,India
CUS007569,STANDARD,Indore,Madhya Pradesh,India
CUS007570,PREMIUM,Kolkata,West Bengal,India
CUS007571,STANDARD,Bhubaneswar,Odisha,India
CUS007572,PREMIUM,Surat,Gujarat,India
CUS007573,STANDARD,Kolkata,West Bengal,India
CUS007574,PREMIUM,Chandigarh,Chandigarh,India
CUS007575,PREMIUM,Coimbatore,Tamil Nadu,India
CUS007576,VIP,Lucknow,Uttar Pradesh,India
CUS007577,STANDARD,Kolkata,West Bengal,India
CUS007578,STANDARD,Coimbatore,Tamil Nadu,India
CUS007579,VIP,Nashik,Maharashtra,India
CUS007580,VIP,Gurugram,Haryana,India
CUS007581,PREMIUM,Kochi,Kerala,India
CUS007582,VIP,Lucknow,Uttar Pradesh,India
CUS007583,PREMIUM,Delhi,Delhi,India
CUS007584,PREMIUM,Jaipur,Rajasthan,India
CUS007585,STANDARD,Noida,Uttar Pradesh,India
CUS007586,PREMIUM,Pune,Maharashtra,India
CUS007587,PREMIUM,Mysuru,Karnataka,India
CUS007588,PREMIUM,Kolkata,West Bengal,India
CUS007589,PREMIUM,Vijayawada,Andhra Pradesh,India
CUS007590,STANDARD,Chennai,Tamil Nadu,India
CUS007591,STANDARD,Indore,Madhya Pradesh,India
CUS007592,STANDARD,Mumbai,Maharashtra,India
CUS007593,VIP,Bengaluru,Karnataka,India
CUS007594,VIP,Ahmedabad,Gujarat,India
CUS007595,STANDARD,Mysuru,Karnataka,India
CUS007596,PREMIUM,Indore,Madhya Pradesh,India
CUS007597,STANDARD,Jaipur,Rajasthan,India
CUS007598,PREMIUM,Pune,Maharashtra,India
CUS007599,STANDARD,Delhi,Delhi,India
CUS007600,STANDARD,Vijayawada,Andhra Pradesh,India
CUS007601,STANDARD,Bhubaneswar,Odisha,India
CUS007602,STANDARD,Madurai,Tamil Nadu,India
CUS007603,PREMIUM,Kochi,Kerala,India
CUS007604,PREMIUM,Madurai,Tamil Nadu,India
CUS007605,STANDARD,Noida,Uttar Pradesh,India
CUS007606,STANDARD,Coimbatore,Tamil Nadu,India
CUS007607,STANDARD,Lucknow,Uttar Pradesh,India
CUS007608,PREMIUM,Delhi,Delhi,India
CUS007609,VIP,Nashik,Maharashtra,India
CUS007610,PREMIUM,Indore,Madhya Pradesh,India
CUS007611,STANDARD,Thiruvananthapuram,Kerala,India
CUS007612,PREMIUM,Noida,Uttar Pradesh,India
CUS007613,VIP,Delhi,Delhi,India
CUS007614,STANDARD,Bengaluru,Karnataka,India
CUS007615,VIP,Mumbai,Maharashtra,India
CUS007616,PREMIUM,Nashik,Maharashtra,India
CUS007617,PREMIUM,Mysuru,Karnataka,India
CUS007618,VIP,Nashik,Maharashtra,India
CUS007619,PREMIUM,Jaipur,Rajasthan,India
CUS007620,VIP,Lucknow,Uttar Pradesh,India
CUS007621,STANDARD,Visakhapatnam,Andhra Pradesh,India
CUS007622,PREMIUM,Nashik,Maharashtra,India
CUS007623,PREMIUM,Indore,Madhya Pradesh,India
CUS007624,STANDARD,Visakhapatnam,Andhra Pradesh,India
CUS007625,VIP,Nagpur,Maharashtra,India
CUS007626,STANDARD,Chennai,Tamil Nadu,India
CUS007627,PREMIUM,Pune,Maharashtra,India
CUS007628,STANDARD,Bengaluru,Karnataka,India
CUS007629,PREMIUM,Kochi,Kerala,India
CUS007630,PREMIUM,Hyderabad,Telangana,India
CUS007631,VIP,Gurugram,Haryana,India
CUS007632,PREMIUM,Bhopal,Madhya Pradesh,India
CUS007633,STANDARD,Bhubaneswar,Odisha,India
CUS007634,PREMIUM,Lucknow,Uttar Pradesh,India
CUS007635,STANDARD,Nashik,Maharashtra,India
CUS007636,PREMIUM,Indore,Madhya Pradesh,India
CUS007637,STANDARD,Jaipur,Rajasthan,India
CUS007638,VIP,Lucknow,Uttar Pradesh,India
CUS007639,VIP,Vijayawada,Andhra Pradesh,India
CUS007640,PREMIUM,Hyderabad,Telangana,India
CUS007641,VIP,Pune,Maharashtra,India
CUS007642,STANDARD,Nashik,Maharashtra,India
CUS007643,VIP,Indore,Madhya Pradesh,India
CUS007644,STANDARD,Bengaluru,Karnataka,India
CUS007645,PREMIUM,Kochi,Kerala,India
CUS007646,PREMIUM,Chennai,Tamil Nadu,India
CUS007647,STANDARD,Thiruvananthapuram,Kerala,India
CUS007648,STANDARD,Coimbatore,Tamil Nadu,India
CUS007649,STANDARD,Mumbai,Maharashtra,India
CUS007650,PREMIUM,Bhopal,Madhya Pradesh,India
CUS007651,PREMIUM,Lucknow,Uttar Pradesh,India
CUS007652,STANDARD,Vijayawada,Andhra Pradesh,India
CUS007653,PREMIUM,Surat,Gujarat,India
CUS007654,STANDARD,Thiruvananthapuram,Kerala,India
CUS007655,VIP,Nashik,Maharashtra,India
CUS007656,PREMIUM,Vijayawada,Andhra Pradesh,India
CUS007657,PREMIUM,Jaipur,Rajasthan,India
CUS007658,PREMIUM,Madurai,Tamil Nadu,India
CUS007659,VIP,Kolkata,West Bengal,India
CUS007660,STANDARD,Madurai,Tamil Nadu,India
CUS007661,STANDARD,Jaipur,Rajasthan,India
CUS007662,VIP,Surat,Gujarat,India
CUS007663,PREMIUM,Nashik,Maharashtra,India
CUS007664,STANDARD,Nashik,Maharashtra,India
CUS007665,STANDARD,Bhubaneswar,Odisha,India
CUS007666,PREMIUM,Coimbatore,Tamil Nadu,India
CUS007667,VIP,Thiruvananthapuram,Kerala,India
CUS007668,PREMIUM,Jaipur,Rajasthan,India
CUS007669,VIP,Madurai,Tamil Nadu,India
CUS007670,STANDARD,Indore,Madhya Pradesh,India
CUS007671,VIP,Coimbatore,Tamil Nadu,India
CUS007672,PREMIUM,Chandigarh,Chandigarh,India
CUS007673,PREMIUM,Visakhapatnam,Andhra Pradesh,India
CUS007674,STANDARD,Kolkata,West Bengal,India
CUS007675,VIP,Madurai,Tamil Nadu,India
CUS007676,PREMIUM,Indore,Madhya Pradesh,India
CUS007677,STANDARD,Thiruvananthapuram,Kerala,India
CUS007678,PREMIUM,Noida,Uttar Pradesh,India
CUS007679,STANDARD,Gurugram,Haryana,India
CUS007680,STANDARD,Kochi,Kerala,India
CUS007681,STANDARD,Nashik,Maharashtra,India
CUS007682,STANDARD,Hyderabad,Telangana,India
CUS007683,PREMIUM,Indore,Madhya Pradesh,India
CUS007684,STANDARD,Bengaluru,Karnataka,India
CUS007685,STANDARD,Thiruvananthapuram,Kerala,India
CUS007686,STANDARD,Coimbatore,Tamil Nadu,India
CUS007687,PREMIUM,Bengaluru,Karnataka,India
CUS007688,STANDARD,Chandigarh,Chandigarh,India
CUS007689,PREMIUM,Chennai,Tamil Nadu,India
CUS007690,VIP,Bhopal,Madhya Pradesh,India
CUS007691,STANDARD,Bengaluru,Karnataka,India
CUS007692,PREMIUM,Noida,Uttar Pradesh,India
CUS007693,PREMIUM,Bhubaneswar,Odisha,India
CUS007694,STANDARD,Kochi,Kerala,India
CUS007695,PREMIUM,Indore,Madhya Pradesh,India
CUS007696,STANDARD,Bhubaneswar,Odisha,India
CUS007697,STANDARD,Bhubaneswar,Odisha,India
CUS007698,STANDARD,Vijayawada,Andhra Pradesh,India
CUS007699,STANDARD,Chennai,Tamil Nadu,India
CUS007700,PREMIUM,Jaipur,Rajasthan,India
CUS007701,STANDARD,Indore,Madhya Pradesh,India
CUS007702,STANDARD,Chennai,Tamil Nadu,India
CUS007703,VIP,Nashik,Maharashtra,India
CUS007704,VIP,Nagpur,Maharashtra,India
CUS007705,STANDARD,Madurai,Tamil Nadu,India
CUS007706,PREMIUM,Jaipur,Rajasthan,India
CUS007707,STANDARD,Kochi,Kerala,India
CUS007708,PREMIUM,Bhubaneswar,Odisha,India
CUS007709,STANDARD,Noida,Uttar Pradesh,India
CUS007710,PREMIUM,Bhopal,Madhya Pradesh,India
CUS007711,STANDARD,Coimbatore,Tamil Nadu,India
CUS007712,PREMIUM,Chandigarh,Chandigarh,India
CUS007713,STANDARD,Coimbatore,Tamil Nadu,India
CUS007714,STANDARD,Gurugram,Haryana,India
CUS007715,STANDARD,Mumbai,Maharashtra,India
CUS007716,PREMIUM,Noida,Uttar Pradesh,India
CUS007717,PREMIUM,Mysuru,Karnataka,India
CUS007718,VIP,Bhopal,Madhya Pradesh,India
CUS007719,STANDARD,Ahmedabad,Gujarat,India
CUS007720,PREMIUM,Bhubaneswar,Odisha,India
CUS007721,STANDARD,Ahmedabad,Gujarat,India
CUS007722,PREMIUM,Madurai,Tamil Nadu,India
CUS007723,STANDARD,Bhopal,Madhya Pradesh,India
CUS007724,STANDARD,Noida,Uttar Pradesh,India
CUS007725,VIP,Nagpur,Maharashtra,India
CUS007726,VIP,Jaipur,Rajasthan,India
CUS007727,STANDARD,Madurai,Tamil Nadu,India
CUS007728,VIP,Delhi,Delhi,India
CUS007729,PREMIUM,Chennai,Tamil Nadu,India
CUS007730,PREMIUM,Coimbatore,Tamil Nadu,India
CUS007731,PREMIUM,Delhi,Delhi,India
CUS007732,VIP,Nashik,Maharashtra,India
CUS007733,STANDARD,Chandigarh,Chandigarh,India
CUS007734,PREMIUM,Jaipur,Rajasthan,India
CUS007735,STANDARD,Nagpur,Maharashtra,India
CUS007736,PREMIUM,Lucknow,Uttar Pradesh,India
CUS007737,STANDARD,Pune,Maharashtra,India
CUS007738,STANDARD,Ahmedabad,Gujarat,India
CUS007739,STANDARD,Thiruvananthapuram,Kerala,India
CUS007740,PREMIUM,Mumbai,Maharashtra,India
CUS007741,VIP,Lucknow,Uttar Pradesh,India
CUS007742,STANDARD,Lucknow,Uttar Pradesh,India
CUS007743,PREMIUM,Lucknow,Uttar Pradesh,India
CUS007744,STANDARD,Kochi,Kerala,India
CUS007745,STANDARD,Delhi,Delhi,India
CUS007746,STANDARD,Mysuru,Karnataka,India
CUS007747,PREMIUM,Mumbai,Maharashtra,India
CUS007748,PREMIUM,Vijayawada,Andhra Pradesh,India
CUS007749,PREMIUM,Hyderabad,Telangana,India
CUS007750,PREMIUM,Ahmedabad,Gujarat,India
CUS007751,PREMIUM,Noida,Uttar Pradesh,India
CUS007752,PREMIUM,Gurugram,Haryana,India
CUS007753,PREMIUM,Surat,Gujarat,India
CUS007754,PREMIUM,Kochi,Kerala,India
CUS007755,VIP,Madurai,Tamil Nadu,India
CUS007756,VIP,Bengaluru,Karnataka,India
CUS007757,STANDARD,Chandigarh,Chandigarh,India
CUS007758,STANDARD,Chandigarh,Chandigarh,India
CUS007759,STANDARD,Hyderabad,Telangana,India
CUS007760,STANDARD,Coimbatore,Tamil Nadu,India
CUS007761,PREMIUM,Chennai,Tamil Nadu,India
CUS007762,STANDARD,Coimbatore,Tamil Nadu,India
CUS007763,STANDARD,Bhopal,Madhya Pradesh,India
CUS007764,VIP,Chennai,Tamil Nadu,India
CUS007765,PREMIUM,Lucknow,Uttar Pradesh,India
CUS007766,STANDARD,Surat,Gujarat,India
CUS007767,PREMIUM,Nashik,Maharashtra,India
CUS007768,PREMIUM,Bhopal,Madhya Pradesh,India
CUS007769,STANDARD,Ahmedabad,Gujarat,India
CUS007770,PREMIUM,Nashik,Maharashtra,India
CUS007771,VIP,Lucknow,Uttar Pradesh,India
CUS007772,VIP,Coimbatore,Tamil Nadu,India
CUS007773,VIP,Bhopal,Madhya Pradesh,India
CUS007774,STANDARD,Ahmedabad,Gujarat,India
CUS007775,STANDARD,Visakhapatnam,Andhra Pradesh,India
CUS007776,STANDARD,Surat,Gujarat,India
CUS007777,PREMIUM,Visakhapatnam,Andhra Pradesh,India
CUS007778,PREMIUM,Visakhapatnam,Andhra Pradesh,India
CUS007779,PREMIUM,Surat,Gujarat,India
CUS007780,STANDARD,Nagpur,Maharashtra,India
CUS007781,PREMIUM,Mumbai,Maharashtra,India
CUS007782,PREMIUM,Visakhapatnam,Andhra Pradesh,India
CUS007783,STANDARD,Kochi,Kerala,India
CUS007784,PREMIUM,Coimbatore,Tamil Nadu,India
CUS007785,STANDARD,Bhopal,Madhya Pradesh,India
CUS007786,VIP,Nagpur,Maharashtra,India
CUS007787,STANDARD,Coimbatore,Tamil Nadu,India
CUS007788,STANDARD,Indore,Madhya Pradesh,India
CUS007789,STANDARD,Surat,Gujarat,India
CUS007790,STANDARD,Indore,Madhya Pradesh,India
CUS007791,PREMIUM,Bhopal,Madhya Pradesh,India
CUS007792,PREMIUM,Vijayawada,Andhra Pradesh,India
CUS007793,STANDARD,Bhopal,Madhya Pradesh,India
CUS007794,STANDARD,Madurai,Tamil Nadu,India
CUS007795,PREMIUM,Thiruvananthapuram,Kerala,India
CUS007796,PREMIUM,Mysuru,Karnataka,India
CUS007797,VIP,Bhopal,Madhya Pradesh,India
CUS007798,STANDARD,Mysuru,Karnataka,India
CUS007799,PREMIUM,Lucknow,Uttar Pradesh,India
CUS007800,PREMIUM,Chandigarh,Chandigarh,India
CUS007801,STANDARD,Hyderabad,Telangana,India
CUS007802,PREMIUM,Bhubaneswar,Odisha,India
CUS007803,PREMIUM,Thiruvananthapuram,Kerala,India
CUS007804,STANDARD,Chennai,Tamil Nadu,India
CUS007805,STANDARD,Jaipur,Rajasthan,India
CUS007806,STANDARD,Bhopal,Madhya Pradesh,India
CUS007807,STANDARD,Surat,Gujarat,India
CUS007808,STANDARD,Bhubaneswar,Odisha,India
CUS007809,STANDARD,Jaipur,Rajasthan,India
CUS007810,PREMIUM,Kolkata,West Bengal,India
CUS007811,STANDARD,Indore,Madhya Pradesh,India
CUS007812,STANDARD,Indore,Madhya Pradesh,India
CUS007813,PREMIUM,Lucknow,Uttar Pradesh,India
CUS007814,STANDARD,Bhubaneswar,Odisha,India
CUS007815,STANDARD,Gurugram,Haryana,India
CUS007816,PREMIUM,Kochi,Kerala,India
CUS007817,STANDARD,Indore,Madhya Pradesh,India
CUS007818,STANDARD,Chennai,Tamil Nadu,India
CUS007819,PREMIUM,Nashik,Maharashtra,India
CUS007820,VIP,Surat,Gujarat,India
CUS007821,PREMIUM,Thiruvananthapuram,Kerala,India
CUS007822,PREMIUM,Chandigarh,Chandigarh,India
CUS007823,VIP,Madurai,Tamil Nadu,India
CUS007824,STANDARD,Vijayawada,Andhra Pradesh,India
CUS007825,STANDARD,Chennai,Tamil Nadu,India
CUS007826,STANDARD,Nashik,Maharashtra,India
CUS007827,STANDARD,Coimbatore,Tamil Nadu,India
CUS007828,PREMIUM,Bhopal,Madhya Pradesh,India
CUS007829,PREMIUM,Bengaluru,Karnataka,India
CUS007830,STANDARD,Nagpur,Maharashtra,India
CUS007831,PREMIUM,Bengaluru,Karnataka,India
CUS007832,STANDARD,Noida,Uttar Pradesh,India
CUS007833,VIP,Coimbatore,Tamil Nadu,India
CUS007834,STANDARD,Kochi,Kerala,India
CUS007835,PREMIUM,Chennai,Tamil Nadu,India
CUS007836,STANDARD,Bhubaneswar,Odisha,India
CUS007837,STANDARD,Kolkata,West Bengal,India
CUS007838,PREMIUM,Mumbai,Maharashtra,India
CUS007839,PREMIUM,Pune,Maharashtra,India
CUS007840,VIP,Pune,Maharashtra,India
CUS007841,STANDARD,Coimbatore,Tamil Nadu,India
CUS007842,STANDARD,Gurugram,Haryana,India
CUS007843,STANDARD,Kolkata,West Bengal,India
CUS007844,STANDARD,Mumbai,Maharashtra,India
CUS007845,STANDARD,Madurai,Tamil Nadu,India
CUS007846,PREMIUM,Mumbai,Maharashtra,India
CUS007847,STANDARD,Surat,Gujarat,India
CUS007848,STANDARD,Nagpur,Maharashtra,India
CUS007849,VIP,Noida,Uttar Pradesh,India
CUS007850,PREMIUM,Jaipur,Rajasthan,India
CUS007851,PREMIUM,Gurugram,Haryana,India
CUS007852,STANDARD,Noida,Uttar Pradesh,India
CUS007853,VIP,Nashik,Maharashtra,India
CUS007854,PREMIUM,Delhi,Delhi,India
CUS007855,PREMIUM,Coimbatore,Tamil Nadu,India
CUS007856,PREMIUM,Gurugram,Haryana,India
CUS007857,STANDARD,Bhopal,Madhya Pradesh,India
CUS007858,STANDARD,Kolkata,West Bengal,India
CUS007859,STANDARD,Visakhapatnam,Andhra Pradesh,India
CUS007860,STANDARD,Jaipur,Rajasthan,India
CUS007861,STANDARD,Ahmedabad,Gujarat,India
CUS007862,STANDARD,Chandigarh,Chandigarh,India
CUS007863,STANDARD,Mysuru,Karnataka,India
CUS007864,VIP,Coimbatore,Tamil Nadu,India
CUS007865,PREMIUM,Gurugram,Haryana,India
CUS007866,STANDARD,Kolkata,West Bengal,India
CUS007867,PREMIUM,Nashik,Maharashtra,India
CUS007868,PREMIUM,Noida,Uttar Pradesh,India
CUS007869,PREMIUM,Delhi,Delhi,India
CUS007870,PREMIUM,Chennai,Tamil Nadu,India
CUS007871,PREMIUM,Thiruvananthapuram,Kerala,India
CUS007872,PREMIUM,Madurai,Tamil Nadu,India
CUS007873,VIP,Nashik,Maharashtra,India
CUS007874,STANDARD,Ahmedabad,Gujarat,India
CUS007875,STANDARD,Chennai,Tamil Nadu,India
CUS007876,STANDARD,Coimbatore,Tamil Nadu,India
CUS007877,PREMIUM,Lucknow,Uttar Pradesh,India
CUS007878,PREMIUM,Noida,Uttar Pradesh,India
CUS007879,STANDARD,Pune,Maharashtra,India
CUS007880,PREMIUM,Pune,Maharashtra,India
CUS007881,VIP,Chandigarh,Chandigarh,India
CUS007882,PREMIUM,Bhopal,Madhya Pradesh,India
CUS007883,PREMIUM,Nashik,Maharashtra,India
CUS007884,VIP,Nagpur,Maharashtra,India
CUS007885,STANDARD,Kochi,Kerala,India
CUS007886,PREMIUM,Kolkata,West Bengal,India
CUS007887,VIP,Surat,Gujarat,India
CUS007888,PREMIUM,Ahmedabad,Gujarat,India
CUS007889,PREMIUM,Madurai,Tamil Nadu,India
CUS007890,STANDARD,Kochi,Kerala,India
CUS007891,STANDARD,Mysuru,Karnataka,India
CUS007892,PREMIUM,Delhi,Delhi,India
CUS007893,STANDARD,Bhubaneswar,Odisha,India
CUS007894,VIP,Mysuru,Karnataka,India
CUS007895,PREMIUM,Hyderabad,Telangana,India
CUS007896,PREMIUM,Hyderabad,Telangana,India
CUS007897,PREMIUM,Nagpur,Maharashtra,India
CUS007898,PREMIUM,Mumbai,Maharashtra,India
CUS007899,STANDARD,Nashik,Maharashtra,India
CUS007900,PREMIUM,Ahmedabad,Gujarat,India
CUS007901,PREMIUM,Jaipur,Rajasthan,India
CUS007902,PREMIUM,Mysuru,Karnataka,India
CUS007903,STANDARD,Chandigarh,Chandigarh,India
CUS007904,VIP,Bhubaneswar,Odisha,India
CUS007905,STANDARD,Bhopal,Madhya Pradesh,India
CUS007906,STANDARD,Kolkata,West Bengal,India
CUS007907,STANDARD,Noida,Uttar Pradesh,India
CUS007908,PREMIUM,Mysuru,Karnataka,India
CUS007909,PREMIUM,Indore,Madhya Pradesh,India
CUS007910,STANDARD,Ahmedabad,Gujarat,India
CUS007911,STANDARD,Kochi,Kerala,India
CUS007912,STANDARD,Indore,Madhya Pradesh,India
CUS007913,STANDARD,Ahmedabad,Gujarat,India
CUS007914,STANDARD,Pune,Maharashtra,India
CUS007915,STANDARD,Madurai,Tamil Nadu,India
CUS007916,PREMIUM,Coimbatore,Tamil Nadu,India
CUS007917,VIP,Pune,Maharashtra,India
CUS007918,VIP,Hyderabad,Telangana,India
CUS007919,PREMIUM,Kolkata,West Bengal,India
CUS007920,PREMIUM,Gurugram,Haryana,India
CUS007921,VIP,Coimbatore,Tamil Nadu,India
CUS007922,STANDARD,Bhopal,Madhya Pradesh,India
CUS007923,STANDARD,Noida,Uttar Pradesh,India
CUS007924,STANDARD,Visakhapatnam,Andhra Pradesh,India
CUS007925,VIP,Lucknow,Uttar Pradesh,India
CUS007926,STANDARD,Chennai,Tamil Nadu,India
CUS007927,STANDARD,Bhopal,Madhya Pradesh,India
CUS007928,STANDARD,Vijayawada,Andhra Pradesh,India
CUS007929,VIP,Surat,Gujarat,India
CUS007930,STANDARD,Jaipur,Rajasthan,India
CUS007931,PREMIUM,Pune,Maharashtra,India
CUS007932,VIP,Noida,Uttar Pradesh,India
CUS007933,STANDARD,Nashik,Maharashtra,India
CUS007934,STANDARD,Mumbai,Maharashtra,India
CUS007935,STANDARD,Thiruvananthapuram,Kerala,India
CUS007936,PREMIUM,Gurugram,Haryana,India
CUS007937,STANDARD,Lucknow,Uttar Pradesh,India
CUS007938,STANDARD,Madurai,Tamil Nadu,India
CUS007939,STANDARD,Delhi,Delhi,India
CUS007940,STANDARD,Jaipur,Rajasthan,India
CUS007941,VIP,Jaipur,Rajasthan,India
CUS007942,PREMIUM,Bengaluru,Karnataka,India
CUS007943,PREMIUM,Thiruvananthapuram,Kerala,India
CUS007944,VIP,Bhopal,Madhya Pradesh,India
CUS007945,STANDARD,Mysuru,Karnataka,India
CUS007946,VIP,Kochi,Kerala,India
CUS007947,PREMIUM,Bengaluru,Karnataka,India
CUS007948,STANDARD,Bhopal,Madhya Pradesh,India
CUS007949,PREMIUM,Hyderabad,Telangana,India
CUS007950,STANDARD,Madurai,Tamil Nadu,India
CUS007951,PREMIUM,Noida,Uttar Pradesh,India
CUS007952,PREMIUM,Bengaluru,Karnataka,India
CUS007953,VIP,Mumbai,Maharashtra,India
CUS007954,PREMIUM,Bhopal,Madhya Pradesh,India
CUS007955,VIP,Pune,Maharashtra,India
CUS007956,PREMIUM,Bhubaneswar,Odisha,India
CUS007957,VIP,Delhi,Delhi,India
CUS007958,STANDARD,Bhopal,Madhya Pradesh,India
CUS007959,VIP,Nagpur,Maharashtra,India
CUS007960,STANDARD,Nashik,Maharashtra,India
CUS007961,PREMIUM,Gurugram,Haryana,India
CUS007962,STANDARD,Nagpur,Maharashtra,India
CUS007963,STANDARD,Ahmedabad,Gujarat,India
CUS007964,VIP,Gurugram,Haryana,India
CUS007965,VIP,Bengaluru,Karnataka,India
CUS007966,VIP,Bhopal,Madhya Pradesh,India
CUS007967,STANDARD,Madurai,Tamil Nadu,India
CUS007968,STANDARD,Ahmedabad,Gujarat,India
CUS007969,PREMIUM,Mysuru,Karnataka,India
CUS007970,STANDARD,Bengaluru,Karnataka,India
CUS007971,STANDARD,Bhubaneswar,Odisha,India
CUS007972,STANDARD,Madurai,Tamil Nadu,India
CUS007973,PREMIUM,Nagpur,Maharashtra,India
CUS007974,STANDARD,Vijayawada,Andhra Pradesh,India
CUS007975,PREMIUM,Delhi,Delhi,India
CUS007976,PREMIUM,Pune,Maharashtra,India
CUS007977,STANDARD,Vijayawada,Andhra Pradesh,India
CUS007978,STANDARD,Nashik,Maharashtra,India
CUS007979,PREMIUM,Pune,Maharashtra,India
CUS007980,STANDARD,Gurugram,Haryana,India
CUS007981,VIP,Bhubaneswar,Odisha,India
CUS007982,STANDARD,Chandigarh,Chandigarh,India
CUS007983,PREMIUM,Lucknow,Uttar Pradesh,India
CUS007984,STANDARD,Jaipur,Rajasthan,India
CUS007985,VIP,Visakhapatnam,Andhra Pradesh,India
CUS007986,PREMIUM,Delhi,Delhi,India
CUS007987,STANDARD,Jaipur,Rajasthan,India
CUS007988,PREMIUM,Thiruvananthapuram,Kerala,India
CUS007989,STANDARD,Bhubaneswar,Odisha,India
CUS007990,STANDARD,Bhubaneswar,Odisha,India
CUS007991,STANDARD,Indore,Madhya Pradesh,India
CUS007992,PREMIUM,Pune,Maharashtra,India
CUS007993,STANDARD,Mumbai,Maharashtra,India
CUS007994,STANDARD,Chennai,Tamil Nadu,India
CUS007995,STANDARD,Gurugram,Haryana,India
CUS007996,STANDARD,Visakhapatnam,Andhra Pradesh,India
CUS007997,STANDARD,Kochi,Kerala,India
CUS007998,PREMIUM,Madurai,Tamil Nadu,India
CUS007999,STANDARD,Delhi,Delhi,India
CUS008000,STANDARD,Kolkata,West Bengal,India
CUS008001,STANDARD,Lucknow,Uttar Pradesh,India
CUS008002,STANDARD,Kochi,Kerala,India
CUS008003,VIP,Chennai,Tamil Nadu,India
CUS008004,PREMIUM,Indore,Madhya Pradesh,India
CUS008005,PREMIUM,Mumbai,Maharashtra,India
CUS008006,STANDARD,Nagpur,Maharashtra,India
CUS008007,PREMIUM,Jaipur,Rajasthan,India
CUS008008,PREMIUM,Mysuru,Karnataka,India
CUS008009,STANDARD,Gurugram,Haryana,India
CUS008010,STANDARD,Ahmedabad,Gujarat,India
CUS008011,STANDARD,Pune,Maharashtra,India
CUS008012,STANDARD,Thiruvananthapuram,Kerala,India
CUS008013,PREMIUM,Hyderabad,Telangana,India
CUS008014,STANDARD,Ahmedabad,Gujarat,India
CUS008015,VIP,Jaipur,Rajasthan,India
CUS008016,VIP,Gurugram,Haryana,India
CUS008017,STANDARD,Chennai,Tamil Nadu,India
CUS008018,STANDARD,Pune,Maharashtra,India
CUS008019,VIP,Nashik,Maharashtra,India
CUS008020,STANDARD,Lucknow,Uttar Pradesh,India
CUS008021,STANDARD,Madurai,Tamil Nadu,India
CUS008022,STANDARD,Surat,Gujarat,India
CUS008023,PREMIUM,Madurai,Tamil Nadu,India
CUS008024,STANDARD,Nashik,Maharashtra,India
CUS008025,VIP,Bhubaneswar,Odisha,India
CUS008026,PREMIUM,Pune,Maharashtra,India
CUS008027,STANDARD,Ahmedabad,Gujarat,India
CUS008028,VIP,Mumbai,Maharashtra,India
CUS008029,PREMIUM,Vijayawada,Andhra Pradesh,India
CUS008030,PREMIUM,Kochi,Kerala,India
CUS008031,VIP,Mysuru,Karnataka,India
CUS008032,PREMIUM,Jaipur,Rajasthan,India
CUS008033,VIP,Visakhapatnam,Andhra Pradesh,India
CUS008034,VIP,Lucknow,Uttar Pradesh,India
CUS008035,PREMIUM,Vijayawada,Andhra Pradesh,India
CUS008036,STANDARD,Bengaluru,Karnataka,India
CUS008037,PREMIUM,Kochi,Kerala,India
CUS008038,STANDARD,Vijayawada,Andhra Pradesh,India
CUS008039,PREMIUM,Visakhapatnam,Andhra Pradesh,India
CUS008040,STANDARD,Coimbatore,Tamil Nadu,India
CUS008041,STANDARD,Delhi,Delhi,India
CUS008042,VIP,Kochi,Kerala,India
CUS008043,PREMIUM,Gurugram,Haryana,India
CUS008044,STANDARD,Bengaluru,Karnataka,India
CUS008045,VIP,Coimbatore,Tamil Nadu,India
CUS008046,PREMIUM,Mumbai,Maharashtra,India
CUS008047,STANDARD,Chandigarh,Chandigarh,India
CUS008048,STANDARD,Delhi,Delhi,India
CUS008049,PREMIUM,Visakhapatnam,Andhra Pradesh,India
CUS008050,PREMIUM,Bhopal,Madhya Pradesh,India
CUS008051,PREMIUM,Lucknow,Uttar Pradesh,India
CUS008052,VIP,Delhi,Delhi,India
CUS008053,STANDARD,Coimbatore,Tamil Nadu,India
CUS008054,PREMIUM,Madurai,Tamil Nadu,India
CUS008055,PREMIUM,Hyderabad,Telangana,India
CUS008056,PREMIUM,Indore,Madhya Pradesh,India
CUS008057,PREMIUM,Visakhapatnam,Andhra Pradesh,India
CUS008058,STANDARD,Visakhapatnam,Andhra Pradesh,India
CUS008059,STANDARD,Chennai,Tamil Nadu,India
CUS008060,PREMIUM,Thiruvananthapuram,Kerala,India
CUS008061,VIP,Delhi,Delhi,India
CUS008062,STANDARD,Kolkata,West Bengal,India
CUS008063,STANDARD,Lucknow,Uttar Pradesh,India
CUS008064,STANDARD,Bhopal,Madhya Pradesh,India
CUS008065,STANDARD,Surat,Gujarat,India
CUS008066,VIP,Indore,Madhya Pradesh,India
CUS008067,PREMIUM,Chandigarh,Chandigarh,India
CUS008068,PREMIUM,Coimbatore,Tamil Nadu,India
CUS008069,PREMIUM,Ahmedabad,Gujarat,India
CUS008070,VIP,Coimbatore,Tamil Nadu,India
CUS008071,STANDARD,Mysuru,Karnataka,India
CUS008072,STANDARD,Madurai,Tamil Nadu,India
CUS008073,STANDARD,Vijayawada,Andhra Pradesh,India
CUS008074,VIP,Ahmedabad,Gujarat,India
CUS008075,STANDARD,Visakhapatnam,Andhra Pradesh,India
CUS008076,PREMIUM,Bhubaneswar,Odisha,India
CUS008077,STANDARD,Hyderabad,Telangana,India
CUS008078,STANDARD,Noida,Uttar Pradesh,India
CUS008079,PREMIUM,Chennai,Tamil Nadu,India
CUS008080,VIP,Gurugram,Haryana,India
CUS008081,PREMIUM,Madurai,Tamil Nadu,India
CUS008082,STANDARD,Hyderabad,Telangana,India
CUS008083,STANDARD,Visakhapatnam,Andhra Pradesh,India
CUS008084,STANDARD,Bhopal,Madhya Pradesh,India
CUS008085,PREMIUM,Madurai,Tamil Nadu,India
CUS008086,STANDARD,Thiruvananthapuram,Kerala,India
CUS008087,VIP,Bengaluru,Karnataka,India
CUS008088,PREMIUM,Thiruvananthapuram,Kerala,India
CUS008089,STANDARD,Bhubaneswar,Odisha,India
CUS008090,PREMIUM,Kochi,Kerala,India
CUS008091,STANDARD,Surat,Gujarat,India
CUS008092,PREMIUM,Delhi,Delhi,India
CUS008093,PREMIUM,Chennai,Tamil Nadu,India
CUS008094,VIP,Lucknow,Uttar Pradesh,India
CUS008095,PREMIUM,Delhi,Delhi,India
CUS008096,PREMIUM,Chennai,Tamil Nadu,India
CUS008097,PREMIUM,Bhubaneswar,Odisha,India
CUS008098,VIP,Kolkata,West Bengal,India
CUS008099,STANDARD,Kochi,Kerala,India
CUS008100,STANDARD,Thiruvananthapuram,Kerala,India
CUS008101,STANDARD,Chandigarh,Chandigarh,India
CUS008102,STANDARD,Nagpur,Maharashtra,India
CUS008103,STANDARD,Mumbai,Maharashtra,India
CUS008104,STANDARD,Chennai,Tamil Nadu,India
CUS008105,STANDARD,Chennai,Tamil Nadu,India
CUS008106,VIP,Noida,Uttar Pradesh,India
CUS008107,STANDARD,Delhi,Delhi,India
CUS008108,STANDARD,Mysuru,Karnataka,India
CUS008109,PREMIUM,Coimbatore,Tamil Nadu,India
CUS008110,PREMIUM,Chennai,Tamil Nadu,India
CUS008111,PREMIUM,Visakhapatnam,Andhra Pradesh,India
CUS008112,VIP,Chennai,Tamil Nadu,India
CUS008113,STANDARD,Gurugram,Haryana,India
CUS008114,STANDARD,Mysuru,Karnataka,India
CUS008115,PREMIUM,Chandigarh,Chandigarh,India
CUS008116,STANDARD,Gurugram,Haryana,India
CUS008117,PREMIUM,Gurugram,Haryana,India
CUS008118,PREMIUM,Nashik,Maharashtra,India
CUS008119,PREMIUM,Jaipur,Rajasthan,India
CUS008120,PREMIUM,Gurugram,Haryana,India
CUS008121,VIP,Ahmedabad,Gujarat,India
CUS008122,VIP,Vijayawada,Andhra Pradesh,India
CUS008123,VIP,Bengaluru,Karnataka,India
CUS008124,STANDARD,Lucknow,Uttar Pradesh,India
CUS008125,STANDARD,Thiruvananthapuram,Kerala,India
CUS008126,STANDARD,Visakhapatnam,Andhra Pradesh,India
CUS008127,STANDARD,Bhubaneswar,Odisha,India
CUS008128,PREMIUM,Delhi,Delhi,India
CUS008129,PREMIUM,Vijayawada,Andhra Pradesh,India
CUS008130,STANDARD,Vijayawada,Andhra Pradesh,India
CUS008131,STANDARD,Bhubaneswar,Odisha,India
CUS008132,VIP,Surat,Gujarat,India
CUS008133,PREMIUM,Coimbatore,Tamil Nadu,India
CUS008134,PREMIUM,Surat,Gujarat,India
CUS008135,PREMIUM,Gurugram,Haryana,India
CUS008136,PREMIUM,Mumbai,Maharashtra,India
CUS008137,PREMIUM,Thiruvananthapuram,Kerala,India
CUS008138,STANDARD,Coimbatore,Tamil Nadu,India
CUS008139,STANDARD,Nagpur,Maharashtra,India
CUS008140,STANDARD,Nagpur,Maharashtra,India
CUS008141,PREMIUM,Delhi,Delhi,India
CUS008142,VIP,Mysuru,Karnataka,India
CUS008143,STANDARD,Madurai,Tamil Nadu,India
CUS008144,VIP,Nashik,Maharashtra,India
CUS008145,VIP,Noida,Uttar Pradesh,India
CUS008146,STANDARD,Chennai,Tamil Nadu,India
CUS008147,STANDARD,Bhopal,Madhya Pradesh,India
CUS008148,PREMIUM,Coimbatore,Tamil Nadu,India
CUS008149,PREMIUM,Chandigarh,Chandigarh,India
CUS008150,PREMIUM,Mumbai,Maharashtra,India
CUS008151,PREMIUM,Surat,Gujarat,India
CUS008152,STANDARD,Gurugram,Haryana,India
CUS008153,STANDARD,Bengaluru,Karnataka,India
CUS008154,STANDARD,Kolkata,West Bengal,India
CUS008155,STANDARD,Kolkata,West Bengal,India
CUS008156,STANDARD,Vijayawada,Andhra Pradesh,India
CUS008157,STANDARD,Gurugram,Haryana,India
CUS008158,STANDARD,Kochi,Kerala,India
CUS008159,STANDARD,Bhopal,Madhya Pradesh,India
CUS008160,PREMIUM,Bengaluru,Karnataka,India
CUS008161,STANDARD,Hyderabad,Telangana,India
CUS008162,STANDARD,Pune,Maharashtra,India
CUS008163,VIP,Indore,Madhya Pradesh,India
CUS008164,VIP,Visakhapatnam,Andhra Pradesh,India
CUS008165,STANDARD,Nagpur,Maharashtra,India
CUS008166,STANDARD,Ahmedabad,Gujarat,India
CUS008167,PREMIUM,Delhi,Delhi,India
CUS008168,VIP,Mumbai,Maharashtra,India
CUS008169,STANDARD,Surat,Gujarat,India
CUS008170,PREMIUM,Mysuru,Karnataka,India
CUS008171,PREMIUM,Noida,Uttar Pradesh,India
CUS008172,PREMIUM,Madurai,Tamil Nadu,India
CUS008173,VIP,Pune,Maharashtra,India
CUS008174,STANDARD,Thiruvananthapuram,Kerala,India
CUS008175,PREMIUM,Bhopal,Madhya Pradesh,India
CUS008176,STANDARD,Chennai,Tamil Nadu,India
CUS008177,PREMIUM,Chandigarh,Chandigarh,India
CUS008178,PREMIUM,Chandigarh,Chandigarh,India
CUS008179,VIP,Hyderabad,Telangana,India
CUS008180,STANDARD,Chennai,Tamil Nadu,India
CUS008181,VIP,Coimbatore,Tamil Nadu,India
CUS008182,PREMIUM,Bengaluru,Karnataka,India
CUS008183,PREMIUM,Noida,Uttar Pradesh,India
CUS008184,STANDARD,Mysuru,Karnataka,India
CUS008185,PREMIUM,Nagpur,Maharashtra,India
CUS008186,STANDARD,Thiruvananthapuram,Kerala,India
CUS008187,VIP,Chandigarh,Chandigarh,India
CUS008188,PREMIUM,Chennai,Tamil Nadu,India
CUS008189,STANDARD,Nashik,Maharashtra,India
CUS008190,STANDARD,Chandigarh,Chandigarh,India
CUS008191,STANDARD,Chandigarh,Chandigarh,India
CUS008192,STANDARD,Lucknow,Uttar Pradesh,India
CUS008193,STANDARD,Gurugram,Haryana,India
CUS008194,STANDARD,Nagpur,Maharashtra,India
CUS008195,STANDARD,Surat,Gujarat,India
CUS008196,STANDARD,Bhubaneswar,Odisha,India
CUS008197,STANDARD,Nagpur,Maharashtra,India
CUS008198,STANDARD,Indore,Madhya Pradesh,India
CUS008199,STANDARD,Indore,Madhya Pradesh,India
CUS008200,STANDARD,Jaipur,Rajasthan,India
CUS008201,PREMIUM,Delhi,Delhi,India
CUS008202,PREMIUM,Kochi,Kerala,India
CUS008203,STANDARD,Kochi,Kerala,India
CUS008204,VIP,Chandigarh,Chandigarh,India
CUS008205,PREMIUM,Nashik,Maharashtra,India
CUS008206,STANDARD,Nashik,Maharashtra,India
CUS008207,STANDARD,Bhopal,Madhya Pradesh,India
CUS008208,VIP,Noida,Uttar Pradesh,India
CUS008209,STANDARD,Nagpur,Maharashtra,India
CUS008210,VIP,Nagpur,Maharashtra,India
CUS008211,STANDARD,Nagpur,Maharashtra,India
CUS008212,VIP,Hyderabad,Telangana,India
CUS008213,STANDARD,Lucknow,Uttar Pradesh,India
CUS008214,VIP,Pune,Maharashtra,India
CUS008215,PREMIUM,Nagpur,Maharashtra,India
CUS008216,VIP,Chennai,Tamil Nadu,India
CUS008217,STANDARD,Kolkata,West Bengal,India
CUS008218,STANDARD,Vijayawada,Andhra Pradesh,India
CUS008219,PREMIUM,Bhopal,Madhya Pradesh,India
CUS008220,VIP,Jaipur,Rajasthan,India
CUS008221,PREMIUM,Gurugram,Haryana,India
CUS008222,VIP,Mysuru,Karnataka,India
CUS008223,PREMIUM,Thiruvananthapuram,Kerala,India
CUS008224,PREMIUM,Pune,Maharashtra,India
CUS008225,PREMIUM,Gurugram,Haryana,India
CUS008226,STANDARD,Mumbai,Maharashtra,India
CUS008227,STANDARD,Gurugram,Haryana,India
CUS008228,STANDARD,Bengaluru,Karnataka,India
CUS008229,PREMIUM,Ahmedabad,Gujarat,India
CUS008230,VIP,Noida,Uttar Pradesh,India
CUS008231,VIP,Nashik,Maharashtra,India
CUS008232,STANDARD,Bhubaneswar,Odisha,India
CUS008233,STANDARD,Noida,Uttar Pradesh,India
CUS008234,STANDARD,Chennai,Tamil Nadu,India
CUS008235,PREMIUM,Gurugram,Haryana,India
CUS008236,PREMIUM,Kochi,Kerala,India
CUS008237,PREMIUM,Mysuru,Karnataka,India
CUS008238,PREMIUM,Hyderabad,Telangana,India
CUS008239,STANDARD,Kochi,Kerala,India
CUS008240,PREMIUM,Noida,Uttar Pradesh,India
CUS008241,STANDARD,Bengaluru,Karnataka,India
CUS008242,STANDARD,Indore,Madhya Pradesh,India
CUS008243,STANDARD,Kolkata,West Bengal,India
CUS008244,VIP,Kochi,Kerala,India
CUS008245,STANDARD,Bengaluru,Karnataka,India
CUS008246,STANDARD,Bhubaneswar,Odisha,India
CUS008247,STANDARD,Nagpur,Maharashtra,India
CUS008248,PREMIUM,Nagpur,Maharashtra,India
CUS008249,VIP,Coimbatore,Tamil Nadu,India
CUS008250,PREMIUM,Pune,Maharashtra,India
CUS008251,PREMIUM,Bhubaneswar,Odisha,India
CUS008252,VIP,Nagpur,Maharashtra,India
CUS008253,VIP,Bhubaneswar,Odisha,India
CUS008254,STANDARD,Visakhapatnam,Andhra Pradesh,India
CUS008255,VIP,Indore,Madhya Pradesh,India
CUS008256,STANDARD,Nagpur,Maharashtra,India
CUS008257,STANDARD,Surat,Gujarat,India
CUS008258,VIP,Bhopal,Madhya Pradesh,India
CUS008259,VIP,Jaipur,Rajasthan,India
CUS008260,PREMIUM,Nagpur,Maharashtra,India
CUS008261,VIP,Bengaluru,Karnataka,India
CUS008262,PREMIUM,Chennai,Tamil Nadu,India
CUS008263,VIP,Coimbatore,Tamil Nadu,India
CUS008264,PREMIUM,Chandigarh,Chandigarh,India
CUS008265,PREMIUM,Coimbatore,Tamil Nadu,India
CUS008266,PREMIUM,Mysuru,Karnataka,India
CUS008267,PREMIUM,Chennai,Tamil Nadu,India
CUS008268,STANDARD,Indore,Madhya Pradesh,India
CUS008269,PREMIUM,Lucknow,Uttar Pradesh,India
CUS008270,STANDARD,Gurugram,Haryana,India
CUS008271,STANDARD,Bhopal,Madhya Pradesh,India
CUS008272,PREMIUM,Hyderabad,Telangana,India
CUS008273,STANDARD,Visakhapatnam,Andhra Pradesh,India
CUS008274,PREMIUM,Chandigarh,Chandigarh,India
CUS008275,PREMIUM,Visakhapatnam,Andhra Pradesh,India
CUS008276,STANDARD,Visakhapatnam,Andhra Pradesh,India
CUS008277,VIP,Delhi,Delhi,India
CUS008278,PREMIUM,Bhubaneswar,Odisha,India
CUS008279,STANDARD,Hyderabad,Telangana,India
CUS008280,STANDARD,Delhi,Delhi,India
CUS008281,VIP,Madurai,Tamil Nadu,India
CUS008282,PREMIUM,Delhi,Delhi,India
CUS008283,STANDARD,Coimbatore,Tamil Nadu,India
CUS008284,VIP,Hyderabad,Telangana,India
CUS008285,STANDARD,Gurugram,Haryana,India
CUS008286,STANDARD,Surat,Gujarat,India
CUS008287,STANDARD,Noida,Uttar Pradesh,India
CUS008288,PREMIUM,Mumbai,Maharashtra,India
CUS008289,STANDARD,Vijayawada,Andhra Pradesh,India
CUS008290,STANDARD,Bengaluru,Karnataka,India
CUS008291,STANDARD,Noida,Uttar Pradesh,India
CUS008292,PREMIUM,Vijayawada,Andhra Pradesh,India
CUS008293,STANDARD,Gurugram,Haryana,India
CUS008294,STANDARD,Ahmedabad,Gujarat,India
CUS008295,STANDARD,Lucknow,Uttar Pradesh,India
CUS008296,PREMIUM,Vijayawada,Andhra Pradesh,India
CUS008297,PREMIUM,Indore,Madhya Pradesh,India
CUS008298,PREMIUM,Hyderabad,Telangana,India
CUS008299,PREMIUM,Gurugram,Haryana,India
CUS008300,STANDARD,Thiruvananthapuram,Kerala,India
CUS008301,STANDARD,Coimbatore,Tamil Nadu,India
CUS008302,STANDARD,Nagpur,Maharashtra,India
CUS008303,PREMIUM,Bhopal,Madhya Pradesh,India
CUS008304,STANDARD,Jaipur,Rajasthan,India
CUS008305,STANDARD,Delhi,Delhi,India
CUS008306,PREMIUM,Kolkata,West Bengal,India
CUS008307,STANDARD,Chandigarh,Chandigarh,India
CUS008308,PREMIUM,Hyderabad,Telangana,India
CUS008309,STANDARD,Mumbai,Maharashtra,India
CUS008310,STANDARD,Kochi,Kerala,India
CUS008311,VIP,Chennai,Tamil Nadu,India
CUS008312,VIP,Mysuru,Karnataka,India
CUS008313,PREMIUM,Jaipur,Rajasthan,India
CUS008314,STANDARD,Jaipur,Rajasthan,India
CUS008315,STANDARD,Jaipur,Rajasthan,India
CUS008316,STANDARD,Kolkata,West Bengal,India
CUS008317,VIP,Chennai,Tamil Nadu,India
CUS008318,VIP,Coimbatore,Tamil Nadu,India
CUS008319,STANDARD,Delhi,Delhi,India
CUS008320,PREMIUM,Surat,Gujarat,India
CUS008321,STANDARD,Nagpur,Maharashtra,India
CUS008322,STANDARD,Visakhapatnam,Andhra Pradesh,India
CUS008323,STANDARD,Hyderabad,Telangana,India
CUS008324,STANDARD,Noida,Uttar Pradesh,India
CUS008325,STANDARD,Bhopal,Madhya Pradesh,India
CUS008326,VIP,Chennai,Tamil Nadu,India
CUS008327,STANDARD,Vijayawada,Andhra Pradesh,India
CUS008328,STANDARD,Ahmedabad,Gujarat,India
CUS008329,STANDARD,Surat,Gujarat,India
CUS008330,STANDARD,Bhopal,Madhya Pradesh,India
CUS008331,STANDARD,Delhi,Delhi,India
CUS008332,VIP,Chandigarh,Chandigarh,India
CUS008333,STANDARD,Surat,Gujarat,India
CUS008334,PREMIUM,Bhopal,Madhya Pradesh,India
CUS008335,STANDARD,Jaipur,Rajasthan,India
CUS008336,PREMIUM,Lucknow,Uttar Pradesh,India
CUS008337,PREMIUM,Surat,Gujarat,India
CUS008338,STANDARD,Mumbai,Maharashtra,India
CUS008339,STANDARD,Kolkata,West Bengal,India
CUS008340,STANDARD,Madurai,Tamil Nadu,India
CUS008341,STANDARD,Jaipur,Rajasthan,India
CUS008342,PREMIUM,Nagpur,Maharashtra,India
CUS008343,PREMIUM,Vijayawada,Andhra Pradesh,India
CUS008344,VIP,Jaipur,Rajasthan,India
CUS008345,STANDARD,Bengaluru,Karnataka,India
CUS008346,PREMIUM,Visakhapatnam,Andhra Pradesh,India
CUS008347,STANDARD,Bhubaneswar,Odisha,India
CUS008348,STANDARD,Chandigarh,Chandigarh,India
CUS008349,STANDARD,Bhopal,Madhya Pradesh,India
CUS008350,STANDARD,Coimbatore,Tamil Nadu,India
CUS008351,STANDARD,Vijayawada,Andhra Pradesh,India
CUS008352,VIP,Lucknow,Uttar Pradesh,India
CUS008353,STANDARD,Mumbai,Maharashtra,India
CUS008354,PREMIUM,Coimbatore,Tamil Nadu,India
CUS008355,PREMIUM,Vijayawada,Andhra Pradesh,India
CUS008356,STANDARD,Delhi,Delhi,India
CUS008357,PREMIUM,Chennai,Tamil Nadu,India
CUS008358,PREMIUM,Chennai,Tamil Nadu,India
CUS008359,STANDARD,Ahmedabad,Gujarat,India
CUS008360,VIP,Chandigarh,Chandigarh,India
CUS008361,PREMIUM,Noida,Uttar Pradesh,India
CUS008362,STANDARD,Jaipur,Rajasthan,India
CUS008363,VIP,Mysuru,Karnataka,India
CUS008364,VIP,Pune,Maharashtra,India
CUS008365,PREMIUM,Noida,Uttar Pradesh,India
CUS008366,PREMIUM,Chandigarh,Chandigarh,India
CUS008367,STANDARD,Mysuru,Karnataka,India
CUS008368,PREMIUM,Chandigarh,Chandigarh,India
CUS008369,VIP,Hyderabad,Telangana,India
CUS008370,STANDARD,Mumbai,Maharashtra,India
CUS008371,STANDARD,Bengaluru,Karnataka,India
CUS008372,STANDARD,Delhi,Delhi,India
CUS008373,STANDARD,Mumbai,Maharashtra,India
CUS008374,VIP,Kochi,Kerala,India
CUS008375,PREMIUM,Bhubaneswar,Odisha,India
CUS008376,STANDARD,Nagpur,Maharashtra,India
CUS008377,STANDARD,Visakhapatnam,Andhra Pradesh,India
CUS008378,VIP,Visakhapatnam,Andhra Pradesh,India
CUS008379,PREMIUM,Madurai,Tamil Nadu,India
CUS008380,PREMIUM,Gurugram,Haryana,India
CUS008381,STANDARD,Visakhapatnam,Andhra Pradesh,India
CUS008382,STANDARD,Nashik,Maharashtra,India
CUS008383,STANDARD,Visakhapatnam,Andhra Pradesh,India
CUS008384,VIP,Noida,Uttar Pradesh,India
CUS008385,PREMIUM,Jaipur,Rajasthan,India
CUS008386,STANDARD,Mysuru,Karnataka,India
CUS008387,STANDARD,Surat,Gujarat,India
CUS008388,STANDARD,Chennai,Tamil Nadu,India
CUS008389,STANDARD,Nashik,Maharashtra,India
CUS008390,PREMIUM,Chennai,Tamil Nadu,India
CUS008391,STANDARD,Vijayawada,Andhra Pradesh,India
CUS008392,STANDARD,Delhi,Delhi,India
CUS008393,PREMIUM,Indore,Madhya Pradesh,India
CUS008394,STANDARD,Ahmedabad,Gujarat,India
CUS008395,PREMIUM,Kochi,Kerala,India
CUS008396,STANDARD,Kochi,Kerala,India
CUS008397,STANDARD,Madurai,Tamil Nadu,India
CUS008398,PREMIUM,Chennai,Tamil Nadu,India
CUS008399,STANDARD,Bhubaneswar,Odisha,India
CUS008400,STANDARD,Kochi,Kerala,India
CUS008401,PREMIUM,Chennai,Tamil Nadu,India
CUS008402,PREMIUM,Bhubaneswar,Odisha,India
CUS008403,PREMIUM,Pune,Maharashtra,India
CUS008404,VIP,Pune,Maharashtra,India
CUS008405,VIP,Bhopal,Madhya Pradesh,India
CUS008406,PREMIUM,Delhi,Delhi,India
CUS008407,STANDARD,Nagpur,Maharashtra,India
CUS008408,STANDARD,Delhi,Delhi,India
CUS008409,PREMIUM,Nashik,Maharashtra,India
CUS008410,VIP,Gurugram,Haryana,India
CUS008411,STANDARD,Lucknow,Uttar Pradesh,India
CUS008412,STANDARD,Bhubaneswar,Odisha,India
CUS008413,STANDARD,Coimbatore,Tamil Nadu,India
CUS008414,PREMIUM,Nagpur,Maharashtra,India
CUS008415,STANDARD,Chennai,Tamil Nadu,India
CUS008416,PREMIUM,Vijayawada,Andhra Pradesh,India
CUS008417,STANDARD,Ahmedabad,Gujarat,India
CUS008418,PREMIUM,Kolkata,West Bengal,India
CUS008419,PREMIUM,Kochi,Kerala,India
CUS008420,STANDARD,Bhopal,Madhya Pradesh,India
CUS008421,STANDARD,Ahmedabad,Gujarat,India
CUS008422,PREMIUM,Noida,Uttar Pradesh,India
CUS008423,STANDARD,Gurugram,Haryana,India
CUS008424,STANDARD,Bhubaneswar,Odisha,India
CUS008425,STANDARD,Lucknow,Uttar Pradesh,India
CUS008426,VIP,Pune,Maharashtra,India
CUS008427,PREMIUM,Thiruvananthapuram,Kerala,India
CUS008428,STANDARD,Mumbai,Maharashtra,India
CUS008429,VIP,Kochi,Kerala,India
CUS008430,PREMIUM,Lucknow,Uttar Pradesh,India
CUS008431,STANDARD,Pune,Maharashtra,India
CUS008432,STANDARD,Lucknow,Uttar Pradesh,India
CUS008433,STANDARD,Delhi,Delhi,India
CUS008434,STANDARD,Kolkata,West Bengal,India
CUS008435,PREMIUM,Chennai,Tamil Nadu,India
CUS008436,VIP,Bhubaneswar,Odisha,India
CUS008437,PREMIUM,Thiruvananthapuram,Kerala,India
CUS008438,PREMIUM,Mumbai,Maharashtra,India
CUS008439,STANDARD,Bhubaneswar,Odisha,India
CUS008440,STANDARD,Vijayawada,Andhra Pradesh,India
CUS008441,VIP,Thiruvananthapuram,Kerala,India
CUS008442,PREMIUM,Bhopal,Madhya Pradesh,India
CUS008443,STANDARD,Ahmedabad,Gujarat,India
CUS008444,STANDARD,Pune,Maharashtra,India
CUS008445,STANDARD,Surat,Gujarat,India
CUS008446,STANDARD,Noida,Uttar Pradesh,India
CUS008447,PREMIUM,Surat,Gujarat,India
CUS008448,STANDARD,Mumbai,Maharashtra,India
CUS008449,STANDARD,Bhopal,Madhya Pradesh,India
CUS008450,STANDARD,Surat,Gujarat,India
CUS008451,STANDARD,Kolkata,West Bengal,India
CUS008452,STANDARD,Madurai,Tamil Nadu,India
CUS008453,PREMIUM,Delhi,Delhi,India
CUS008454,VIP,Mumbai,Maharashtra,India
CUS008455,PREMIUM,Indore,Madhya Pradesh,India
CUS008456,STANDARD,Mysuru,Karnataka,India
CUS008457,STANDARD,Ahmedabad,Gujarat,India
CUS008458,PREMIUM,Kolkata,West Bengal,India
CUS008459,STANDARD,Gurugram,Haryana,India
CUS008460,PREMIUM,Bhubaneswar,Odisha,India
CUS008461,STANDARD,Bengaluru,Karnataka,India
CUS008462,STANDARD,Noida,Uttar Pradesh,India
CUS008463,PREMIUM,Bengaluru,Karnataka,India
CUS008464,VIP,Nashik,Maharashtra,India
CUS008465,PREMIUM,Mysuru,Karnataka,India
CUS008466,PREMIUM,Mumbai,Maharashtra,India
CUS008467,VIP,Jaipur,Rajasthan,India
CUS008468,PREMIUM,Thiruvananthapuram,Kerala,India
CUS008469,PREMIUM,Bhubaneswar,Odisha,India
CUS008470,STANDARD,Noida,Uttar Pradesh,India
CUS008471,STANDARD,Nashik,Maharashtra,India
CUS008472,STANDARD,Madurai,Tamil Nadu,India
CUS008473,STANDARD,Indore,Madhya Pradesh,India
CUS008474,PREMIUM,Noida,Uttar Pradesh,India
CUS008475,VIP,Indore,Madhya Pradesh,India
CUS008476,VIP,Mysuru,Karnataka,India
CUS008477,STANDARD,Thiruvananthapuram,Kerala,India
CUS008478,STANDARD,Surat,Gujarat,India
CUS008479,PREMIUM,Coimbatore,Tamil Nadu,India
CUS008480,VIP,Pune,Maharashtra,India
CUS008481,STANDARD,Kochi,Kerala,India
CUS008482,STANDARD,Surat,Gujarat,India
CUS008483,PREMIUM,Noida,Uttar Pradesh,India
CUS008484,STANDARD,Mumbai,Maharashtra,India
CUS008485,STANDARD,Mumbai,Maharashtra,India
CUS008486,STANDARD,Gurugram,Haryana,India
CUS008487,PREMIUM,Noida,Uttar Pradesh,India
CUS008488,PREMIUM,Indore,Madhya Pradesh,India
CUS008489,STANDARD,Indore,Madhya Pradesh,India
CUS008490,PREMIUM,Visakhapatnam,Andhra Pradesh,India
CUS008491,STANDARD,Jaipur,Rajasthan,India
CUS008492,PREMIUM,Vijayawada,Andhra Pradesh,India
CUS008493,PREMIUM,Ahmedabad,Gujarat,India
CUS008494,VIP,Mysuru,Karnataka,India
CUS008495,STANDARD,Lucknow,Uttar Pradesh,India
CUS008496,STANDARD,Jaipur,Rajasthan,India
CUS008497,STANDARD,Mumbai,Maharashtra,India
CUS008498,STANDARD,Jaipur,Rajasthan,India
CUS008499,STANDARD,Mumbai,Maharashtra,India
CUS008500,STANDARD,Mumbai,Maharashtra,India
CUS008501,PREMIUM,Visakhapatnam,Andhra Pradesh,India
CUS008502,PREMIUM,Indore,Madhya Pradesh,India
CUS008503,STANDARD,Gurugram,Haryana,India
CUS008504,STANDARD,Pune,Maharashtra,India
CUS008505,VIP,Noida,Uttar Pradesh,India
CUS008506,PREMIUM,Noida,Uttar Pradesh,India
CUS008507,STANDARD,Indore,Madhya Pradesh,India
CUS008508,STANDARD,Nagpur,Maharashtra,India
CUS008509,VIP,Hyderabad,Telangana,India
CUS008510,STANDARD,Mumbai,Maharashtra,India
CUS008511,STANDARD,Bhubaneswar,Odisha,India
CUS008512,STANDARD,Nashik,Maharashtra,India
CUS008513,STANDARD,Delhi,Delhi,India
CUS008514,STANDARD,Visakhapatnam,Andhra Pradesh,India
CUS008515,VIP,Nashik,Maharashtra,India
CUS008516,VIP,Indore,Madhya Pradesh,India
CUS008517,STANDARD,Chandigarh,Chandigarh,India
CUS008518,STANDARD,Vijayawada,Andhra Pradesh,India
CUS008519,STANDARD,Mumbai,Maharashtra,India
CUS008520,VIP,Nagpur,Maharashtra,India
CUS008521,PREMIUM,Lucknow,Uttar Pradesh,India
CUS008522,VIP,Surat,Gujarat,India
CUS008523,STANDARD,Ahmedabad,Gujarat,India
CUS008524,STANDARD,Bengaluru,Karnataka,India
CUS008525,PREMIUM,Bhopal,Madhya Pradesh,India
CUS008526,STANDARD,Vijayawada,Andhra Pradesh,India
CUS008527,VIP,Indore,Madhya Pradesh,India
CUS008528,STANDARD,Delhi,Delhi,India
CUS008529,PREMIUM,Nagpur,Maharashtra,India
CUS008530,PREMIUM,Thiruvananthapuram,Kerala,India
CUS008531,STANDARD,Mumbai,Maharashtra,India
CUS008532,PREMIUM,Vijayawada,Andhra Pradesh,India
CUS008533,PREMIUM,Visakhapatnam,Andhra Pradesh,India
CUS008534,STANDARD,Gurugram,Haryana,India
CUS008535,STANDARD,Surat,Gujarat,India
CUS008536,STANDARD,Thiruvananthapuram,Kerala,India
CUS008537,STANDARD,Bhubaneswar,Odisha,India
CUS008538,STANDARD,Bhopal,Madhya Pradesh,India
CUS008539,PREMIUM,Indore,Madhya Pradesh,India
CUS008540,STANDARD,Noida,Uttar Pradesh,India
CUS008541,VIP,Mumbai,Maharashtra,India
CUS008542,STANDARD,Bengaluru,Karnataka,India
CUS008543,VIP,Lucknow,Uttar Pradesh,India
CUS008544,STANDARD,Visakhapatnam,Andhra Pradesh,India
CUS008545,STANDARD,Kochi,Kerala,India
CUS008546,PREMIUM,Surat,Gujarat,India
CUS008547,VIP,Ahmedabad,Gujarat,India
CUS008548,STANDARD,Vijayawada,Andhra Pradesh,India
CUS008549,VIP,Bhopal,Madhya Pradesh,India
CUS008550,STANDARD,Pune,Maharashtra,India
CUS008551,STANDARD,Coimbatore,Tamil Nadu,India
CUS008552,STANDARD,Jaipur,Rajasthan,India
CUS008553,PREMIUM,Visakhapatnam,Andhra Pradesh,India
CUS008554,STANDARD,Ahmedabad,Gujarat,India
CUS008555,VIP,Coimbatore,Tamil Nadu,India
CUS008556,VIP,Coimbatore,Tamil Nadu,India
CUS008557,PREMIUM,Ahmedabad,Gujarat,India
CUS008558,STANDARD,Delhi,Delhi,India
CUS008559,VIP,Indore,Madhya Pradesh,India
CUS008560,PREMIUM,Coimbatore,Tamil Nadu,India
CUS008561,PREMIUM,Gurugram,Haryana,India
CUS008562,STANDARD,Madurai,Tamil Nadu,India
CUS008563,STANDARD,Visakhapatnam,Andhra Pradesh,India
CUS008564,STANDARD,Bhubaneswar,Odisha,India
CUS008565,VIP,Delhi,Delhi,India
CUS008566,PREMIUM,Bhubaneswar,Odisha,India
CUS008567,PREMIUM,Thiruvananthapuram,Kerala,India
CUS008568,STANDARD,Hyderabad,Telangana,India
CUS008569,STANDARD,Hyderabad,Telangana,India
CUS008570,STANDARD,Jaipur,Rajasthan,India
CUS008571,STANDARD,Delhi,Delhi,India
CUS008572,VIP,Coimbatore,Tamil Nadu,India
CUS008573,PREMIUM,Visakhapatnam,Andhra Pradesh,India
CUS008574,PREMIUM,Bhubaneswar,Odisha,India
CUS008575,STANDARD,Thiruvananthapuram,Kerala,India
CUS008576,STANDARD,Pune,Maharashtra,India
CUS008577,VIP,Kolkata,West Bengal,India
CUS008578,PREMIUM,Delhi,Delhi,India
CUS008579,PREMIUM,Chennai,Tamil Nadu,India
CUS008580,VIP,Kochi,Kerala,India
CUS008581,PREMIUM,Gurugram,Haryana,India
CUS008582,STANDARD,Delhi,Delhi,India
CUS008583,PREMIUM,Bhopal,Madhya Pradesh,India
CUS008584,PREMIUM,Nagpur,Maharashtra,India
CUS008585,PREMIUM,Nashik,Maharashtra,India
CUS008586,STANDARD,Ahmedabad,Gujarat,India
CUS008587,STANDARD,Kolkata,West Bengal,India
CUS008588,STANDARD,Surat,Gujarat,India
CUS008589,PREMIUM,Bengaluru,Karnataka,India
CUS008590,STANDARD,Thiruvananthapuram,Kerala,India
CUS008591,STANDARD,Indore,Madhya Pradesh,India
CUS008592,VIP,Thiruvananthapuram,Kerala,India
CUS008593,STANDARD,Chandigarh,Chandigarh,India
CUS008594,STANDARD,Vijayawada,Andhra Pradesh,India
CUS008595,VIP,Chennai,Tamil Nadu,India
CUS008596,STANDARD,Chandigarh,Chandigarh,India
CUS008597,PREMIUM,Ahmedabad,Gujarat,India
CUS008598,VIP,Kolkata,West Bengal,India
CUS008599,STANDARD,Madurai,Tamil Nadu,India
CUS008600,STANDARD,Surat,Gujarat,India
CUS008601,PREMIUM,Indore,Madhya Pradesh,India
CUS008602,STANDARD,Bhopal,Madhya Pradesh,India
CUS008603,VIP,Lucknow,Uttar Pradesh,India
CUS008604,PREMIUM,Kochi,Kerala,India
CUS008605,VIP,Delhi,Delhi,India
CUS008606,STANDARD,Bhubaneswar,Odisha,India
CUS008607,STANDARD,Bhopal,Madhya Pradesh,India
CUS008608,PREMIUM,Chandigarh,Chandigarh,India
CUS008609,STANDARD,Chandigarh,Chandigarh,India
CUS008610,STANDARD,Vijayawada,Andhra Pradesh,India
CUS008611,VIP,Nagpur,Maharashtra,India
CUS008612,STANDARD,Mysuru,Karnataka,India
CUS008613,PREMIUM,Bhubaneswar,Odisha,India
CUS008614,STANDARD,Mysuru,Karnataka,India
CUS008615,VIP,Ahmedabad,Gujarat,India
CUS008616,STANDARD,Nashik,Maharashtra,India
CUS008617,STANDARD,Mumbai,Maharashtra,India
CUS008618,STANDARD,Mumbai,Maharashtra,India
CUS008619,STANDARD,Nashik,Maharashtra,India
CUS008620,VIP,Gurugram,Haryana,India
CUS008621,STANDARD,Nagpur,Maharashtra,India
CUS008622,PREMIUM,Bengaluru,Karnataka,India
CUS008623,PREMIUM,Nashik,Maharashtra,India
CUS008624,VIP,Coimbatore,Tamil Nadu,India
CUS008625,STANDARD,Madurai,Tamil Nadu,India
CUS008626,PREMIUM,Bhopal,Madhya Pradesh,India
CUS008627,STANDARD,Mysuru,Karnataka,India
CUS008628,STANDARD,Madurai,Tamil Nadu,India
CUS008629,STANDARD,Noida,Uttar Pradesh,India
CUS008630,PREMIUM,Hyderabad,Telangana,India
CUS008631,PREMIUM,Surat,Gujarat,India
CUS008632,PREMIUM,Kochi,Kerala,India
CUS008633,STANDARD,Surat,Gujarat,India
CUS008634,PREMIUM,Thiruvananthapuram,Kerala,India
CUS008635,PREMIUM,Pune,Maharashtra,India
CUS008636,STANDARD,Chennai,Tamil Nadu,India
CUS008637,STANDARD,Mumbai,Maharashtra,India
CUS008638,PREMIUM,Bhopal,Madhya Pradesh,India
CUS008639,PREMIUM,Chandigarh,Chandigarh,India
CUS008640,PREMIUM,Bhubaneswar,Odisha,India
CUS008641,STANDARD,Bhubaneswar,Odisha,India
CUS008642,VIP,Hyderabad,Telangana,India
CUS008643,PREMIUM,Surat,Gujarat,India
CUS008644,VIP,Coimbatore,Tamil Nadu,India
CUS008645,STANDARD,Vijayawada,Andhra Pradesh,India
CUS008646,STANDARD,Madurai,Tamil Nadu,India
CUS008647,STANDARD,Vijayawada,Andhra Pradesh,India
CUS008648,STANDARD,Vijayawada,Andhra Pradesh,India
CUS008649,STANDARD,Ahmedabad,Gujarat,India
CUS008650,STANDARD,Nagpur,Maharashtra,India
CUS008651,VIP,Indore,Madhya Pradesh,India
CUS008652,STANDARD,Kochi,Kerala,India
CUS008653,PREMIUM,Visakhapatnam,Andhra Pradesh,India
CUS008654,STANDARD,Indore,Madhya Pradesh,India
CUS008655,PREMIUM,Lucknow,Uttar Pradesh,India
CUS008656,STANDARD,Vijayawada,Andhra Pradesh,India
CUS008657,STANDARD,Chennai,Tamil Nadu,India
CUS008658,VIP,Ahmedabad,Gujarat,India
CUS008659,STANDARD,Visakhapatnam,Andhra Pradesh,India
CUS008660,PREMIUM,Jaipur,Rajasthan,India
CUS008661,STANDARD,Nashik,Maharashtra,India
CUS008662,STANDARD,Thiruvananthapuram,Kerala,India
CUS008663,VIP,Surat,Gujarat,India
CUS008664,STANDARD,Bhubaneswar,Odisha,India
CUS008665,PREMIUM,Kolkata,West Bengal,India
CUS008666,PREMIUM,Nagpur,Maharashtra,India
CUS008667,PREMIUM,Gurugram,Haryana,India
CUS008668,VIP,Bengaluru,Karnataka,India
CUS008669,PREMIUM,Surat,Gujarat,India
CUS008670,PREMIUM,Chandigarh,Chandigarh,India
CUS008671,VIP,Kochi,Kerala,India
CUS008672,STANDARD,Pune,Maharashtra,India
CUS008673,STANDARD,Surat,Gujarat,India
CUS008674,PREMIUM,Bhopal,Madhya Pradesh,India
CUS008675,STANDARD,Vijayawada,Andhra Pradesh,India
CUS008676,STANDARD,Visakhapatnam,Andhra Pradesh,India
CUS008677,STANDARD,Gurugram,Haryana,India
CUS008678,PREMIUM,Mysuru,Karnataka,India
CUS008679,PREMIUM,Chennai,Tamil Nadu,India
CUS008680,VIP,Nashik,Maharashtra,India
CUS008681,STANDARD,Delhi,Delhi,India
CUS008682,PREMIUM,Noida,Uttar Pradesh,India
CUS008683,STANDARD,Vijayawada,Andhra Pradesh,India
CUS008684,PREMIUM,Mumbai,Maharashtra,India
CUS008685,VIP,Bhubaneswar,Odisha,India
CUS008686,VIP,Chandigarh,Chandigarh,India
CUS008687,PREMIUM,Gurugram,Haryana,India
CUS008688,STANDARD,Pune,Maharashtra,India
CUS008689,STANDARD,Gurugram,Haryana,India
CUS008690,VIP,Chennai,Tamil Nadu,India
CUS008691,PREMIUM,Surat,Gujarat,India
CUS008692,VIP,Lucknow,Uttar Pradesh,India
CUS008693,VIP,Visakhapatnam,Andhra Pradesh,India
CUS008694,STANDARD,Nashik,Maharashtra,India
CUS008695,STANDARD,Gurugram,Haryana,India
CUS008696,VIP,Delhi,Delhi,India
CUS008697,PREMIUM,Jaipur,Rajasthan,India
CUS008698,PREMIUM,Mumbai,Maharashtra,India
CUS008699,STANDARD,Vijayawada,Andhra Pradesh,India
CUS008700,VIP,Chandigarh,Chandigarh,India
CUS008701,STANDARD,Hyderabad,Telangana,India
CUS008702,PREMIUM,Bhopal,Madhya Pradesh,India
CUS008703,STANDARD,Bhopal,Madhya Pradesh,India
CUS008704,PREMIUM,Kochi,Kerala,India
CUS008705,PREMIUM,Nashik,Maharashtra,India
CUS008706,STANDARD,Vijayawada,Andhra Pradesh,India
CUS008707,PREMIUM,Bengaluru,Karnataka,India
CUS008708,VIP,Ahmedabad,Gujarat,India
CUS008709,STANDARD,Hyderabad,Telangana,India
CUS008710,STANDARD,Nagpur,Maharashtra,India
CUS008711,VIP,Bengaluru,Karnataka,India
CUS008712,PREMIUM,Coimbatore,Tamil Nadu,India
CUS008713,PREMIUM,Madurai,Tamil Nadu,India
CUS008714,STANDARD,Lucknow,Uttar Pradesh,India
CUS008715,STANDARD,Nashik,Maharashtra,India
CUS008716,STANDARD,Gurugram,Haryana,India
CUS008717,STANDARD,Surat,Gujarat,India
CUS008718,STANDARD,Thiruvananthapuram,Kerala,India
CUS008719,VIP,Visakhapatnam,Andhra Pradesh,India
CUS008720,STANDARD,Ahmedabad,Gujarat,India
CUS008721,STANDARD,Ahmedabad,Gujarat,India
CUS008722,STANDARD,Vijayawada,Andhra Pradesh,India
CUS008723,VIP,Chandigarh,Chandigarh,India
CUS008724,PREMIUM,Gurugram,Haryana,India
CUS008725,STANDARD,Hyderabad,Telangana,India
CUS008726,STANDARD,Ahmedabad,Gujarat,India
CUS008727,STANDARD,Lucknow,Uttar Pradesh,India
CUS008728,STANDARD,Delhi,Delhi,India
CUS008729,VIP,Delhi,Delhi,India
CUS008730,PREMIUM,Bhopal,Madhya Pradesh,India
CUS008731,STANDARD,Mumbai,Maharashtra,India
CUS008732,PREMIUM,Pune,Maharashtra,India
CUS008733,STANDARD,Chandigarh,Chandigarh,India
CUS008734,PREMIUM,Nashik,Maharashtra,India
CUS008735,STANDARD,Thiruvananthapuram,Kerala,India
CUS008736,PREMIUM,Surat,Gujarat,India
CUS008737,STANDARD,Mumbai,Maharashtra,India
CUS008738,STANDARD,Chandigarh,Chandigarh,India
CUS008739,STANDARD,Chennai,Tamil Nadu,India
CUS008740,STANDARD,Vijayawada,Andhra Pradesh,India
CUS008741,VIP,Noida,Uttar Pradesh,India
CUS008742,PREMIUM,Vijayawada,Andhra Pradesh,India
CUS008743,STANDARD,Vijayawada,Andhra Pradesh,India
CUS008744,STANDARD,Nashik,Maharashtra,India
CUS008745,PREMIUM,Madurai,Tamil Nadu,India
CUS008746,VIP,Kochi,Kerala,India
CUS008747,STANDARD,Ahmedabad,Gujarat,India
CUS008748,VIP,Delhi,Delhi,India
CUS008749,PREMIUM,Delhi,Delhi,India
CUS008750,STANDARD,Delhi,Delhi,India
CUS008751,PREMIUM,Vijayawada,Andhra Pradesh,India
CUS008752,PREMIUM,Nagpur,Maharashtra,India
CUS008753,STANDARD,Gurugram,Haryana,India
CUS008754,PREMIUM,Kochi,Kerala,India
CUS008755,STANDARD,Kochi,Kerala,India
CUS008756,STANDARD,Lucknow,Uttar Pradesh,India
CUS008757,STANDARD,Hyderabad,Telangana,India
CUS008758,PREMIUM,Bhubaneswar,Odisha,India
CUS008759,STANDARD,Pune,Maharashtra,India
CUS008760,PREMIUM,Bhubaneswar,Odisha,India
CUS008761,STANDARD,Mumbai,Maharashtra,India
CUS008762,VIP,Thiruvananthapuram,Kerala,India
CUS008763,PREMIUM,Coimbatore,Tamil Nadu,India
CUS008764,PREMIUM,Visakhapatnam,Andhra Pradesh,India
CUS008765,VIP,Lucknow,Uttar Pradesh,India
CUS008766,PREMIUM,Delhi,Delhi,India
CUS008767,PREMIUM,Jaipur,Rajasthan,India
CUS008768,VIP,Hyderabad,Telangana,India
CUS008769,VIP,Bhubaneswar,Odisha,India
CUS008770,STANDARD,Gurugram,Haryana,India
CUS008771,PREMIUM,Jaipur,Rajasthan,India
CUS008772,PREMIUM,Mysuru,Karnataka,India
CUS008773,STANDARD,Bhubaneswar,Odisha,India
CUS008774,PREMIUM,Hyderabad,Telangana,India
CUS008775,PREMIUM,Mumbai,Maharashtra,India
CUS008776,PREMIUM,Nagpur,Maharashtra,India
CUS008777,VIP,Nagpur,Maharashtra,India
CUS008778,STANDARD,Bhubaneswar,Odisha,India
CUS008779,VIP,Bhubaneswar,Odisha,India
CUS008780,STANDARD,Pune,Maharashtra,India
CUS008781,PREMIUM,Bengaluru,Karnataka,India
CUS008782,PREMIUM,Bengaluru,Karnataka,India
CUS008783,STANDARD,Kochi,Kerala,India
CUS008784,PREMIUM,Mysuru,Karnataka,India
CUS008785,STANDARD,Jaipur,Rajasthan,India
CUS008786,PREMIUM,Mysuru,Karnataka,India
CUS008787,PREMIUM,Kolkata,West Bengal,India
CUS008788,VIP,Madurai,Tamil Nadu,India
CUS008789,VIP,Surat,Gujarat,India
CUS008790,VIP,Ahmedabad,Gujarat,India
CUS008791,PREMIUM,Jaipur,Rajasthan,India
CUS008792,PREMIUM,Thiruvananthapuram,Kerala,India
CUS008793,PREMIUM,Delhi,Delhi,India
CUS008794,STANDARD,Chennai,Tamil Nadu,India
CUS008795,PREMIUM,Bhopal,Madhya Pradesh,India
CUS008796,PREMIUM,Chennai,Tamil Nadu,India
CUS008797,PREMIUM,Kolkata,West Bengal,India
CUS008798,STANDARD,Kochi,Kerala,India
CUS008799,VIP,Bengaluru,Karnataka,India
CUS008800,STANDARD,Bengaluru,Karnataka,India
CUS008801,PREMIUM,Mysuru,Karnataka,India
CUS008802,STANDARD,Kolkata,West Bengal,India
CUS008803,STANDARD,Chennai,Tamil Nadu,India
CUS008804,PREMIUM,Lucknow,Uttar Pradesh,India
CUS008805,STANDARD,Noida,Uttar Pradesh,India
CUS008806,STANDARD,Mysuru,Karnataka,India
CUS008807,PREMIUM,Chennai,Tamil Nadu,India
CUS008808,PREMIUM,Thiruvananthapuram,Kerala,India
CUS008809,STANDARD,Bengaluru,Karnataka,India
CUS008810,PREMIUM,Jaipur,Rajasthan,India
CUS008811,VIP,Thiruvananthapuram,Kerala,India
CUS008812,PREMIUM,Noida,Uttar Pradesh,India
CUS008813,STANDARD,Chandigarh,Chandigarh,India
CUS008814,VIP,Chandigarh,Chandigarh,India
CUS008815,STANDARD,Mysuru,Karnataka,India
CUS008816,VIP,Thiruvananthapuram,Kerala,India
CUS008817,VIP,Coimbatore,Tamil Nadu,India
CUS008818,PREMIUM,Ahmedabad,Gujarat,India
CUS008819,STANDARD,Chennai,Tamil Nadu,India
CUS008820,PREMIUM,Chandigarh,Chandigarh,India
CUS008821,PREMIUM,Surat,Gujarat,India
CUS008822,STANDARD,Gurugram,Haryana,India
CUS008823,VIP,Indore,Madhya Pradesh,India
CUS008824,VIP,Mysuru,Karnataka,India
CUS008825,STANDARD,Lucknow,Uttar Pradesh,India
CUS008826,VIP,Jaipur,Rajasthan,India
CUS008827,STANDARD,Chennai,Tamil Nadu,India
CUS008828,PREMIUM,Kochi,Kerala,India
CUS008829,STANDARD,Coimbatore,Tamil Nadu,India
CUS008830,PREMIUM,Madurai,Tamil Nadu,India
CUS008831,STANDARD,Bhopal,Madhya Pradesh,India
CUS008832,PREMIUM,Surat,Gujarat,India
CUS008833,STANDARD,Ahmedabad,Gujarat,India
CUS008834,STANDARD,Delhi,Delhi,India
CUS008835,STANDARD,Jaipur,Rajasthan,India
CUS008836,STANDARD,Bengaluru,Karnataka,India
CUS008837,PREMIUM,Madurai,Tamil Nadu,India
CUS008838,STANDARD,Madurai,Tamil Nadu,India
CUS008839,STANDARD,Nagpur,Maharashtra,India
CUS008840,STANDARD,Chandigarh,Chandigarh,India
CUS008841,PREMIUM,Vijayawada,Andhra Pradesh,India
CUS008842,PREMIUM,Ahmedabad,Gujarat,India
CUS008843,PREMIUM,Bengaluru,Karnataka,India
CUS008844,PREMIUM,Surat,Gujarat,India
CUS008845,STANDARD,Noida,Uttar Pradesh,India
CUS008846,PREMIUM,Pune,Maharashtra,India
CUS008847,PREMIUM,Kochi,Kerala,India
CUS008848,STANDARD,Jaipur,Rajasthan,India
CUS008849,PREMIUM,Vijayawada,Andhra Pradesh,India
CUS008850,STANDARD,Madurai,Tamil Nadu,India
CUS008851,STANDARD,Nashik,Maharashtra,India
CUS008852,STANDARD,Gurugram,Haryana,India
CUS008853,STANDARD,Coimbatore,Tamil Nadu,India
CUS008854,STANDARD,Pune,Maharashtra,India
CUS008855,STANDARD,Bengaluru,Karnataka,India
CUS008856,PREMIUM,Ahmedabad,Gujarat,India
CUS008857,STANDARD,Bengaluru,Karnataka,India
CUS008858,STANDARD,Chandigarh,Chandigarh,India
CUS008859,VIP,Indore,Madhya Pradesh,India
CUS008860,STANDARD,Hyderabad,Telangana,India
CUS008861,VIP,Pune,Maharashtra,India
CUS008862,STANDARD,Surat,Gujarat,India
CUS008863,STANDARD,Mumbai,Maharashtra,India
CUS008864,PREMIUM,Chennai,Tamil Nadu,India
CUS008865,STANDARD,Indore,Madhya Pradesh,India
CUS008866,PREMIUM,Mysuru,Karnataka,India
CUS008867,STANDARD,Lucknow,Uttar Pradesh,India
CUS008868,PREMIUM,Lucknow,Uttar Pradesh,India
CUS008869,PREMIUM,Jaipur,Rajasthan,India
CUS008870,STANDARD,Bhubaneswar,Odisha,India
CUS008871,STANDARD,Ahmedabad,Gujarat,India
CUS008872,STANDARD,Lucknow,Uttar Pradesh,India
CUS008873,PREMIUM,Mumbai,Maharashtra,India
CUS008874,STANDARD,Surat,Gujarat,India
CUS008875,STANDARD,Bhubaneswar,Odisha,India
CUS008876,PREMIUM,Gurugram,Haryana,India
CUS008877,PREMIUM,Noida,Uttar Pradesh,India
CUS008878,STANDARD,Jaipur,Rajasthan,India
CUS008879,STANDARD,Gurugram,Haryana,India
CUS008880,VIP,Surat,Gujarat,India
CUS008881,STANDARD,Jaipur,Rajasthan,India
CUS008882,PREMIUM,Chandigarh,Chandigarh,India
CUS008883,STANDARD,Nashik,Maharashtra,India
CUS008884,PREMIUM,Lucknow,Uttar Pradesh,India
CUS008885,STANDARD,Lucknow,Uttar Pradesh,India
CUS008886,PREMIUM,Visakhapatnam,Andhra Pradesh,India
CUS008887,STANDARD,Gurugram,Haryana,India
CUS008888,STANDARD,Lucknow,Uttar Pradesh,India
CUS008889,STANDARD,Nashik,Maharashtra,India
CUS008890,VIP,Lucknow,Uttar Pradesh,India
CUS008891,PREMIUM,Mysuru,Karnataka,India
CUS008892,PREMIUM,Surat,Gujarat,India
CUS008893,PREMIUM,Madurai,Tamil Nadu,India
CUS008894,STANDARD,Noida,Uttar Pradesh,India
CUS008895,STANDARD,Nashik,Maharashtra,India
CUS008896,VIP,Hyderabad,Telangana,India
CUS008897,PREMIUM,Visakhapatnam,Andhra Pradesh,India
CUS008898,VIP,Delhi,Delhi,India
CUS008899,PREMIUM,Madurai,Tamil Nadu,India
CUS008900,PREMIUM,Bhubaneswar,Odisha,India
CUS008901,PREMIUM,Mumbai,Maharashtra,India
CUS008902,STANDARD,Bhubaneswar,Odisha,India
CUS008903,VIP,Noida,Uttar Pradesh,India
CUS008904,PREMIUM,Vijayawada,Andhra Pradesh,India
CUS008905,PREMIUM,Chandigarh,Chandigarh,India
CUS008906,STANDARD,Chennai,Tamil Nadu,India
CUS008907,PREMIUM,Mumbai,Maharashtra,India
CUS008908,PREMIUM,Kolkata,West Bengal,India
CUS008909,PREMIUM,Madurai,Tamil Nadu,India
CUS008910,STANDARD,Jaipur,Rajasthan,India
CUS008911,STANDARD,Coimbatore,Tamil Nadu,India
CUS008912,STANDARD,Bhopal,Madhya Pradesh,India
CUS008913,VIP,Jaipur,Rajasthan,India
CUS008914,PREMIUM,Thiruvananthapuram,Kerala,India
CUS008915,PREMIUM,Gurugram,Haryana,India
CUS008916,STANDARD,Noida,Uttar Pradesh,India
CUS008917,STANDARD,Chennai,Tamil Nadu,India
CUS008918,STANDARD,Madurai,Tamil Nadu,India
CUS008919,VIP,Lucknow,Uttar Pradesh,India
CUS008920,STANDARD,Mysuru,Karnataka,India
CUS008921,PREMIUM,Madurai,Tamil Nadu,India
CUS008922,STANDARD,Vijayawada,Andhra Pradesh,India
CUS008923,PREMIUM,Thiruvananthapuram,Kerala,India
CUS008924,VIP,Lucknow,Uttar Pradesh,India
CUS008925,STANDARD,Bhopal,Madhya Pradesh,India
CUS008926,VIP,Visakhapatnam,Andhra Pradesh,India
CUS008927,STANDARD,Chandigarh,Chandigarh,India
CUS008928,PREMIUM,Madurai,Tamil Nadu,India
CUS008929,STANDARD,Coimbatore,Tamil Nadu,India
CUS008930,STANDARD,Madurai,Tamil Nadu,India
CUS008931,PREMIUM,Vijayawada,Andhra Pradesh,India
CUS008932,PREMIUM,Indore,Madhya Pradesh,India
CUS008933,STANDARD,Hyderabad,Telangana,India
CUS008934,STANDARD,Hyderabad,Telangana,India
CUS008935,STANDARD,Coimbatore,Tamil Nadu,India
CUS008936,STANDARD,Bengaluru,Karnataka,India
CUS008937,PREMIUM,Bengaluru,Karnataka,India
CUS008938,STANDARD,Gurugram,Haryana,India
CUS008939,PREMIUM,Lucknow,Uttar Pradesh,India
CUS008940,PREMIUM,Kochi,Kerala,India
CUS008941,PREMIUM,Jaipur,Rajasthan,India
CUS008942,STANDARD,Chandigarh,Chandigarh,India
CUS008943,PREMIUM,Pune,Maharashtra,India
CUS008944,STANDARD,Coimbatore,Tamil Nadu,India
CUS008945,STANDARD,Bhubaneswar,Odisha,India
CUS008946,VIP,Nagpur,Maharashtra,India
CUS008947,STANDARD,Gurugram,Haryana,India
CUS008948,VIP,Jaipur,Rajasthan,India
CUS008949,STANDARD,Ahmedabad,Gujarat,India
CUS008950,STANDARD,Bengaluru,Karnataka,India
CUS008951,STANDARD,Kolkata,West Bengal,India
CUS008952,STANDARD,Visakhapatnam,Andhra Pradesh,India
CUS008953,STANDARD,Mysuru,Karnataka,India
CUS008954,STANDARD,Hyderabad,Telangana,India
CUS008955,STANDARD,Gurugram,Haryana,India
CUS008956,STANDARD,Hyderabad,Telangana,India
CUS008957,PREMIUM,Gurugram,Haryana,India
CUS008958,STANDARD,Nagpur,Maharashtra,India
CUS008959,PREMIUM,Nagpur,Maharashtra,India
CUS008960,PREMIUM,Pune,Maharashtra,India
CUS008961,VIP,Kochi,Kerala,India
CUS008962,STANDARD,Gurugram,Haryana,India
CUS008963,PREMIUM,Ahmedabad,Gujarat,India
CUS008964,STANDARD,Hyderabad,Telangana,India
CUS008965,STANDARD,Lucknow,Uttar Pradesh,India
CUS008966,STANDARD,Chandigarh,Chandigarh,India
CUS008967,VIP,Jaipur,Rajasthan,India
CUS008968,STANDARD,Nagpur,Maharashtra,India
CUS008969,STANDARD,Bhubaneswar,Odisha,India
CUS008970,STANDARD,Bengaluru,Karnataka,India
CUS008971,STANDARD,Ahmedabad,Gujarat,India
CUS008972,PREMIUM,Bhubaneswar,Odisha,India
CUS008973,STANDARD,Ahmedabad,Gujarat,India
CUS008974,STANDARD,Indore,Madhya Pradesh,India
CUS008975,PREMIUM,Delhi,Delhi,India
CUS008976,STANDARD,Gurugram,Haryana,India
CUS008977,STANDARD,Chandigarh,Chandigarh,India
CUS008978,STANDARD,Chennai,Tamil Nadu,India
CUS008979,STANDARD,Bhubaneswar,Odisha,India
CUS008980,STANDARD,Kolkata,West Bengal,India
CUS008981,PREMIUM,Kolkata,West Bengal,India
CUS008982,PREMIUM,Pune,Maharashtra,India
CUS008983,STANDARD,Delhi,Delhi,India
CUS008984,PREMIUM,Pune,Maharashtra,India
CUS008985,STANDARD,Delhi,Delhi,India
CUS008986,PREMIUM,Lucknow,Uttar Pradesh,India
CUS008987,PREMIUM,Coimbatore,Tamil Nadu,India
CUS008988,STANDARD,Chandigarh,Chandigarh,India
CUS008989,STANDARD,Visakhapatnam,Andhra Pradesh,India
CUS008990,STANDARD,Visakhapatnam,Andhra Pradesh,India
CUS008991,STANDARD,Bhopal,Madhya Pradesh,India
CUS008992,STANDARD,Bhopal,Madhya Pradesh,India
CUS008993,VIP,Gurugram,Haryana,India
CUS008994,STANDARD,Jaipur,Rajasthan,India
CUS008995,PREMIUM,Nagpur,Maharashtra,India
CUS008996,STANDARD,Delhi,Delhi,India
CUS008997,PREMIUM,Mysuru,Karnataka,India
CUS008998,PREMIUM,Kolkata,West Bengal,India
CUS008999,PREMIUM,Thiruvananthapuram,Kerala,India
CUS009000,PREMIUM,Ahmedabad,Gujarat,India
CUS009001,PREMIUM,Indore,Madhya Pradesh,India
CUS009002,PREMIUM,Kolkata,West Bengal,India
CUS009003,PREMIUM,Kochi,Kerala,India
CUS009004,PREMIUM,Coimbatore,Tamil Nadu,India
CUS009005,VIP,Surat,Gujarat,India
CUS009006,PREMIUM,Indore,Madhya Pradesh,India
CUS009007,STANDARD,Bhubaneswar,Odisha,India
CUS009008,PREMIUM,Kolkata,West Bengal,India
CUS009009,PREMIUM,Gurugram,Haryana,India
CUS009010,STANDARD,Vijayawada,Andhra Pradesh,India
CUS009011,STANDARD,Chandigarh,Chandigarh,India
CUS009012,STANDARD,Noida,Uttar Pradesh,India
CUS009013,STANDARD,Jaipur,Rajasthan,India
CUS009014,STANDARD,Mysuru,Karnataka,India
CUS009015,PREMIUM,Jaipur,Rajasthan,India
CUS009016,PREMIUM,Madurai,Tamil Nadu,India
CUS009017,STANDARD,Mysuru,Karnataka,India
CUS009018,STANDARD,Mumbai,Maharashtra,India
CUS009019,STANDARD,Vijayawada,Andhra Pradesh,India
CUS009020,STANDARD,Bhubaneswar,Odisha,India
CUS009021,PREMIUM,Noida,Uttar Pradesh,India
CUS009022,VIP,Bhubaneswar,Odisha,India
CUS009023,STANDARD,Bhubaneswar,Odisha,India
CUS009024,PREMIUM,Visakhapatnam,Andhra Pradesh,India
CUS009025,VIP,Chandigarh,Chandigarh,India
CUS009026,VIP,Delhi,Delhi,India
CUS009027,STANDARD,Chandigarh,Chandigarh,India
CUS009028,STANDARD,Madurai,Tamil Nadu,India
CUS009029,STANDARD,Delhi,Delhi,India
CUS009030,PREMIUM,Lucknow,Uttar Pradesh,India
CUS009031,PREMIUM,Bengaluru,Karnataka,India
CUS009032,PREMIUM,Madurai,Tamil Nadu,India
CUS009033,PREMIUM,Bhopal,Madhya Pradesh,India
CUS009034,STANDARD,Coimbatore,Tamil Nadu,India
CUS009035,STANDARD,Visakhapatnam,Andhra Pradesh,India
CUS009036,STANDARD,Hyderabad,Telangana,India
CUS009037,STANDARD,Lucknow,Uttar Pradesh,India
CUS009038,STANDARD,Kochi,Kerala,India
CUS009039,STANDARD,Mysuru,Karnataka,India
CUS009040,STANDARD,Pune,Maharashtra,India
CUS009041,PREMIUM,Visakhapatnam,Andhra Pradesh,India
CUS009042,PREMIUM,Kochi,Kerala,India
CUS009043,PREMIUM,Nagpur,Maharashtra,India
CUS009044,STANDARD,Mysuru,Karnataka,India
CUS009045,PREMIUM,Kolkata,West Bengal,India
CUS009046,STANDARD,Vijayawada,Andhra Pradesh,India
CUS009047,STANDARD,Vijayawada,Andhra Pradesh,India
CUS009048,STANDARD,Coimbatore,Tamil Nadu,India
CUS009049,STANDARD,Noida,Uttar Pradesh,India
CUS009050,STANDARD,Kolkata,West Bengal,India
CUS009051,STANDARD,Mumbai,Maharashtra,India
CUS009052,VIP,Delhi,Delhi,India
CUS009053,PREMIUM,Bhopal,Madhya Pradesh,India
CUS009054,STANDARD,Bengaluru,Karnataka,India
CUS009055,PREMIUM,Mumbai,Maharashtra,India
CUS009056,VIP,Noida,Uttar Pradesh,India
CUS009057,STANDARD,Kolkata,West Bengal,India
CUS009058,PREMIUM,Mumbai,Maharashtra,India
CUS009059,STANDARD,Madurai,Tamil Nadu,India
CUS009060,PREMIUM,Chandigarh,Chandigarh,India
CUS009061,STANDARD,Visakhapatnam,Andhra Pradesh,India
CUS009062,STANDARD,Jaipur,Rajasthan,India
CUS009063,STANDARD,Mysuru,Karnataka,India
CUS009064,PREMIUM,Pune,Maharashtra,India
CUS009065,STANDARD,Surat,Gujarat,India
CUS009066,PREMIUM,Visakhapatnam,Andhra Pradesh,India
CUS009067,PREMIUM,Hyderabad,Telangana,India
CUS009068,VIP,Pune,Maharashtra,India
CUS009069,PREMIUM,Bhubaneswar,Odisha,India
CUS009070,VIP,Indore,Madhya Pradesh,India
CUS009071,PREMIUM,Surat,Gujarat,India
CUS009072,STANDARD,Nagpur,Maharashtra,India
CUS009073,STANDARD,Madurai,Tamil Nadu,India
CUS009074,VIP,Thiruvananthapuram,Kerala,India
CUS009075,VIP,Visakhapatnam,Andhra Pradesh,India
CUS009076,VIP,Indore,Madhya Pradesh,India
CUS009077,STANDARD,Bengaluru,Karnataka,India
CUS009078,STANDARD,Delhi,Delhi,India
CUS009079,PREMIUM,Nagpur,Maharashtra,India
CUS009080,STANDARD,Madurai,Tamil Nadu,India
CUS009081,STANDARD,Madurai,Tamil Nadu,India
CUS009082,STANDARD,Pune,Maharashtra,India
CUS009083,STANDARD,Mysuru,Karnataka,India
CUS009084,STANDARD,Delhi,Delhi,India
CUS009085,PREMIUM,Hyderabad,Telangana,India
CUS009086,PREMIUM,Noida,Uttar Pradesh,India
CUS009087,STANDARD,Chandigarh,Chandigarh,India
CUS009088,PREMIUM,Hyderabad,Telangana,India
CUS009089,STANDARD,Surat,Gujarat,India
CUS009090,STANDARD,Noida,Uttar Pradesh,India
CUS009091,STANDARD,Nagpur,Maharashtra,India
CUS009092,STANDARD,Pune,Maharashtra,India
CUS009093,PREMIUM,Indore,Madhya Pradesh,India
CUS009094,STANDARD,Chandigarh,Chandigarh,India
CUS009095,PREMIUM,Lucknow,Uttar Pradesh,India
CUS009096,VIP,Gurugram,Haryana,India
CUS009097,STANDARD,Vijayawada,Andhra Pradesh,India
CUS009098,VIP,Nagpur,Maharashtra,India
CUS009099,STANDARD,Visakhapatnam,Andhra Pradesh,India
CUS009100,VIP,Jaipur,Rajasthan,India
CUS009101,PREMIUM,Coimbatore,Tamil Nadu,India
CUS009102,PREMIUM,Bengaluru,Karnataka,India
CUS009103,PREMIUM,Ahmedabad,Gujarat,India
CUS009104,STANDARD,Indore,Madhya Pradesh,India
CUS009105,VIP,Kochi,Kerala,India
CUS009106,PREMIUM,Chennai,Tamil Nadu,India
CUS009107,VIP,Delhi,Delhi,India
CUS009108,VIP,Thiruvananthapuram,Kerala,India
CUS009109,PREMIUM,Surat,Gujarat,India
CUS009110,STANDARD,Thiruvananthapuram,Kerala,India
CUS009111,PREMIUM,Chandigarh,Chandigarh,India
CUS009112,STANDARD,Bhubaneswar,Odisha,India
CUS009113,STANDARD,Lucknow,Uttar Pradesh,India
CUS009114,PREMIUM,Hyderabad,Telangana,India
CUS009115,STANDARD,Bengaluru,Karnataka,India
CUS009116,STANDARD,Kolkata,West Bengal,India
CUS009117,VIP,Vijayawada,Andhra Pradesh,India
CUS009118,STANDARD,Madurai,Tamil Nadu,India
CUS009119,STANDARD,Surat,Gujarat,India
CUS009120,STANDARD,Chandigarh,Chandigarh,India
CUS009121,STANDARD,Nashik,Maharashtra,India
CUS009122,STANDARD,Ahmedabad,Gujarat,India
CUS009123,STANDARD,Chandigarh,Chandigarh,India
CUS009124,PREMIUM,Lucknow,Uttar Pradesh,India
CUS009125,STANDARD,Delhi,Delhi,India
CUS009126,PREMIUM,Bhopal,Madhya Pradesh,India
CUS009127,STANDARD,Kolkata,West Bengal,India
CUS009128,VIP,Hyderabad,Telangana,India
CUS009129,PREMIUM,Madurai,Tamil Nadu,India
CUS009130,STANDARD,Surat,Gujarat,India
CUS009131,STANDARD,Mysuru,Karnataka,India
CUS009132,STANDARD,Lucknow,Uttar Pradesh,India
CUS009133,PREMIUM,Jaipur,Rajasthan,India
CUS009134,STANDARD,Thiruvananthapuram,Kerala,India
CUS009135,STANDARD,Bhubaneswar,Odisha,India
CUS009136,PREMIUM,Pune,Maharashtra,India
CUS009137,PREMIUM,Madurai,Tamil Nadu,India
CUS009138,PREMIUM,Delhi,Delhi,India
CUS009139,STANDARD,Vijayawada,Andhra Pradesh,India
CUS009140,STANDARD,Chennai,Tamil Nadu,India
CUS009141,STANDARD,Nashik,Maharashtra,India
CUS009142,PREMIUM,Lucknow,Uttar Pradesh,India
CUS009143,PREMIUM,Vijayawada,Andhra Pradesh,India
CUS009144,STANDARD,Surat,Gujarat,India
CUS009145,PREMIUM,Madurai,Tamil Nadu,India
CUS009146,STANDARD,Lucknow,Uttar Pradesh,India
CUS009147,PREMIUM,Lucknow,Uttar Pradesh,India
CUS009148,STANDARD,Chandigarh,Chandigarh,India
CUS009149,STANDARD,Chennai,Tamil Nadu,India
CUS009150,STANDARD,Jaipur,Rajasthan,India
CUS009151,PREMIUM,Surat,Gujarat,India
CUS009152,STANDARD,Nagpur,Maharashtra,India
CUS009153,STANDARD,Nagpur,Maharashtra,India
CUS009154,VIP,Chandigarh,Chandigarh,India
CUS009155,STANDARD,Mumbai,Maharashtra,India
CUS009156,PREMIUM,Ahmedabad,Gujarat,India
CUS009157,STANDARD,Vijayawada,Andhra Pradesh,India
CUS009158,VIP,Chandigarh,Chandigarh,India
CUS009159,STANDARD,Kochi,Kerala,India
CUS009160,STANDARD,Pune,Maharashtra,India
CUS009161,STANDARD,Vijayawada,Andhra Pradesh,India
CUS009162,STANDARD,Pune,Maharashtra,India
CUS009163,STANDARD,Mysuru,Karnataka,India
CUS009164,VIP,Thiruvananthapuram,Kerala,India
CUS009165,STANDARD,Bhopal,Madhya Pradesh,India
CUS009166,PREMIUM,Thiruvananthapuram,Kerala,India
CUS009167,STANDARD,Nagpur,Maharashtra,India
CUS009168,STANDARD,Gurugram,Haryana,India
CUS009169,STANDARD,Chennai,Tamil Nadu,India
CUS009170,PREMIUM,Pune,Maharashtra,India
CUS009171,STANDARD,Nagpur,Maharashtra,India
CUS009172,STANDARD,Jaipur,Rajasthan,India
CUS009173,STANDARD,Noida,Uttar Pradesh,India
CUS009174,PREMIUM,Madurai,Tamil Nadu,India
CUS009175,STANDARD,Nashik,Maharashtra,India
CUS009176,STANDARD,Surat,Gujarat,India
CUS009177,PREMIUM,Jaipur,Rajasthan,India
CUS009178,PREMIUM,Nagpur,Maharashtra,India
CUS009179,STANDARD,Mysuru,Karnataka,India
CUS009180,PREMIUM,Nagpur,Maharashtra,India
CUS009181,STANDARD,Jaipur,Rajasthan,India
CUS009182,VIP,Gurugram,Haryana,India
CUS009183,VIP,Bhubaneswar,Odisha,India
CUS009184,STANDARD,Kolkata,West Bengal,India
CUS009185,PREMIUM,Vijayawada,Andhra Pradesh,India
CUS009186,VIP,Lucknow,Uttar Pradesh,India
CUS009187,STANDARD,Mysuru,Karnataka,India
CUS009188,STANDARD,Madurai,Tamil Nadu,India
CUS009189,STANDARD,Thiruvananthapuram,Kerala,India
CUS009190,PREMIUM,Bhopal,Madhya Pradesh,India
CUS009191,PREMIUM,Chandigarh,Chandigarh,India
CUS009192,PREMIUM,Coimbatore,Tamil Nadu,India
CUS009193,STANDARD,Mysuru,Karnataka,India
CUS009194,VIP,Kochi,Kerala,India
CUS009195,PREMIUM,Madurai,Tamil Nadu,India
CUS009196,STANDARD,Chandigarh,Chandigarh,India
CUS009197,STANDARD,Chandigarh,Chandigarh,India
CUS009198,STANDARD,Thiruvananthapuram,Kerala,India
CUS009199,STANDARD,Noida,Uttar Pradesh,India
CUS009200,STANDARD,Visakhapatnam,Andhra Pradesh,India
CUS009201,STANDARD,Bhopal,Madhya Pradesh,India
CUS009202,STANDARD,Pune,Maharashtra,India
CUS009203,PREMIUM,Pune,Maharashtra,India
CUS009204,STANDARD,Nashik,Maharashtra,India
CUS009205,PREMIUM,Nashik,Maharashtra,India
CUS009206,STANDARD,Delhi,Delhi,India
CUS009207,STANDARD,Indore,Madhya Pradesh,India
CUS009208,STANDARD,Mysuru,Karnataka,India
CUS009209,STANDARD,Bhopal,Madhya Pradesh,India
CUS009210,STANDARD,Surat,Gujarat,India
CUS009211,PREMIUM,Bhopal,Madhya Pradesh,India
CUS009212,PREMIUM,Hyderabad,Telangana,India
CUS009213,VIP,Nashik,Maharashtra,India
CUS009214,VIP,Thiruvananthapuram,Kerala,India
CUS009215,VIP,Ahmedabad,Gujarat,India
CUS009216,STANDARD,Surat,Gujarat,India
CUS009217,STANDARD,Bhopal,Madhya Pradesh,India
CUS009218,VIP,Vijayawada,Andhra Pradesh,India
CUS009219,STANDARD,Pune,Maharashtra,India
CUS009220,PREMIUM,Gurugram,Haryana,India
CUS009221,STANDARD,Noida,Uttar Pradesh,India
CUS009222,STANDARD,Nagpur,Maharashtra,India
CUS009223,STANDARD,Pune,Maharashtra,India
CUS009224,STANDARD,Madurai,Tamil Nadu,India
CUS009225,PREMIUM,Vijayawada,Andhra Pradesh,India
CUS009226,PREMIUM,Thiruvananthapuram,Kerala,India
CUS009227,VIP,Chandigarh,Chandigarh,India
CUS009228,PREMIUM,Chennai,Tamil Nadu,India
CUS009229,STANDARD,Delhi,Delhi,India
CUS009230,VIP,Indore,Madhya Pradesh,India
CUS009231,VIP,Hyderabad,Telangana,India
CUS009232,PREMIUM,Chennai,Tamil Nadu,India
CUS009233,STANDARD,Bhopal,Madhya Pradesh,India
CUS009234,STANDARD,Mumbai,Maharashtra,India
CUS009235,PREMIUM,Bengaluru,Karnataka,India
CUS009236,PREMIUM,Nagpur,Maharashtra,India
CUS009237,STANDARD,Chennai,Tamil Nadu,India
CUS009238,STANDARD,Pune,Maharashtra,India
CUS009239,PREMIUM,Lucknow,Uttar Pradesh,India
CUS009240,PREMIUM,Jaipur,Rajasthan,India
CUS009241,STANDARD,Bengaluru,Karnataka,India
CUS009242,STANDARD,Indore,Madhya Pradesh,India
CUS009243,STANDARD,Hyderabad,Telangana,India
CUS009244,STANDARD,Bhubaneswar,Odisha,India
CUS009245,STANDARD,Kochi,Kerala,India
CUS009246,STANDARD,Bhopal,Madhya Pradesh,India
CUS009247,PREMIUM,Chandigarh,Chandigarh,India
CUS009248,STANDARD,Coimbatore,Tamil Nadu,India
CUS009249,STANDARD,Mumbai,Maharashtra,India
CUS009250,PREMIUM,Vijayawada,Andhra Pradesh,India
CUS009251,STANDARD,Noida,Uttar Pradesh,India
CUS009252,STANDARD,Delhi,Delhi,India
CUS009253,VIP,Thiruvananthapuram,Kerala,India
CUS009254,VIP,Indore,Madhya Pradesh,India
CUS009255,STANDARD,Kolkata,West Bengal,India
CUS009256,PREMIUM,Kolkata,West Bengal,India
CUS009257,PREMIUM,Kolkata,West Bengal,India
CUS009258,PREMIUM,Jaipur,Rajasthan,India
CUS009259,PREMIUM,Noida,Uttar Pradesh,India
CUS009260,VIP,Bhubaneswar,Odisha,India
CUS009261,STANDARD,Chandigarh,Chandigarh,India
CUS009262,VIP,Visakhapatnam,Andhra Pradesh,India
CUS009263,PREMIUM,Surat,Gujarat,India
CUS009264,PREMIUM,Mysuru,Karnataka,India
CUS009265,PREMIUM,Bhubaneswar,Odisha,India
CUS009266,STANDARD,Pune,Maharashtra,India
CUS009267,STANDARD,Chennai,Tamil Nadu,India
CUS009268,PREMIUM,Hyderabad,Telangana,India
CUS009269,STANDARD,Kochi,Kerala,India
CUS009270,PREMIUM,Vijayawada,Andhra Pradesh,India
CUS009271,PREMIUM,Visakhapatnam,Andhra Pradesh,India
CUS009272,STANDARD,Surat,Gujarat,India
CUS009273,PREMIUM,Chennai,Tamil Nadu,India
CUS009274,PREMIUM,Lucknow,Uttar Pradesh,India
CUS009275,STANDARD,Bengaluru,Karnataka,India
CUS009276,STANDARD,Kochi,Kerala,India
CUS009277,VIP,Lucknow,Uttar Pradesh,India
CUS009278,STANDARD,Surat,Gujarat,India
CUS009279,STANDARD,Madurai,Tamil Nadu,India
CUS009280,PREMIUM,Mumbai,Maharashtra,India
CUS009281,STANDARD,Lucknow,Uttar Pradesh,India
CUS009282,PREMIUM,Lucknow,Uttar Pradesh,India
CUS009283,PREMIUM,Lucknow,Uttar Pradesh,India
CUS009284,PREMIUM,Mumbai,Maharashtra,India
CUS009285,STANDARD,Pune,Maharashtra,India
CUS009286,STANDARD,Chandigarh,Chandigarh,India
CUS009287,PREMIUM,Ahmedabad,Gujarat,India
CUS009288,STANDARD,Hyderabad,Telangana,India
CUS009289,VIP,Kolkata,West Bengal,India
CUS009290,VIP,Chandigarh,Chandigarh,India
CUS009291,STANDARD,Chandigarh,Chandigarh,India
CUS009292,PREMIUM,Bhubaneswar,Odisha,India
CUS009293,STANDARD,Thiruvananthapuram,Kerala,India
CUS009294,PREMIUM,Vijayawada,Andhra Pradesh,India
CUS009295,PREMIUM,Noida,Uttar Pradesh,India
CUS009296,PREMIUM,Thiruvananthapuram,Kerala,India
CUS009297,STANDARD,Mysuru,Karnataka,India
CUS009298,PREMIUM,Lucknow,Uttar Pradesh,India
CUS009299,VIP,Ahmedabad,Gujarat,India
CUS009300,STANDARD,Chennai,Tamil Nadu,India
CUS009301,VIP,Ahmedabad,Gujarat,India
CUS009302,STANDARD,Noida,Uttar Pradesh,India
CUS009303,PREMIUM,Thiruvananthapuram,Kerala,India
CUS009304,STANDARD,Nagpur,Maharashtra,India
CUS009305,STANDARD,Kochi,Kerala,India
CUS009306,STANDARD,Vijayawada,Andhra Pradesh,India
CUS009307,STANDARD,Nashik,Maharashtra,India
CUS009308,VIP,Indore,Madhya Pradesh,India
CUS009309,STANDARD,Bengaluru,Karnataka,India
CUS009310,STANDARD,Thiruvananthapuram,Kerala,India
CUS009311,STANDARD,Thiruvananthapuram,Kerala,India
CUS009312,STANDARD,Hyderabad,Telangana,India
CUS009313,STANDARD,Hyderabad,Telangana,India
CUS009314,STANDARD,Indore,Madhya Pradesh,India
CUS009315,STANDARD,Coimbatore,Tamil Nadu,India
CUS009316,STANDARD,Bhubaneswar,Odisha,India
CUS009317,PREMIUM,Mysuru,Karnataka,India
CUS009318,PREMIUM,Bhopal,Madhya Pradesh,India
CUS009319,STANDARD,Kochi,Kerala,India
CUS009320,STANDARD,Nagpur,Maharashtra,India
CUS009321,STANDARD,Nashik,Maharashtra,India
CUS009322,STANDARD,Lucknow,Uttar Pradesh,India
CUS009323,STANDARD,Bhubaneswar,Odisha,India
CUS009324,STANDARD,Gurugram,Haryana,India
CUS009325,PREMIUM,Bhubaneswar,Odisha,India
CUS009326,STANDARD,Chennai,Tamil Nadu,India
CUS009327,PREMIUM,Kolkata,West Bengal,India
CUS009328,PREMIUM,Visakhapatnam,Andhra Pradesh,India
CUS009329,PREMIUM,Nashik,Maharashtra,India
CUS009330,PREMIUM,Thiruvananthapuram,Kerala,India
CUS009331,STANDARD,Bengaluru,Karnataka,India
CUS009332,STANDARD,Coimbatore,Tamil Nadu,India
CUS009333,STANDARD,Coimbatore,Tamil Nadu,India
CUS009334,STANDARD,Madurai,Tamil Nadu,India
CUS009335,STANDARD,Ahmedabad,Gujarat,India
CUS009336,STANDARD,Indore,Madhya Pradesh,India
CUS009337,STANDARD,Jaipur,Rajasthan,India
CUS009338,STANDARD,Nagpur,Maharashtra,India
CUS009339,STANDARD,Delhi,Delhi,India
CUS009340,PREMIUM,Gurugram,Haryana,India
CUS009341,PREMIUM,Bhopal,Madhya Pradesh,India
CUS009342,PREMIUM,Noida,Uttar Pradesh,India
CUS009343,VIP,Bhubaneswar,Odisha,India
CUS009344,STANDARD,Coimbatore,Tamil Nadu,India
CUS009345,PREMIUM,Chennai,Tamil Nadu,India
CUS009346,PREMIUM,Chandigarh,Chandigarh,India
CUS009347,PREMIUM,Nashik,Maharashtra,India
CUS009348,PREMIUM,Bhubaneswar,Odisha,India
CUS009349,STANDARD,Noida,Uttar Pradesh,India
CUS009350,PREMIUM,Noida,Uttar Pradesh,India
CUS009351,PREMIUM,Kochi,Kerala,India
CUS009352,PREMIUM,Bhubaneswar,Odisha,India
CUS009353,VIP,Indore,Madhya Pradesh,India
CUS009354,VIP,Nagpur,Maharashtra,India
CUS009355,VIP,Lucknow,Uttar Pradesh,India
CUS009356,PREMIUM,Bhubaneswar,Odisha,India
CUS009357,PREMIUM,Ahmedabad,Gujarat,India
CUS009358,STANDARD,Madurai,Tamil Nadu,India
CUS009359,STANDARD,Kochi,Kerala,India
CUS009360,STANDARD,Noida,Uttar Pradesh,India
CUS009361,PREMIUM,Pune,Maharashtra,India
CUS009362,STANDARD,Noida,Uttar Pradesh,India
CUS009363,STANDARD,Surat,Gujarat,India
CUS009364,VIP,Mumbai,Maharashtra,India
CUS009365,VIP,Coimbatore,Tamil Nadu,India
CUS009366,PREMIUM,Chennai,Tamil Nadu,India
CUS009367,STANDARD,Indore,Madhya Pradesh,India
CUS009368,PREMIUM,Chennai,Tamil Nadu,India
CUS009369,STANDARD,Nagpur,Maharashtra,India
CUS009370,PREMIUM,Nashik,Maharashtra,India
CUS009371,PREMIUM,Kolkata,West Bengal,India
CUS009372,STANDARD,Bhubaneswar,Odisha,India
CUS009373,STANDARD,Surat,Gujarat,India
CUS009374,PREMIUM,Vijayawada,Andhra Pradesh,India
CUS009375,PREMIUM,Ahmedabad,Gujarat,India
CUS009376,STANDARD,Indore,Madhya Pradesh,India
CUS009377,PREMIUM,Nashik,Maharashtra,India
CUS009378,STANDARD,Chandigarh,Chandigarh,India
CUS009379,VIP,Chandigarh,Chandigarh,India
CUS009380,STANDARD,Chennai,Tamil Nadu,India
CUS009381,PREMIUM,Mysuru,Karnataka,India
CUS009382,STANDARD,Hyderabad,Telangana,India
CUS009383,STANDARD,Pune,Maharashtra,India
CUS009384,STANDARD,Pune,Maharashtra,India
CUS009385,STANDARD,Thiruvananthapuram,Kerala,India
CUS009386,STANDARD,Bhopal,Madhya Pradesh,India
CUS009387,STANDARD,Madurai,Tamil Nadu,India
CUS009388,STANDARD,Bengaluru,Karnataka,India
CUS009389,STANDARD,Hyderabad,Telangana,India
CUS009390,STANDARD,Kolkata,West Bengal,India
CUS009391,PREMIUM,Nagpur,Maharashtra,India
CUS009392,VIP,Mysuru,Karnataka,India
CUS009393,PREMIUM,Mysuru,Karnataka,India
CUS009394,STANDARD,Mumbai,Maharashtra,India
CUS009395,STANDARD,Mysuru,Karnataka,India
CUS009396,VIP,Gurugram,Haryana,India
CUS009397,STANDARD,Nagpur,Maharashtra,India
CUS009398,PREMIUM,Kolkata,West Bengal,India
CUS009399,STANDARD,Jaipur,Rajasthan,India
CUS009400,STANDARD,Coimbatore,Tamil Nadu,India
CUS009401,STANDARD,Nashik,Maharashtra,India
CUS009402,STANDARD,Bhubaneswar,Odisha,India
CUS009403,STANDARD,Chennai,Tamil Nadu,India
CUS009404,PREMIUM,Gurugram,Haryana,India
CUS009405,PREMIUM,Noida,Uttar Pradesh,India
CUS009406,STANDARD,Chandigarh,Chandigarh,India
CUS009407,STANDARD,Lucknow,Uttar Pradesh,India
CUS009408,STANDARD,Bengaluru,Karnataka,India
CUS009409,PREMIUM,Bhubaneswar,Odisha,India
CUS009410,PREMIUM,Bhubaneswar,Odisha,India
CUS009411,VIP,Nagpur,Maharashtra,India
CUS009412,PREMIUM,Ahmedabad,Gujarat,India
CUS009413,PREMIUM,Bhopal,Madhya Pradesh,India
CUS009414,PREMIUM,Mysuru,Karnataka,India
CUS009415,STANDARD,Thiruvananthapuram,Kerala,India
CUS009416,PREMIUM,Nashik,Maharashtra,India
CUS009417,STANDARD,Bhubaneswar,Odisha,India
CUS009418,PREMIUM,Mysuru,Karnataka,India
CUS009419,VIP,Nagpur,Maharashtra,India
CUS009420,STANDARD,Chennai,Tamil Nadu,India
CUS009421,STANDARD,Indore,Madhya Pradesh,India
CUS009422,STANDARD,Delhi,Delhi,India
CUS009423,PREMIUM,Nashik,Maharashtra,India
CUS009424,STANDARD,Mumbai,Maharashtra,India
CUS009425,STANDARD,Vijayawada,Andhra Pradesh,India
CUS009426,STANDARD,Vijayawada,Andhra Pradesh,India
CUS009427,PREMIUM,Madurai,Tamil Nadu,India
CUS009428,STANDARD,Nashik,Maharashtra,India
CUS009429,PREMIUM,Gurugram,Haryana,India
CUS009430,STANDARD,Ahmedabad,Gujarat,India
CUS009431,STANDARD,Nagpur,Maharashtra,India
CUS009432,STANDARD,Gurugram,Haryana,India
CUS009433,PREMIUM,Kochi,Kerala,India
CUS009434,STANDARD,Bhopal,Madhya Pradesh,India
CUS009435,STANDARD,Kochi,Kerala,India
CUS009436,STANDARD,Vijayawada,Andhra Pradesh,India
CUS009437,VIP,Indore,Madhya Pradesh,India
CUS009438,STANDARD,Delhi,Delhi,India
CUS009439,VIP,Indore,Madhya Pradesh,India
CUS009440,STANDARD,Kolkata,West Bengal,India
CUS009441,STANDARD,Hyderabad,Telangana,India
CUS009442,PREMIUM,Thiruvananthapuram,Kerala,India
CUS009443,PREMIUM,Bengaluru,Karnataka,India
CUS009444,VIP,Chandigarh,Chandigarh,India
CUS009445,STANDARD,Bhubaneswar,Odisha,India
CUS009446,PREMIUM,Vijayawada,Andhra Pradesh,India
CUS009447,STANDARD,Lucknow,Uttar Pradesh,India
CUS009448,STANDARD,Hyderabad,Telangana,India
CUS009449,VIP,Jaipur,Rajasthan,India
CUS009450,STANDARD,Madurai,Tamil Nadu,India
CUS009451,STANDARD,Kolkata,West Bengal,India
CUS009452,STANDARD,Coimbatore,Tamil Nadu,India
CUS009453,PREMIUM,Madurai,Tamil Nadu,India
CUS009454,PREMIUM,Hyderabad,Telangana,India
CUS009455,STANDARD,Mysuru,Karnataka,India
CUS009456,PREMIUM,Lucknow,Uttar Pradesh,India
CUS009457,VIP,Nashik,Maharashtra,India
CUS009458,STANDARD,Hyderabad,Telangana,India
CUS009459,PREMIUM,Kochi,Kerala,India
CUS009460,STANDARD,Vijayawada,Andhra Pradesh,India
CUS009461,PREMIUM,Nashik,Maharashtra,India
CUS009462,STANDARD,Surat,Gujarat,India
CUS009463,STANDARD,Indore,Madhya Pradesh,India
CUS009464,STANDARD,Bhopal,Madhya Pradesh,India
CUS009465,STANDARD,Surat,Gujarat,India
CUS009466,PREMIUM,Kochi,Kerala,India
CUS009467,VIP,Nashik,Maharashtra,India
CUS009468,STANDARD,Lucknow,Uttar Pradesh,India
CUS009469,STANDARD,Bhopal,Madhya Pradesh,India
CUS009470,STANDARD,Lucknow,Uttar Pradesh,India
CUS009471,STANDARD,Indore,Madhya Pradesh,India
CUS009472,STANDARD,Indore,Madhya Pradesh,India
CUS009473,PREMIUM,Thiruvananthapuram,Kerala,India
CUS009474,STANDARD,Delhi,Delhi,India
CUS009475,STANDARD,Bengaluru,Karnataka,India
CUS009476,STANDARD,Surat,Gujarat,India
CUS009477,STANDARD,Kochi,Kerala,India
CUS009478,STANDARD,Bhopal,Madhya Pradesh,India
CUS009479,STANDARD,Bhopal,Madhya Pradesh,India
CUS009480,STANDARD,Hyderabad,Telangana,India
CUS009481,STANDARD,Chennai,Tamil Nadu,India
CUS009482,STANDARD,Visakhapatnam,Andhra Pradesh,India
CUS009483,VIP,Delhi,Delhi,India
CUS009484,STANDARD,Kochi,Kerala,India
CUS009485,STANDARD,Coimbatore,Tamil Nadu,India
CUS009486,PREMIUM,Hyderabad,Telangana,India
CUS009487,PREMIUM,Thiruvananthapuram,Kerala,India
CUS009488,STANDARD,Thiruvananthapuram,Kerala,India
CUS009489,VIP,Visakhapatnam,Andhra Pradesh,India
CUS009490,VIP,Noida,Uttar Pradesh,India
CUS009491,STANDARD,Delhi,Delhi,India
CUS009492,STANDARD,Madurai,Tamil Nadu,India
CUS009493,VIP,Noida,Uttar Pradesh,India
CUS009494,STANDARD,Thiruvananthapuram,Kerala,India
CUS009495,PREMIUM,Vijayawada,Andhra Pradesh,India
CUS009496,PREMIUM,Bengaluru,Karnataka,India
CUS009497,STANDARD,Pune,Maharashtra,India
CUS009498,PREMIUM,Mumbai,Maharashtra,India
CUS009499,STANDARD,Visakhapatnam,Andhra Pradesh,India
CUS009500,STANDARD,Pune,Maharashtra,India
CUS009501,PREMIUM,Indore,Madhya Pradesh,India
CUS009502,STANDARD,Kolkata,West Bengal,India
CUS009503,PREMIUM,Noida,Uttar Pradesh,India
CUS009504,STANDARD,Nashik,Maharashtra,India
CUS009505,STANDARD,Delhi,Delhi,India
CUS009506,STANDARD,Bengaluru,Karnataka,India
CUS009507,STANDARD,Hyderabad,Telangana,India
CUS009508,PREMIUM,Vijayawada,Andhra Pradesh,India
CUS009509,PREMIUM,Nagpur,Maharashtra,India
CUS009510,STANDARD,Visakhapatnam,Andhra Pradesh,India
CUS009511,VIP,Mysuru,Karnataka,India
CUS009512,PREMIUM,Lucknow,Uttar Pradesh,India
CUS009513,VIP,Noida,Uttar Pradesh,India
CUS009514,PREMIUM,Bengaluru,Karnataka,India
CUS009515,STANDARD,Madurai,Tamil Nadu,India
CUS009516,PREMIUM,Gurugram,Haryana,India
CUS009517,PREMIUM,Lucknow,Uttar Pradesh,India
CUS009518,STANDARD,Delhi,Delhi,India
CUS009519,STANDARD,Bhubaneswar,Odisha,India
CUS009520,PREMIUM,Kochi,Kerala,India
CUS009521,STANDARD,Madurai,Tamil Nadu,India
CUS009522,PREMIUM,Ahmedabad,Gujarat,India
CUS009523,STANDARD,Kochi,Kerala,India
CUS009524,STANDARD,Nashik,Maharashtra,India
CUS009525,STANDARD,Indore,Madhya Pradesh,India
CUS009526,STANDARD,Kolkata,West Bengal,India
CUS009527,STANDARD,Bhopal,Madhya Pradesh,India
CUS009528,VIP,Bengaluru,Karnataka,India
CUS009529,STANDARD,Kolkata,West Bengal,India
CUS009530,PREMIUM,Indore,Madhya Pradesh,India
CUS009531,STANDARD,Mumbai,Maharashtra,India
CUS009532,STANDARD,Surat,Gujarat,India
CUS009533,STANDARD,Lucknow,Uttar Pradesh,India
CUS009534,STANDARD,Bengaluru,Karnataka,India
CUS009535,VIP,Bhubaneswar,Odisha,India
CUS009536,PREMIUM,Ahmedabad,Gujarat,India
CUS009537,PREMIUM,Surat,Gujarat,India
CUS009538,VIP,Gurugram,Haryana,India
CUS009539,PREMIUM,Vijayawada,Andhra Pradesh,India
CUS009540,STANDARD,Mumbai,Maharashtra,India
CUS009541,STANDARD,Mumbai,Maharashtra,India
CUS009542,VIP,Bhubaneswar,Odisha,India
CUS009543,PREMIUM,Bhubaneswar,Odisha,India
CUS009544,PREMIUM,Hyderabad,Telangana,India
CUS009545,STANDARD,Chennai,Tamil Nadu,India
CUS009546,STANDARD,Vijayawada,Andhra Pradesh,India
CUS009547,STANDARD,Gurugram,Haryana,India
CUS009548,STANDARD,Indore,Madhya Pradesh,India
CUS009549,PREMIUM,Indore,Madhya Pradesh,India
CUS009550,VIP,Bengaluru,Karnataka,India
CUS009551,STANDARD,Chandigarh,Chandigarh,India
CUS009552,STANDARD,Surat,Gujarat,India
CUS009553,PREMIUM,Kochi,Kerala,India
CUS009554,PREMIUM,Thiruvananthapuram,Kerala,India
CUS009555,PREMIUM,Surat,Gujarat,India
CUS009556,STANDARD,Coimbatore,Tamil Nadu,India
CUS009557,PREMIUM,Madurai,Tamil Nadu,India
CUS009558,STANDARD,Jaipur,Rajasthan,India
CUS009559,STANDARD,Lucknow,Uttar Pradesh,India
CUS009560,STANDARD,Pune,Maharashtra,India
CUS009561,PREMIUM,Coimbatore,Tamil Nadu,India
CUS009562,STANDARD,Bhubaneswar,Odisha,India
CUS009563,STANDARD,Ahmedabad,Gujarat,India
CUS009564,STANDARD,Vijayawada,Andhra Pradesh,India
CUS009565,PREMIUM,Hyderabad,Telangana,India
CUS009566,VIP,Mumbai,Maharashtra,India
CUS009567,STANDARD,Nagpur,Maharashtra,India
CUS009568,STANDARD,Surat,Gujarat,India
CUS009569,PREMIUM,Lucknow,Uttar Pradesh,India
CUS009570,STANDARD,Pune,Maharashtra,India
CUS009571,PREMIUM,Visakhapatnam,Andhra Pradesh,India
CUS009572,VIP,Ahmedabad,Gujarat,India
CUS009573,STANDARD,Nagpur,Maharashtra,India
CUS009574,PREMIUM,Thiruvananthapuram,Kerala,India
CUS009575,VIP,Visakhapatnam,Andhra Pradesh,India
CUS009576,STANDARD,Delhi,Delhi,India
CUS009577,STANDARD,Indore,Madhya Pradesh,India
CUS009578,STANDARD,Noida,Uttar Pradesh,India
CUS009579,STANDARD,Nashik,Maharashtra,India
CUS009580,STANDARD,Bengaluru,Karnataka,India
CUS009581,PREMIUM,Surat,Gujarat,India
CUS009582,STANDARD,Nashik,Maharashtra,India
CUS009583,PREMIUM,Kochi,Kerala,India
CUS009584,STANDARD,Visakhapatnam,Andhra Pradesh,India
CUS009585,STANDARD,Nagpur,Maharashtra,India
CUS009586,PREMIUM,Lucknow,Uttar Pradesh,India
CUS009587,STANDARD,Nashik,Maharashtra,India
CUS009588,STANDARD,Chandigarh,Chandigarh,India
CUS009589,PREMIUM,Chandigarh,Chandigarh,India
CUS009590,VIP,Ahmedabad,Gujarat,India
CUS009591,STANDARD,Kochi,Kerala,India
CUS009592,PREMIUM,Pune,Maharashtra,India
CUS009593,STANDARD,Bhopal,Madhya Pradesh,India
CUS009594,STANDARD,Ahmedabad,Gujarat,India
CUS009595,VIP,Thiruvananthapuram,Kerala,India
CUS009596,STANDARD,Indore,Madhya Pradesh,India
CUS009597,STANDARD,Vijayawada,Andhra Pradesh,India
CUS009598,PREMIUM,Chandigarh,Chandigarh,India
CUS009599,STANDARD,Chennai,Tamil Nadu,India
CUS009600,PREMIUM,Nagpur,Maharashtra,India
CUS009601,STANDARD,Surat,Gujarat,India
CUS009602,STANDARD,Surat,Gujarat,India
CUS009603,PREMIUM,Mumbai,Maharashtra,India
CUS009604,STANDARD,Bhopal,Madhya Pradesh,India
CUS009605,PREMIUM,Coimbatore,Tamil Nadu,India
CUS009606,VIP,Ahmedabad,Gujarat,India
CUS009607,STANDARD,Gurugram,Haryana,India
CUS009608,STANDARD,Indore,Madhya Pradesh,India
CUS009609,PREMIUM,Kochi,Kerala,India
CUS009610,VIP,Mumbai,Maharashtra,India
CUS009611,STANDARD,Bengaluru,Karnataka,India
CUS009612,STANDARD,Gurugram,Haryana,India
CUS009613,VIP,Lucknow,Uttar Pradesh,India
CUS009614,VIP,Pune,Maharashtra,India
CUS009615,STANDARD,Gurugram,Haryana,India
CUS009616,STANDARD,Noida,Uttar Pradesh,India
CUS009617,STANDARD,Delhi,Delhi,India
CUS009618,STANDARD,Visakhapatnam,Andhra Pradesh,India
CUS009619,PREMIUM,Thiruvananthapuram,Kerala,India
CUS009620,PREMIUM,Lucknow,Uttar Pradesh,India
CUS009621,STANDARD,Delhi,Delhi,India
CUS009622,VIP,Nashik,Maharashtra,India
CUS009623,STANDARD,Indore,Madhya Pradesh,India
CUS009624,VIP,Coimbatore,Tamil Nadu,India
CUS009625,STANDARD,Bhubaneswar,Odisha,India
CUS009626,PREMIUM,Thiruvananthapuram,Kerala,India
CUS009627,VIP,Delhi,Delhi,India
CUS009628,STANDARD,Nagpur,Maharashtra,India
CUS009629,PREMIUM,Vijayawada,Andhra Pradesh,India
CUS009630,STANDARD,Mumbai,Maharashtra,India
CUS009631,STANDARD,Coimbatore,Tamil Nadu,India
CUS009632,STANDARD,Ahmedabad,Gujarat,India
CUS009633,PREMIUM,Thiruvananthapuram,Kerala,India
CUS009634,STANDARD,Nashik,Maharashtra,India
CUS009635,STANDARD,Bhubaneswar,Odisha,India
CUS009636,STANDARD,Noida,Uttar Pradesh,India
CUS009637,PREMIUM,Delhi,Delhi,India
CUS009638,PREMIUM,Nashik,Maharashtra,India
CUS009639,VIP,Lucknow,Uttar Pradesh,India
CUS009640,STANDARD,Gurugram,Haryana,India
CUS009641,PREMIUM,Bhopal,Madhya Pradesh,India
CUS009642,PREMIUM,Bhopal,Madhya Pradesh,India
CUS009643,PREMIUM,Thiruvananthapuram,Kerala,India
CUS009644,PREMIUM,Surat,Gujarat,India
CUS009645,PREMIUM,Chennai,Tamil Nadu,India
CUS009646,PREMIUM,Gurugram,Haryana,India
CUS009647,VIP,Ahmedabad,Gujarat,India
CUS009648,STANDARD,Surat,Gujarat,India
CUS009649,PREMIUM,Visakhapatnam,Andhra Pradesh,India
CUS009650,PREMIUM,Gurugram,Haryana,India
CUS009651,PREMIUM,Chandigarh,Chandigarh,India
CUS009652,STANDARD,Bengaluru,Karnataka,India
CUS009653,PREMIUM,Bengaluru,Karnataka,India
CUS009654,VIP,Noida,Uttar Pradesh,India
CUS009655,STANDARD,Chandigarh,Chandigarh,India
CUS009656,PREMIUM,Noida,Uttar Pradesh,India
CUS009657,PREMIUM,Mysuru,Karnataka,India
CUS009658,PREMIUM,Bhubaneswar,Odisha,India
CUS009659,STANDARD,Visakhapatnam,Andhra Pradesh,India
CUS009660,STANDARD,Surat,Gujarat,India
CUS009661,VIP,Chandigarh,Chandigarh,India
CUS009662,STANDARD,Delhi,Delhi,India
CUS009663,VIP,Lucknow,Uttar Pradesh,India
CUS009664,PREMIUM,Bhopal,Madhya Pradesh,India
CUS009665,PREMIUM,Nashik,Maharashtra,India
CUS009666,PREMIUM,Vijayawada,Andhra Pradesh,India
CUS009667,PREMIUM,Kochi,Kerala,India
CUS009668,VIP,Bhopal,Madhya Pradesh,India
CUS009669,STANDARD,Delhi,Delhi,India
CUS009670,STANDARD,Kolkata,West Bengal,India
CUS009671,STANDARD,Ahmedabad,Gujarat,India
CUS009672,STANDARD,Chandigarh,Chandigarh,India
CUS009673,STANDARD,Lucknow,Uttar Pradesh,India
CUS009674,PREMIUM,Kolkata,West Bengal,India
CUS009675,STANDARD,Ahmedabad,Gujarat,India
CUS009676,PREMIUM,Lucknow,Uttar Pradesh,India
CUS009677,STANDARD,Ahmedabad,Gujarat,India
CUS009678,PREMIUM,Chennai,Tamil Nadu,India
CUS009679,STANDARD,Ahmedabad,Gujarat,India
CUS009680,STANDARD,Bengaluru,Karnataka,India
CUS009681,PREMIUM,Chennai,Tamil Nadu,India
CUS009682,STANDARD,Delhi,Delhi,India
CUS009683,PREMIUM,Pune,Maharashtra,India
CUS009684,STANDARD,Vijayawada,Andhra Pradesh,India
CUS009685,STANDARD,Delhi,Delhi,India
CUS009686,VIP,Bhopal,Madhya Pradesh,India
CUS009687,PREMIUM,Nagpur,Maharashtra,India
CUS009688,PREMIUM,Delhi,Delhi,India
CUS009689,STANDARD,Visakhapatnam,Andhra Pradesh,India
CUS009690,VIP,Hyderabad,Telangana,India
CUS009691,PREMIUM,Kochi,Kerala,India
CUS009692,VIP,Nagpur,Maharashtra,India
CUS009693,STANDARD,Bhubaneswar,Odisha,India
CUS009694,STANDARD,Visakhapatnam,Andhra Pradesh,India
CUS009695,STANDARD,Thiruvananthapuram,Kerala,India
CUS009696,STANDARD,Chennai,Tamil Nadu,India
CUS009697,STANDARD,Pune,Maharashtra,India
CUS009698,STANDARD,Bhubaneswar,Odisha,India
CUS009699,VIP,Bhubaneswar,Odisha,India
CUS009700,STANDARD,Bhopal,Madhya Pradesh,India
CUS009701,VIP,Chandigarh,Chandigarh,India
CUS009702,STANDARD,Mumbai,Maharashtra,India
CUS009703,STANDARD,Chennai,Tamil Nadu,India
CUS009704,VIP,Bhubaneswar,Odisha,India
CUS009705,VIP,Chandigarh,Chandigarh,India
CUS009706,STANDARD,Surat,Gujarat,India
CUS009707,VIP,Nagpur,Maharashtra,India
CUS009708,PREMIUM,Noida,Uttar Pradesh,India
CUS009709,STANDARD,Chandigarh,Chandigarh,India
CUS009710,PREMIUM,Visakhapatnam,Andhra Pradesh,India
CUS009711,STANDARD,Kochi,Kerala,India
CUS009712,VIP,Pune,Maharashtra,India
CUS009713,PREMIUM,Indore,Madhya Pradesh,India
CUS009714,VIP,Mumbai,Maharashtra,India
CUS009715,STANDARD,Delhi,Delhi,India
CUS009716,PREMIUM,Chennai,Tamil Nadu,India
CUS009717,STANDARD,Thiruvananthapuram,Kerala,India
CUS009718,PREMIUM,Chandigarh,Chandigarh,India
CUS009719,STANDARD,Kochi,Kerala,India
CUS009720,STANDARD,Bhubaneswar,Odisha,India
CUS009721,STANDARD,Bengaluru,Karnataka,India
CUS009722,PREMIUM,Nagpur,Maharashtra,India
CUS009723,PREMIUM,Delhi,Delhi,India
CUS009724,PREMIUM,Thiruvananthapuram,Kerala,India
CUS009725,PREMIUM,Ahmedabad,Gujarat,India
CUS009726,PREMIUM,Mysuru,Karnataka,India
CUS009727,STANDARD,Kolkata,West Bengal,India
CUS009728,STANDARD,Delhi,Delhi,India
CUS009729,STANDARD,Bhubaneswar,Odisha,India
CUS009730,PREMIUM,Kolkata,West Bengal,India
CUS009731,STANDARD,Chandigarh,Chandigarh,India
CUS009732,PREMIUM,Chennai,Tamil Nadu,India
CUS009733,STANDARD,Vijayawada,Andhra Pradesh,India
CUS009734,PREMIUM,Kolkata,West Bengal,India
CUS009735,STANDARD,Visakhapatnam,Andhra Pradesh,India
CUS009736,PREMIUM,Pune,Maharashtra,India
CUS009737,STANDARD,Pune,Maharashtra,India
CUS009738,STANDARD,Thiruvananthapuram,Kerala,India
CUS009739,PREMIUM,Lucknow,Uttar Pradesh,India
CUS009740,VIP,Coimbatore,Tamil Nadu,India
CUS009741,STANDARD,Chennai,Tamil Nadu,India
CUS009742,VIP,Coimbatore,Tamil Nadu,India
CUS009743,STANDARD,Kolkata,West Bengal,India
CUS009744,STANDARD,Kolkata,West Bengal,India
CUS009745,PREMIUM,Madurai,Tamil Nadu,India
CUS009746,STANDARD,Surat,Gujarat,India
CUS009747,PREMIUM,Lucknow,Uttar Pradesh,India
CUS009748,STANDARD,Delhi,Delhi,India
CUS009749,STANDARD,Kolkata,West Bengal,India
CUS009750,STANDARD,Chennai,Tamil Nadu,India
CUS009751,STANDARD,Thiruvananthapuram,Kerala,India
CUS009752,STANDARD,Coimbatore,Tamil Nadu,India
CUS009753,PREMIUM,Gurugram,Haryana,India
CUS009754,VIP,Madurai,Tamil Nadu,India
CUS009755,PREMIUM,Pune,Maharashtra,India
CUS009756,STANDARD,Bhopal,Madhya Pradesh,India
CUS009757,PREMIUM,Kochi,Kerala,India
CUS009758,PREMIUM,Pune,Maharashtra,India
CUS009759,STANDARD,Noida,Uttar Pradesh,India
CUS009760,PREMIUM,Hyderabad,Telangana,India
CUS009761,PREMIUM,Jaipur,Rajasthan,India
CUS009762,PREMIUM,Visakhapatnam,Andhra Pradesh,India
CUS009763,STANDARD,Coimbatore,Tamil Nadu,India
CUS009764,PREMIUM,Bhubaneswar,Odisha,India
CUS009765,VIP,Bhubaneswar,Odisha,India
CUS009766,STANDARD,Kolkata,West Bengal,India
CUS009767,STANDARD,Delhi,Delhi,India
CUS009768,STANDARD,Pune,Maharashtra,India
CUS009769,STANDARD,Chandigarh,Chandigarh,India
CUS009770,PREMIUM,Nashik,Maharashtra,India
CUS009771,PREMIUM,Bengaluru,Karnataka,India
CUS009772,PREMIUM,Nashik,Maharashtra,India
CUS009773,VIP,Kolkata,West Bengal,India
CUS009774,STANDARD,Mumbai,Maharashtra,India
CUS009775,VIP,Kochi,Kerala,India
CUS009776,VIP,Bengaluru,Karnataka,India
CUS009777,PREMIUM,Gurugram,Haryana,India
CUS009778,PREMIUM,Vijayawada,Andhra Pradesh,India
CUS009779,PREMIUM,Lucknow,Uttar Pradesh,India
CUS009780,PREMIUM,Noida,Uttar Pradesh,India
CUS009781,STANDARD,Bhopal,Madhya Pradesh,India
CUS009782,VIP,Kolkata,West Bengal,India
CUS009783,PREMIUM,Nagpur,Maharashtra,India
CUS009784,STANDARD,Bengaluru,Karnataka,India
CUS009785,VIP,Delhi,Delhi,India
CUS009786,STANDARD,Nagpur,Maharashtra,India
CUS009787,PREMIUM,Bhopal,Madhya Pradesh,India
CUS009788,VIP,Jaipur,Rajasthan,India
CUS009789,VIP,Mysuru,Karnataka,India
CUS009790,PREMIUM,Gurugram,Haryana,India
CUS009791,VIP,Surat,Gujarat,India
CUS009792,VIP,Thiruvananthapuram,Kerala,India
CUS009793,STANDARD,Indore,Madhya Pradesh,India
CUS009794,STANDARD,Hyderabad,Telangana,India
CUS009795,STANDARD,Gurugram,Haryana,India
CUS009796,PREMIUM,Lucknow,Uttar Pradesh,India
CUS009797,VIP,Bhubaneswar,Odisha,India
CUS009798,STANDARD,Delhi,Delhi,India
CUS009799,VIP,Indore,Madhya Pradesh,India
CUS009800,PREMIUM,Kolkata,West Bengal,India
CUS009801,STANDARD,Noida,Uttar Pradesh,India
CUS009802,STANDARD,Mysuru,Karnataka,India
CUS009803,PREMIUM,Nagpur,Maharashtra,India
CUS009804,PREMIUM,Pune,Maharashtra,India
CUS009805,VIP,Mysuru,Karnataka,India
CUS009806,STANDARD,Madurai,Tamil Nadu,India
CUS009807,STANDARD,Coimbatore,Tamil Nadu,India
CUS009808,STANDARD,Bhubaneswar,Odisha,India
CUS009809,STANDARD,Pune,Maharashtra,India
CUS009810,STANDARD,Madurai,Tamil Nadu,India
CUS009811,VIP,Indore,Madhya Pradesh,India
CUS009812,STANDARD,Coimbatore,Tamil Nadu,India
CUS009813,VIP,Ahmedabad,Gujarat,India
CUS009814,STANDARD,Gurugram,Haryana,India
CUS009815,VIP,Noida,Uttar Pradesh,India
CUS009816,VIP,Mumbai,Maharashtra,India
CUS009817,PREMIUM,Nagpur,Maharashtra,India
CUS009818,STANDARD,Madurai,Tamil Nadu,India
CUS009819,STANDARD,Hyderabad,Telangana,India
CUS009820,PREMIUM,Mysuru,Karnataka,India
CUS009821,PREMIUM,Surat,Gujarat,India
CUS009822,STANDARD,Kolkata,West Bengal,India
CUS009823,STANDARD,Bhubaneswar,Odisha,India
CUS009824,STANDARD,Indore,Madhya Pradesh,India
CUS009825,STANDARD,Coimbatore,Tamil Nadu,India
CUS009826,VIP,Ahmedabad,Gujarat,India
CUS009827,PREMIUM,Kolkata,West Bengal,India
CUS009828,STANDARD,Gurugram,Haryana,India
CUS009829,VIP,Chennai,Tamil Nadu,India
CUS009830,PREMIUM,Delhi,Delhi,India
CUS009831,VIP,Jaipur,Rajasthan,India
CUS009832,VIP,Pune,Maharashtra,India
CUS009833,STANDARD,Bhopal,Madhya Pradesh,India
CUS009834,STANDARD,Pune,Maharashtra,India
CUS009835,VIP,Thiruvananthapuram,Kerala,India
CUS009836,STANDARD,Pune,Maharashtra,India
CUS009837,STANDARD,Lucknow,Uttar Pradesh,India
CUS009838,STANDARD,Noida,Uttar Pradesh,India
CUS009839,STANDARD,Bhubaneswar,Odisha,India
CUS009840,PREMIUM,Noida,Uttar Pradesh,India
CUS009841,PREMIUM,Bengaluru,Karnataka,India
CUS009842,VIP,Chennai,Tamil Nadu,India
CUS009843,PREMIUM,Nashik,Maharashtra,India
CUS009844,STANDARD,Indore,Madhya Pradesh,India
CUS009845,STANDARD,Chandigarh,Chandigarh,India
CUS009846,STANDARD,Chandigarh,Chandigarh,India
CUS009847,STANDARD,Nagpur,Maharashtra,India
CUS009848,PREMIUM,Bhopal,Madhya Pradesh,India
CUS009849,PREMIUM,Visakhapatnam,Andhra Pradesh,India
CUS009850,VIP,Visakhapatnam,Andhra Pradesh,India
CUS009851,STANDARD,Chandigarh,Chandigarh,India
CUS009852,STANDARD,Ahmedabad,Gujarat,India
CUS009853,STANDARD,Jaipur,Rajasthan,India
CUS009854,PREMIUM,Lucknow,Uttar Pradesh,India
CUS009855,VIP,Nagpur,Maharashtra,India
CUS009856,STANDARD,Thiruvananthapuram,Kerala,India
CUS009857,STANDARD,Vijayawada,Andhra Pradesh,India
CUS009858,PREMIUM,Delhi,Delhi,India
CUS009859,STANDARD,Kochi,Kerala,India
CUS009860,STANDARD,Lucknow,Uttar Pradesh,India
CUS009861,STANDARD,Hyderabad,Telangana,India
CUS009862,STANDARD,Indore,Madhya Pradesh,India
CUS009863,PREMIUM,Nagpur,Maharashtra,India
CUS009864,PREMIUM,Bhubaneswar,Odisha,India
CUS009865,STANDARD,Vijayawada,Andhra Pradesh,India
CUS009866,STANDARD,Madurai,Tamil Nadu,India
CUS009867,PREMIUM,Visakhapatnam,Andhra Pradesh,India
CUS009868,PREMIUM,Hyderabad,Telangana,India
CUS009869,PREMIUM,Indore,Madhya Pradesh,India
CUS009870,STANDARD,Mumbai,Maharashtra,India
CUS009871,STANDARD,Gurugram,Haryana,India
CUS009872,STANDARD,Mumbai,Maharashtra,India
CUS009873,STANDARD,Surat,Gujarat,India
CUS009874,PREMIUM,Chennai,Tamil Nadu,India
CUS009875,PREMIUM,Nashik,Maharashtra,India
CUS009876,PREMIUM,Delhi,Delhi,India
CUS009877,STANDARD,Kolkata,West Bengal,India
CUS009878,VIP,Lucknow,Uttar Pradesh,India
CUS009879,STANDARD,Madurai,Tamil Nadu,India
CUS009880,VIP,Vijayawada,Andhra Pradesh,India
CUS009881,PREMIUM,Bhopal,Madhya Pradesh,India
CUS009882,VIP,Bengaluru,Karnataka,India
CUS009883,PREMIUM,Mysuru,Karnataka,India
CUS009884,VIP,Nashik,Maharashtra,India
CUS009885,STANDARD,Hyderabad,Telangana,India
CUS009886,VIP,Jaipur,Rajasthan,India
CUS009887,PREMIUM,Noida,Uttar Pradesh,India
CUS009888,PREMIUM,Coimbatore,Tamil Nadu,India
CUS009889,STANDARD,Chandigarh,Chandigarh,India
CUS009890,STANDARD,Delhi,Delhi,India
CUS009891,STANDARD,Nagpur,Maharashtra,India
CUS009892,STANDARD,Jaipur,Rajasthan,India
CUS009893,STANDARD,Chandigarh,Chandigarh,India
CUS009894,VIP,Kolkata,West Bengal,India
CUS009895,PREMIUM,Bhubaneswar,Odisha,India
CUS009896,STANDARD,Mysuru,Karnataka,India
CUS009897,STANDARD,Ahmedabad,Gujarat,India
CUS009898,STANDARD,Lucknow,Uttar Pradesh,India
CUS009899,PREMIUM,Madurai,Tamil Nadu,India
CUS009900,STANDARD,Vijayawada,Andhra Pradesh,India
CUS009901,PREMIUM,Mumbai,Maharashtra,India
CUS009902,PREMIUM,Delhi,Delhi,India
CUS009903,STANDARD,Noida,Uttar Pradesh,India
CUS009904,STANDARD,Indore,Madhya Pradesh,India
CUS009905,PREMIUM,Noida,Uttar Pradesh,India
CUS009906,PREMIUM,Jaipur,Rajasthan,India
CUS009907,STANDARD,Delhi,Delhi,India
CUS009908,PREMIUM,Lucknow,Uttar Pradesh,India
CUS009909,STANDARD,Bengaluru,Karnataka,India
CUS009910,PREMIUM,Chennai,Tamil Nadu,India
CUS009911,STANDARD,Nagpur,Maharashtra,India
CUS009912,STANDARD,Bengaluru,Karnataka,India
CUS009913,VIP,Bhopal,Madhya Pradesh,India
CUS009914,STANDARD,Indore,Madhya Pradesh,India
CUS009915,PREMIUM,Delhi,Delhi,India
CUS009916,PREMIUM,Ahmedabad,Gujarat,India
CUS009917,STANDARD,Indore,Madhya Pradesh,India
CUS009918,VIP,Coimbatore,Tamil Nadu,India
CUS009919,STANDARD,Mumbai,Maharashtra,India
CUS009920,PREMIUM,Lucknow,Uttar Pradesh,India
CUS009921,PREMIUM,Madurai,Tamil Nadu,India
CUS009922,VIP,Hyderabad,Telangana,India
CUS009923,PREMIUM,Pune,Maharashtra,India
CUS009924,STANDARD,Bhopal,Madhya Pradesh,India
CUS009925,VIP,Nashik,Maharashtra,India
CUS009926,PREMIUM,Delhi,Delhi,India
CUS009927,STANDARD,Bhubaneswar,Odisha,India
CUS009928,STANDARD,Pune,Maharashtra,India
CUS009929,PREMIUM,Pune,Maharashtra,India
CUS009930,STANDARD,Noida,Uttar Pradesh,India
CUS009931,PREMIUM,Madurai,Tamil Nadu,India
CUS009932,STANDARD,Jaipur,Rajasthan,India
CUS009933,STANDARD,Bhubaneswar,Odisha,India
CUS009934,STANDARD,Madurai,Tamil Nadu,India
CUS009935,PREMIUM,Thiruvananthapuram,Kerala,India
CUS009936,STANDARD,Nagpur,Maharashtra,India
CUS009937,STANDARD,Indore,Madhya Pradesh,India
CUS009938,STANDARD,Nashik,Maharashtra,India
CUS009939,STANDARD,Bhubaneswar,Odisha,India
CUS009940,STANDARD,Bengaluru,Karnataka,India
CUS009941,STANDARD,Coimbatore,Tamil Nadu,India
CUS009942,PREMIUM,Hyderabad,Telangana,India
CUS009943,STANDARD,Ahmedabad,Gujarat,India
CUS009944,PREMIUM,Hyderabad,Telangana,India
CUS009945,PREMIUM,Nashik,Maharashtra,India
CUS009946,PREMIUM,Kochi,Kerala,India
CUS009947,PREMIUM,Hyderabad,Telangana,India
CUS009948,STANDARD,Kochi,Kerala,India
CUS009949,STANDARD,Jaipur,Rajasthan,India
CUS009950,STANDARD,Kolkata,West Bengal,India
CUS009951,VIP,Mysuru,Karnataka,India
CUS009952,STANDARD,Pune,Maharashtra,India
CUS009953,STANDARD,Lucknow,Uttar Pradesh,India
CUS009954,STANDARD,Ahmedabad,Gujarat,India
CUS009955,PREMIUM,Chandigarh,Chandigarh,India
CUS009956,STANDARD,Visakhapatnam,Andhra Pradesh,India
CUS009957,STANDARD,Chennai,Tamil Nadu,India
CUS009958,PREMIUM,Lucknow,Uttar Pradesh,India
CUS009959,PREMIUM,Thiruvananthapuram,Kerala,India
CUS009960,PREMIUM,Indore,Madhya Pradesh,India
CUS009961,PREMIUM,Delhi,Delhi,India
CUS009962,STANDARD,Pune,Maharashtra,India
CUS009963,VIP,Lucknow,Uttar Pradesh,India
CUS009964,PREMIUM,Coimbatore,Tamil Nadu,India
CUS009965,STANDARD,Indore,Madhya Pradesh,India
CUS009966,STANDARD,Pune,Maharashtra,India
CUS009967,STANDARD,Thiruvananthapuram,Kerala,India
CUS009968,VIP,Visakhapatnam,Andhra Pradesh,India
CUS009969,STANDARD,Bhopal,Madhya Pradesh,India
CUS009970,STANDARD,Jaipur,Rajasthan,India
CUS009971,STANDARD,Kolkata,West Bengal,India
CUS009972,PREMIUM,Surat,Gujarat,India
CUS009973,STANDARD,Bhopal,Madhya Pradesh,India
CUS009974,STANDARD,Chandigarh,Chandigarh,India
CUS009975,PREMIUM,Mysuru,Karnataka,India
CUS009976,STANDARD,Gurugram,Haryana,India
CUS009977,PREMIUM,Bhopal,Madhya Pradesh,India
CUS009978,PREMIUM,Bengaluru,Karnataka,India
CUS009979,STANDARD,Chandigarh,Chandigarh,India
CUS009980,PREMIUM,Madurai,Tamil Nadu,India
CUS009981,PREMIUM,Bhopal,Madhya Pradesh,India
CUS009982,VIP,Jaipur,Rajasthan,India
CUS009983,PREMIUM,Hyderabad,Telangana,India
CUS009984,PREMIUM,Surat,Gujarat,India
CUS009985,VIP,Bhubaneswar,Odisha,India
CUS009986,PREMIUM,Mysuru,Karnataka,India
CUS009987,PREMIUM,Kochi,Kerala,India
CUS009988,PREMIUM,Bhubaneswar,Odisha,India
CUS009989,VIP,Indore,Madhya Pradesh,India
CUS009990,VIP,Thiruvananthapuram,Kerala,India
CUS009991,PREMIUM,Bhubaneswar,Odisha,India
CUS009992,PREMIUM,Nagpur,Maharashtra,India
CUS009993,STANDARD,Mysuru,Karnataka,India
CUS009994,STANDARD,Ahmedabad,Gujarat,India
CUS009995,PREMIUM,Surat,Gujarat,India
CUS009996,PREMIUM,Kochi,Kerala,India
CUS009997,STANDARD,Lucknow,Uttar Pradesh,India
CUS009998,PREMIUM,Chennai,Tamil Nadu,India
CUS009999,STANDARD,Nashik,Maharashtra,India
CUS010000,PREMIUM,Mumbai,Maharashtra,India
